experiment,sample,seed,source,width,height,frames,pix_fmt,structure,rc_mode,qp,variant,x265_params,raw_bytes,hevc_bytes,mp4_bytes,ratio_hevc,ratio_mp4,kbps,avg_qp,frames_I,frames_P,frames_B,avgqp_I,avgqp_P,avgqp_B,lossless_rc,encode_wall_s,encode_fps,identical,mae_all,mse_all,psnr_all,max_err_all,mae_Y,mse_Y,psnr_Y,max_err_Y,mae_U,mse_U,psnr_U,max_err_U,mae_V,mse_V,psnr_V,max_err_V,input_sha256,tools
core,0,4039043145,mt19937,64,64,10,yuv420p,IPB,lossless,,,frame-threads=1:pools=4:log-level=info:keyint=250:min-keyint=25:bframes=4:b-adapt=2:scenecut=0:lossless=1,61440,84919,85870,1.3821451822916666,1.3976236979166667,1652.26,4.0,1,2,7,4.0,4.0,4.0,True,0.0914,295.56,False,0.011523,0.529655,50.8909,99,0.012598,0.652539,49.9847,99,0.008691,0.246387,54.2146,39,0.010059,0.321387,53.0605,45,da1c9eb2b76a1c232403c63da9a455c94cf2aa9b2a18f828c056d87384ba9664,rd=3 psy-rd=2.00 early-skip rskip mode=1 signhide tmvp b-intra strong-intra-smoothing deblock sao
core,0,4039043145,mt19937,64,64,10,yuv420p,IPB,cqp,0,,frame-threads=1:pools=4:log-level=info:keyint=250:min-keyint=25:bframes=4:b-adapt=2:scenecut=0:qp=0,61440,94633,95584,1.5402506510416667,1.5557291666666666,1847.0,0.0,1,2,7,0.0,0.0,0.0,False,0.1013,198.58,False,0.162305,2.338411,44.4416,128,0.187598,2.616992,43.9528,110,0.125684,2.810059,43.6436,128,0.097754,0.752441,49.3661,45,da1c9eb2b76a1c232403c63da9a455c94cf2aa9b2a18f828c056d87384ba9664,rd=3 psy-rd=2.00 early-skip rskip mode=1 signhide tmvp b-intra strong-intra-smoothing deblock sao
core,0,4039043145,mt19937,64,64,10,yuv420p,IPB,cqp,4,,frame-threads=1:pools=4:log-level=info:keyint=250:min-keyint=25:bframes=4:b-adapt=2:scenecut=0:qp=4,61440,80850,81801,1.31591796875,1.331396484375,1570.82,4.9,1,2,7,1.0,4.0,5.71,False,0.0985,231.51,False,0.31818,0.900765,48.5847,106,0.332349,1.131421,47.5946,106,0.288086,0.351367,52.6732,25,0.291602,0.527539,50.9083,49,da1c9eb2b76a1c232403c63da9a455c94cf2aa9b2a18f828c056d87384ba9664,rd=3 psy-rd=2.00 early-skip rskip mode=1 signhide tmvp b-intra strong-intra-smoothing deblock sao
core,0,4039043145,mt19937,64,64,10,yuv420p,IPB,cqp,8,,frame-threads=1:pools=4:log-level=info:keyint=250:min-keyint=25:bframes=4:b-adapt=2:scenecut=0:qp=8,61440,70484,71435,1.1472005208333333,1.1626790364583333,1363.5,8.9,1,2,7,5.0,8.0,9.71,False,0.0908,248.26,False,0.578564,1.999105,45.1224,134,0.586304,2.062378,44.9871,134,0.573145,2.155957,44.7944,77,0.553027,1.58916,46.1191,65,da1c9eb2b76a1c232403c63da9a455c94cf2aa9b2a18f828c056d87384ba9664,rd=3 psy-rd=2.00 early-skip rskip mode=1 signhide tmvp b-intra strong-intra-smoothing deblock sao
core,0,4039043145,mt19937,64,64,10,yuv420p,IPB,cqp,10,,frame-threads=1:pools=4:log-level=info:keyint=250:min-keyint=25:bframes=4:b-adapt=2:scenecut=0:qp=10,61440,65759,66710,1.0702962239583333,1.0857747395833333,1268.98,10.9,1,2,7,7.0,10.0,11.71,False,0.1145,173.54,False,0.718815,1.202311,47.3306,79,0.727271,1.288794,47.029,79,0.699219,1.013672,48.0718,20,0.70459,1.04502,47.9396,26,da1c9eb2b76a1c232403c63da9a455c94cf2aa9b2a18f828c056d87384ba9664,rd=3 psy-rd=2.00 early-skip rskip mode=1 signhide tmvp b-intra strong-intra-smoothing deblock sao
core,0,4039043145,mt19937,64,64,10,yuv420p,IPB,cqp,12,,frame-threads=1:pools=4:log-level=info:keyint=250:min-keyint=25:bframes=4:b-adapt=2:scenecut=0:qp=12,61440,62003,62954,1.0091634114583334,1.0246419270833333,1193.86,12.9,1,2,7,9.0,12.0,13.71,False,0.093,261.9,False,0.910173,2.119613,44.8682,100,0.913696,2.267505,44.5753,100,0.908887,1.83877,45.4855,40,0.897363,1.808887,45.5567,44,da1c9eb2b76a1c232403c63da9a455c94cf2aa9b2a18f828c056d87384ba9664,rd=3 psy-rd=2.00 early-skip rskip mode=1 signhide tmvp b-intra strong-intra-smoothing deblock sao
core,0,4039043145,mt19937,64,64,10,yuv420p,IPB,cqp,14,,frame-threads=1:pools=4:log-level=info:keyint=250:min-keyint=25:bframes=4:b-adapt=2:scenecut=0:qp=14,61440,58678,59629,0.9550455729166667,0.9705240885416667,1127.36,14.9,1,2,7,11.0,14.0,15.71,False,0.1034,185.18,False,1.140365,2.385807,44.3544,40,1.133203,2.370068,44.3832,40,1.159668,2.46123,44.2193,26,1.149707,2.37334,44.3772,13,da1c9eb2b76a1c232403c63da9a455c94cf2aa9b2a18f828c056d87384ba9664,rd=3 psy-rd=2.00 early-skip rskip mode=1 signhide tmvp b-intra strong-intra-smoothing deblock sao
core,0,4039043145,mt19937,64,64,10,yuv420p,IPB,cqp,16,,frame-threads=1:pools=4:log-level=info:keyint=250:min-keyint=25:bframes=4:b-adapt=2:scenecut=0:qp=16,61440,55147,56098,0.8975748697916667,0.9130533854166667,1056.74,16.9,1,2,7,13.0,16.0,17.71,False,0.1158,181.3,False,1.437956,3.589518,42.5804,37,1.415918,3.494141,42.6974,37,1.490625,3.818945,42.3114,13,1.473437,3.741602,42.4002,21,da1c9eb2b76a1c232403c63da9a455c94cf2aa9b2a18f828c056d87384ba9664,rd=3 psy-rd=2.00 early-skip rskip mode=1 signhide tmvp b-intra strong-intra-smoothing deblock sao
core,0,4039043145,mt19937,64,64,10,yuv420p,IPB,cqp,18,,frame-threads=1:pools=4:log-level=info:keyint=250:min-keyint=25:bframes=4:b-adapt=2:scenecut=0:qp=18,61440,52115,53066,0.8482259114583334,0.8637044270833333,996.1,18.9,1,2,7,15.0,18.0,19.71,False,0.0917,232.43,False,1.873519,11.540446,37.5086,110,1.86604,12.919653,37.0183,110,1.877148,8.311328,38.9341,56,1.899805,9.252734,38.4681,64,da1c9eb2b76a1c232403c63da9a455c94cf2aa9b2a18f828c056d87384ba9664,rd=3 psy-rd=2.00 early-skip rskip mode=1 signhide tmvp b-intra strong-intra-smoothing deblock sao
core,0,4039043145,mt19937,64,64,10,yuv420p,IPB,cqp,20,,frame-threads=1:pools=4:log-level=info:keyint=250:min-keyint=25:bframes=4:b-adapt=2:scenecut=0:qp=20,61440,48532,49483,0.7899088541666667,0.8053873697916667,924.44,20.9,1,2,7,17.0,20.0,21.71,False,0.0901,237.69,False,2.343636,14.809424,36.4254,112,2.333008,16.160059,36.0464,112,2.364063,11.65625,37.4652,57,2.365723,12.560059,37.1409,65,da1c9eb2b76a1c232403c63da9a455c94cf2aa9b2a18f828c056d87384ba9664,rd=3 psy-rd=2.00 early-skip rskip mode=1 signhide tmvp b-intra strong-intra-smoothing deblock sao
core,0,4039043145,mt19937,64,64,10,yuv420p,IPB,cqp,24,,frame-threads=1:pools=4:log-level=info:keyint=250:min-keyint=25:bframes=4:b-adapt=2:scenecut=0:qp=24,61440,41640,42591,0.677734375,0.693212890625,786.6,24.9,1,2,7,21.0,24.0,25.71,False,0.1035,219.48,False,3.668896,28.128532,33.6393,117,3.660303,29.700488,33.4032,117,3.69375,24.635547,34.2152,59,3.678418,25.333691,34.0938,68,da1c9eb2b76a1c232403c63da9a455c94cf2aa9b2a18f828c056d87384ba9664,rd=3 psy-rd=2.00 early-skip rskip mode=1 signhide tmvp b-intra strong-intra-smoothing deblock sao
core,0,4039043145,mt19937,64,64,10,yuv420p,IPB,cqp,28,,frame-threads=1:pools=4:log-level=info:keyint=250:min-keyint=25:bframes=4:b-adapt=2:scenecut=0:qp=28,61440,36307,37258,0.5909342447916667,0.6064127604166667,679.94,28.9,1,2,7,25.0,28.0,29.71,False,0.1021,178.78,False,5.49891,49.131982,31.2172,31,5.55459,50.215674,31.1224,31,5.389062,46.948828,31.4146,31,5.386035,46.980371,31.4116,27,da1c9eb2b76a1c232403c63da9a455c94cf2aa9b2a18f828c056d87384ba9664,rd=3 psy-rd=2.00 early-skip rskip mode=1 signhide tmvp b-intra strong-intra-smoothing deblock sao
core,0,4039043145,mt19937,64,64,10,yuv420p,IPB,cqp,32,,frame-threads=1:pools=4:log-level=info:keyint=250:min-keyint=25:bframes=4:b-adapt=2:scenecut=0:qp=32,61440,30461,31412,0.49578450520833334,0.5112630208333333,563.02,32.9,1,2,7,29.0,32.0,33.71,False,0.1004,207.49,False,8.580827,119.698796,27.3499,50,8.852832,127.210938,27.0856,50,8.076367,105.125195,27.9137,38,7.997266,104.223828,27.9511,47,da1c9eb2b76a1c232403c63da9a455c94cf2aa9b2a18f828c056d87384ba9664,rd=3 psy-rd=2.00 early-skip rskip mode=1 signhide tmvp b-intra strong-intra-smoothing deblock sao
core,0,4039043145,mt19937,64,64,10,yuv420p,IPB,cqp,36,,frame-threads=1:pools=4:log-level=info:keyint=250:min-keyint=25:bframes=4:b-adapt=2:scenecut=0:qp=36,61440,25235,26186,0.4107259114583333,0.42620442708333334,458.5,36.9,1,2,7,33.0,36.0,37.71,False,0.1119,174.54,False,12.860107,271.13807,23.7989,79,14.055688,319.208032,23.0901,79,10.424805,174.420312,25.7148,60,10.513086,175.575977,25.6862,61,da1c9eb2b76a1c232403c63da9a455c94cf2aa9b2a18f828c056d87384ba9664,rd=3 psy-rd=2.00 early-skip rskip mode=1 signhide tmvp b-intra strong-intra-smoothing deblock sao
core,0,4039043145,mt19937,64,64,10,yuv420p,IPB,cqp,40,,frame-threads=1:pools=4:log-level=info:keyint=250:min-keyint=25:bframes=4:b-adapt=2:scenecut=0:qp=40,61440,19703,20654,0.3206868489583333,0.33616536458333335,347.86,40.9,1,2,7,37.0,40.0,41.71,False,0.1073,171.37,False,19.094255,615.242757,20.2403,115,22.060229,784.619312,19.1842,115,13.162695,276.433398,23.7149,66,13.161914,276.545898,23.7131,70,da1c9eb2b76a1c232403c63da9a455c94cf2aa9b2a18f828c056d87384ba9664,rd=3 psy-rd=2.00 early-skip rskip mode=1 signhide tmvp b-intra strong-intra-smoothing deblock sao
core,0,4039043145,mt19937,64,64,10,yuv420p,IPB,cqp,44,,frame-threads=1:pools=4:log-level=info:keyint=250:min-keyint=25:bframes=4:b-adapt=2:scenecut=0:qp=44,61440,14146,15097,0.23024088541666668,0.24571940104166667,236.72,44.9,1,2,7,41.0,44.0,45.71,False,0.1077,179.48,False,29.18514,1453.23221,16.5075,185,34.697925,1915.878345,15.3071,185,18.252344,532.927344,20.8641,94,18.066797,522.952539,20.9462,96,da1c9eb2b76a1c232403c63da9a455c94cf2aa9b2a18f828c056d87384ba9664,rd=3 psy-rd=2.00 early-skip rskip mode=1 signhide tmvp b-intra strong-intra-smoothing deblock sao
core,0,4039043145,mt19937,64,64,10,yuv420p,IPB,cqp,48,,frame-threads=1:pools=4:log-level=info:keyint=250:min-keyint=25:bframes=4:b-adapt=2:scenecut=0:qp=48,61440,6281,7232,0.10222981770833334,0.11770833333333333,79.42,48.9,1,2,7,45.0,48.0,49.71,False,0.0669,488.64,False,53.85306,4461.33737,11.6362,219,53.221924,4300.175488,11.7959,219,54.895605,4736.779395,11.376,198,55.335059,4830.542871,11.2908,206,da1c9eb2b76a1c232403c63da9a455c94cf2aa9b2a18f828c056d87384ba9664,rd=3 psy-rd=2.00 early-skip rskip mode=1 signhide tmvp b-intra strong-intra-smoothing deblock sao
core,0,4039043145,mt19937,64,64,10,yuv420p,IPB,cqp,51,,frame-threads=1:pools=4:log-level=info:keyint=250:min-keyint=25:bframes=4:b-adapt=2:scenecut=0:qp=51,61440,3512,4463,0.05716145833333333,0.07263997395833334,24.04,51.9,1,2,7,48.0,51.0,52.71,False,0.059,1003.41,False,64.611833,6075.165999,10.2952,247,65.217627,6119.590381,10.2636,247,62.894727,5890.445898,10.4293,230,63.905762,6082.188574,10.2902,236,da1c9eb2b76a1c232403c63da9a455c94cf2aa9b2a18f828c056d87384ba9664,rd=3 psy-rd=2.00 early-skip rskip mode=1 signhide tmvp b-intra strong-intra-smoothing deblock sao
core,1,1411613979,mt19937,64,64,10,yuv420p,IPB,lossless,,,frame-threads=1:pools=4:log-level=info:keyint=250:min-keyint=25:bframes=4:b-adapt=2:scenecut=0:lossless=1,61440,84862,85813,1.3812174479166666,1.3966959635416667,1651.12,4.0,1,2,7,4.0,4.0,4.0,True,0.1116,199.45,False,6.5e-05,6.5e-05,89.9947,1,4.9e-05,4.9e-05,91.2441,1,9.8e-05,9.8e-05,88.2338,1,9.8e-05,9.8e-05,88.2338,1,a89b4fc48e2d78d0b90c3a35f95577b5ddeb7ee1edda023e1b2fe8629681814d,rd=3 psy-rd=2.00 early-skip rskip mode=1 signhide tmvp b-intra strong-intra-smoothing deblock sao
core,1,1411613979,mt19937,64,64,10,yuv420p,IPB,cqp,0,,frame-threads=1:pools=4:log-level=info:keyint=250:min-keyint=25:bframes=4:b-adapt=2:scenecut=0:qp=0,61440,94545,,1.538818359375,,1845.24,0.0,1,2,7,0.0,0.0,0.0,False,0.1032,222.07,False,0.130046,0.275618,53.7277,42,0.148804,0.222192,54.6635,42,0.088574,0.326074,52.9976,42,0.096484,0.438867,51.7075,29,a89b4fc48e2d78d0b90c3a35f95577b5ddeb7ee1edda023e1b2fe8629681814d,rd=3 psy-rd=2.00 early-skip rskip mode=1 signhide tmvp b-intra strong-intra-smoothing deblock sao
core,1,1411613979,mt19937,64,64,10,yuv420p,IPB,cqp,4,,frame-threads=1:pools=4:log-level=info:keyint=250:min-keyint=25:bframes=4:b-adapt=2:scenecut=0:qp=4,61440,80757,,1.314404296875,,1568.96,4.9,1,2,7,1.0,4.0,5.71,False,0.0932,289.42,False,0.320052,0.372656,52.4177,27,0.331665,0.350073,52.6892,14,0.301563,0.423633,51.8609,27,0.29209,0.412012,51.9817,26,a89b4fc48e2d78d0b90c3a35f95577b5ddeb7ee1edda023e1b2fe8629681814d,rd=3 psy-rd=2.00 early-skip rskip mode=1 signhide tmvp b-intra strong-intra-smoothing deblock sao
core,1,1411613979,mt19937,64,64,10,yuv420p,IPB,cqp,8,,frame-threads=1:pools=4:log-level=info:keyint=250:min-keyint=25:bframes=4:b-adapt=2:scenecut=0:qp=8,61440,69997,,1.1392740885416666,,1353.76,8.9,1,2,7,5.0,8.0,9.71,False,0.0982,204.44,False,0.565755,0.704818,49.65,13,0.574219,0.715918,49.5822,5,0.556445,0.694922,49.7114,13,0.541211,0.670312,49.868,12,a89b4fc48e2d78d0b90c3a35f95577b5ddeb7ee1edda023e1b2fe8629681814d,rd=3 psy-rd=2.00 early-skip rskip mode=1 signhide tmvp b-intra strong-intra-smoothing deblock sao
core,1,1411613979,mt19937,64,64,10,yuv420p,IPB,cqp,10,,frame-threads=1:pools=4:log-level=info:keyint=250:min-keyint=25:bframes=4:b-adapt=2:scenecut=0:qp=10,61440,65968,,1.0736979166666667,,1273.16,10.9,1,2,7,7.0,10.0,11.71,False,0.0846,281.83,False,0.708301,1.074642,47.8182,46,0.713647,1.030835,47.9989,16,0.695605,1.178418,47.4178,46,0.699609,1.146094,47.5386,42,a89b4fc48e2d78d0b90c3a35f95577b5ddeb7ee1edda023e1b2fe8629681814d,rd=3 psy-rd=2.00 early-skip rskip mode=1 signhide tmvp b-intra strong-intra-smoothing deblock sao
core,1,1411613979,mt19937,64,64,10,yuv420p,IPB,cqp,12,,frame-threads=1:pools=4:log-level=info:keyint=250:min-keyint=25:bframes=4:b-adapt=2:scenecut=0:qp=12,61440,61692,,1.0041015625,,1187.64,12.9,1,2,7,9.0,12.0,13.71,False,0.1056,184.65,False,0.909163,1.744189,45.7149,53,0.913184,1.823193,45.5225,53,0.902246,1.685254,45.8642,28,0.9,1.487109,46.4074,8,a89b4fc48e2d78d0b90c3a35f95577b5ddeb7ee1edda023e1b2fe8629681814d,rd=3 psy-rd=2.00 early-skip rskip mode=1 signhide tmvp b-intra strong-intra-smoothing deblock sao
core,1,1411613979,mt19937,64,64,10,yuv420p,IPB,cqp,14,,frame-threads=1:pools=4:log-level=info:keyint=250:min-keyint=25:bframes=4:b-adapt=2:scenecut=0:qp=14,61440,58358,,0.9498372395833333,,1120.96,14.9,1,2,7,11.0,14.0,15.71,False,0.0993,238.39,False,1.161654,2.556803,44.0538,26,1.155298,2.514917,44.1256,26,1.173926,2.634863,43.9232,25,1.174805,2.646289,43.9044,23,a89b4fc48e2d78d0b90c3a35f95577b5ddeb7ee1edda023e1b2fe8629681814d,rd=3 psy-rd=2.00 early-skip rskip mode=1 signhide tmvp b-intra strong-intra-smoothing deblock sao
core,1,1411613979,mt19937,64,64,10,yuv420p,IPB,cqp,16,,frame-threads=1:pools=4:log-level=info:keyint=250:min-keyint=25:bframes=4:b-adapt=2:scenecut=0:qp=16,61440,54914,,0.8937825520833333,,1052.08,16.9,1,2,7,13.0,16.0,17.71,False,0.0999,190.17,False,1.44738,3.587126,42.5833,12,1.435181,3.534497,42.6475,12,1.477734,3.722461,42.4225,8,1.46582,3.662305,42.4933,9,a89b4fc48e2d78d0b90c3a35f95577b5ddeb7ee1edda023e1b2fe8629681814d,rd=3 psy-rd=2.00 early-skip rskip mode=1 signhide tmvp b-intra strong-intra-smoothing deblock sao
core,1,1411613979,mt19937,64,64,10,yuv420p,IPB,cqp,18,,frame-threads=1:pools=4:log-level=info:keyint=250:min-keyint=25:bframes=4:b-adapt=2:scenecut=0:qp=18,61440,51663,,0.840869140625,,987.06,18.9,1,2,7,15.0,18.0,19.71,False,0.1096,186.51,False,1.79196,5.421745,40.7894,12,1.768823,5.283032,40.902,10,1.849512,5.808105,40.4905,12,1.826953,5.590234,40.6565,10,a89b4fc48e2d78d0b90c3a35f95577b5ddeb7ee1edda023e1b2fe8629681814d,rd=3 psy-rd=2.00 early-skip rskip mode=1 signhide tmvp b-intra strong-intra-smoothing deblock sao
core,1,1411613979,mt19937,64,64,10,yuv420p,IPB,cqp,20,,frame-threads=1:pools=4:log-level=info:keyint=250:min-keyint=25:bframes=4:b-adapt=2:scenecut=0:qp=20,61440,48104,,0.7829427083333333,,915.88,20.9,1,2,7,17.0,20.0,21.71,False,0.1114,185.78,False,2.261344,8.437809,38.8685,14,2.237451,8.260986,38.9605,13,2.29707,8.700391,38.7354,14,2.321191,8.88252,38.6454,12,a89b4fc48e2d78d0b90c3a35f95577b5ddeb7ee1edda023e1b2fe8629681814d,rd=3 psy-rd=2.00 early-skip rskip mode=1 signhide tmvp b-intra strong-intra-smoothing deblock sao
core,1,1411613979,mt19937,64,64,10,yuv420p,IPB,cqp,24,,frame-threads=1:pools=4:log-level=info:keyint=250:min-keyint=25:bframes=4:b-adapt=2:scenecut=0:qp=24,61440,41848,,0.6811197916666667,,790.76,24.9,1,2,7,21.0,24.0,25.71,False,0.094,213.89,False,3.583203,21.108594,34.8862,21,3.551392,20.768677,34.9567,21,3.641406,21.700195,34.7662,20,3.652246,21.87666,34.731,19,a89b4fc48e2d78d0b90c3a35f95577b5ddeb7ee1edda023e1b2fe8629681814d,rd=3 psy-rd=2.00 early-skip rskip mode=1 signhide tmvp b-intra strong-intra-smoothing deblock sao
core,1,1411613979,mt19937,64,64,10,yuv420p,IPB,cqp,28,,frame-threads=1:pools=4:log-level=info:keyint=250:min-keyint=25:bframes=4:b-adapt=2:scenecut=0:qp=28,61440,36110,,0.5877278645833334,,676.0,28.9,1,2,7,25.0,28.0,29.71,False,0.1104,162.77,False,5.509359,49.28846,31.2034,33,5.555713,50.396436,31.1068,33,5.43418,47.319141,31.3804,33,5.399121,46.825879,31.4259,29,a89b4fc48e2d78d0b90c3a35f95577b5ddeb7ee1edda023e1b2fe8629681814d,rd=3 psy-rd=2.00 early-skip rskip mode=1 signhide tmvp b-intra strong-intra-smoothing deblock sao
core,1,1411613979,mt19937,64,64,10,yuv420p,IPB,cqp,32,,frame-threads=1:pools=4:log-level=info:keyint=250:min-keyint=25:bframes=4:b-adapt=2:scenecut=0:qp=32,61440,30383,,0.4945149739583333,,561.46,32.9,1,2,7,29.0,32.0,33.71,False,0.1008,190.38,False,8.555192,119.001579,27.3753,50,8.811963,126.456494,27.1114,49,8.017578,103.123242,27.9972,43,8.065723,105.060254,27.9164,50,a89b4fc48e2d78d0b90c3a35f95577b5ddeb7ee1edda023e1b2fe8629681814d,rd=3 psy-rd=2.00 early-skip rskip mode=1 signhide tmvp b-intra strong-intra-smoothing deblock sao
core,1,1411613979,mt19937,64,64,10,yuv420p,IPB,cqp,36,,frame-threads=1:pools=4:log-level=info:keyint=250:min-keyint=25:bframes=4:b-adapt=2:scenecut=0:qp=36,61440,25363,,0.41280924479166664,,461.06,36.9,1,2,7,33.0,36.0,37.71,False,0.1116,188.03,False,12.813086,269.090299,23.8318,78,13.979224,316.442212,23.1279,78,10.535547,175.349219,25.6918,64,10.426074,173.42373,25.7397,52,a89b4fc48e2d78d0b90c3a35f95577b5ddeb7ee1edda023e1b2fe8629681814d,rd=3 psy-rd=2.00 early-skip rskip mode=1 signhide tmvp b-intra strong-intra-smoothing deblock sao
core,1,1411613979,mt19937,64,64,10,yuv420p,IPB,cqp,40,,frame-threads=1:pools=4:log-level=info:keyint=250:min-keyint=25:bframes=4:b-adapt=2:scenecut=0:qp=40,61440,19739,,0.32127278645833335,,348.58,40.9,1,2,7,37.0,40.0,41.71,False,0.1033,209.02,False,19.022868,613.930094,20.2496,134,21.982959,783.686426,19.1894,134,13.10957,274.636328,23.7432,73,13.095801,274.198535,23.7502,68,a89b4fc48e2d78d0b90c3a35f95577b5ddeb7ee1edda023e1b2fe8629681814d,rd=3 psy-rd=2.00 early-skip rskip mode=1 signhide tmvp b-intra strong-intra-smoothing deblock sao
core,1,1411613979,mt19937,64,64,10,yuv420p,IPB,cqp,44,,frame-threads=1:pools=4:log-level=info:keyint=250:min-keyint=25:bframes=4:b-adapt=2:scenecut=0:qp=44,61440,14086,,0.22926432291666668,,235.52,44.9,1,2,7,41.0,44.0,45.71,False,0.1014,216.12,False,29.373193,1475.232503,16.4422,196,34.944849,1947.157446,15.2368,196,18.358691,536.686816,20.8336,83,18.101074,526.078418,20.9203,90,a89b4fc48e2d78d0b90c3a35f95577b5ddeb7ee1edda023e1b2fe8629681814d,rd=3 psy-rd=2.00 early-skip rskip mode=1 signhide tmvp b-intra strong-intra-smoothing deblock sao
core,1,1411613979,mt19937,64,64,10,yuv420p,IPB,cqp,48,,frame-threads=1:pools=4:log-level=info:keyint=250:min-keyint=25:bframes=4:b-adapt=2:scenecut=0:qp=48,61440,6318,,0.10283203125,,80.16,48.9,1,2,7,45.0,48.0,49.71,False,0.0726,513.06,False,53.797005,4473.223861,11.6246,234,54.009082,4421.873291,11.6747,234,53.770703,4629.300586,11.4756,212,52.975,4522.549414,11.577,204,a89b4fc48e2d78d0b90c3a35f95577b5ddeb7ee1edda023e1b2fe8629681814d,rd=3 psy-rd=2.00 early-skip rskip mode=1 signhide tmvp b-intra strong-intra-smoothing deblock sao
core,1,1411613979,mt19937,64,64,10,yuv420p,IPB,cqp,51,,frame-threads=1:pools=4:log-level=info:keyint=250:min-keyint=25:bframes=4:b-adapt=2:scenecut=0:qp=51,61440,3764,,0.061263020833333334,,29.08,51.9,1,2,7,48.0,51.0,52.71,False,0.0812,531.8,False,63.885368,5947.456071,10.3875,245,64.06062,5890.67561,10.4292,245,63.642676,6083.659473,10.2892,238,63.427051,6038.374512,10.3216,236,a89b4fc48e2d78d0b90c3a35f95577b5ddeb7ee1edda023e1b2fe8629681814d,rd=3 psy-rd=2.00 early-skip rskip mode=1 signhide tmvp b-intra strong-intra-smoothing deblock sao
core,2,3178490996,mt19937,64,64,10,yuv420p,IPB,lossless,,,frame-threads=1:pools=4:log-level=info:keyint=250:min-keyint=25:bframes=4:b-adapt=2:scenecut=0:lossless=1,61440,84882,85833,1.38154296875,1.397021484375,1651.52,4.0,1,2,7,4.0,4.0,4.0,True,0.0829,284.2,False,0.005208,0.068848,59.7519,25,0.005688,0.084399,58.8674,25,0.003809,0.026074,63.9687,9,0.004687,0.049414,61.1923,14,3cd86bba15f6112f4bf1f3cb8f891d8540667f4273bb165a3bb97c4fbbc95f99,rd=3 psy-rd=2.00 early-skip rskip mode=1 signhide tmvp b-intra strong-intra-smoothing deblock sao
core,2,3178490996,mt19937,64,64,10,yuv420p,IPB,cqp,0,,frame-threads=1:pools=4:log-level=info:keyint=250:min-keyint=25:bframes=4:b-adapt=2:scenecut=0:qp=0,61440,94624,,1.5401041666666666,,1846.82,0.0,1,2,7,0.0,0.0,0.0,False,0.0877,253.38,False,0.140316,0.501383,51.1291,54,0.162646,0.527344,50.9099,54,0.093457,0.374121,52.4007,32,0.097852,0.524805,50.9308,46,3cd86bba15f6112f4bf1f3cb8f891d8540667f4273bb165a3bb97c4fbbc95f99,rd=3 psy-rd=2.00 early-skip rskip mode=1 signhide tmvp b-intra strong-intra-smoothing deblock sao
core,2,3178490996,mt19937,64,64,10,yuv420p,IPB,cqp,4,,frame-threads=1:pools=4:log-level=info:keyint=250:min-keyint=25:bframes=4:b-adapt=2:scenecut=0:qp=4,61440,80857,,1.3160319010416666,,1570.96,4.9,1,2,7,1.0,4.0,5.71,False,0.0906,236.15,False,0.323014,0.443294,51.6639,35,0.336548,0.459839,51.5047,35,0.304688,0.513477,51.0256,21,0.287207,0.306934,53.2604,11,3cd86bba15f6112f4bf1f3cb8f891d8540667f4273bb165a3bb97c4fbbc95f99,rd=3 psy-rd=2.00 early-skip rskip mode=1 signhide tmvp b-intra strong-intra-smoothing deblock sao
core,2,3178490996,mt19937,64,64,10,yuv420p,IPB,cqp,8,,frame-threads=1:pools=4:log-level=info:keyint=250:min-keyint=25:bframes=4:b-adapt=2:scenecut=0:qp=8,61440,69804,,1.1361328125,,1349.9,8.9,1,2,7,5.0,8.0,9.71,False,0.1152,182.4,False,0.585531,1.152262,47.5153,56,0.590845,1.188501,47.3808,56,0.581152,1.087012,47.7685,34,0.568652,1.072559,47.8266,55,3cd86bba15f6112f4bf1f3cb8f891d8540667f4273bb165a3bb97c4fbbc95f99,rd=3 psy-rd=2.00 early-skip rskip mode=1 signhide tmvp b-intra strong-intra-smoothing deblock sao
core,2,3178490996,mt19937,64,64,10,yuv420p,IPB,cqp,10,,frame-threads=1:pools=4:log-level=info:keyint=250:min-keyint=25:bframes=4:b-adapt=2:scenecut=0:qp=10,61440,66187,,1.0772623697916666,,1277.54,10.9,1,2,7,7.0,10.0,11.71,False,0.0936,214.7,False,0.754053,3.072673,43.2556,91,0.767969,3.227441,43.0422,91,0.75,3.896875,42.2236,91,0.702441,1.629395,46.0105,66,3cd86bba15f6112f4bf1f3cb8f891d8540667f4273bb165a3bb97c4fbbc95f99,rd=3 psy-rd=2.00 early-skip rskip mode=1 signhide tmvp b-intra strong-intra-smoothing deblock sao
core,2,3178490996,mt19937,64,64,10,yuv420p,IPB,cqp,12,,frame-threads=1:pools=4:log-level=info:keyint=250:min-keyint=25:bframes=4:b-adapt=2:scenecut=0:qp=12,61440,61918,,1.0077799479166667,,1192.16,12.9,1,2,7,9.0,12.0,13.71,False,0.0992,204.25,False,0.899674,1.50625,46.3518,6,0.89978,1.5073,46.3488,5,0.896582,1.505371,46.3544,6,0.902344,1.50293,46.3614,5,3cd86bba15f6112f4bf1f3cb8f891d8540667f4273bb165a3bb97c4fbbc95f99,rd=3 psy-rd=2.00 early-skip rskip mode=1 signhide tmvp b-intra strong-intra-smoothing deblock sao
core,2,3178490996,mt19937,64,64,10,yuv420p,IPB,cqp,14,,frame-threads=1:pools=4:log-level=info:keyint=250:min-keyint=25:bframes=4:b-adapt=2:scenecut=0:qp=14,61440,58224,,0.94765625,,1118.28,14.9,1,2,7,11.0,14.0,15.71,False,0.1077,181.19,False,1.143522,2.446875,44.2447,83,1.1354,2.46001,44.2214,83,1.160645,2.444238,44.2494,25,1.158887,2.396973,44.3342,6,3cd86bba15f6112f4bf1f3cb8f891d8540667f4273bb165a3bb97c4fbbc95f99,rd=3 psy-rd=2.00 early-skip rskip mode=1 signhide tmvp b-intra strong-intra-smoothing deblock sao
core,2,3178490996,mt19937,64,64,10,yuv420p,IPB,cqp,16,,frame-threads=1:pools=4:log-level=info:keyint=250:min-keyint=25:bframes=4:b-adapt=2:scenecut=0:qp=16,61440,55242,,0.89912109375,,1058.64,16.9,1,2,7,13.0,16.0,17.71,False,0.0936,222.23,False,1.447412,4.425667,41.671,69,1.420825,4.316187,41.7798,69,1.498633,4.778125,41.3382,59,1.502539,4.511133,41.5879,57,3cd86bba15f6112f4bf1f3cb8f891d8540667f4273bb165a3bb97c4fbbc95f99,rd=3 psy-rd=2.00 early-skip rskip mode=1 signhide tmvp b-intra strong-intra-smoothing deblock sao
core,2,3178490996,mt19937,64,64,10,yuv420p,IPB,cqp,18,,frame-threads=1:pools=4:log-level=info:keyint=250:min-keyint=25:bframes=4:b-adapt=2:scenecut=0:qp=18,61440,51409,,0.8367350260416667,,981.98,18.9,1,2,7,15.0,18.0,19.71,False,0.0991,222.61,False,1.85721,8.965804,38.6049,110,1.850806,10.099487,38.0878,110,1.850488,5.778027,40.513,13,1.889551,7.618848,39.3119,63,3cd86bba15f6112f4bf1f3cb8f891d8540667f4273bb165a3bb97c4fbbc95f99,rd=3 psy-rd=2.00 early-skip rskip mode=1 signhide tmvp b-intra strong-intra-smoothing deblock sao
core,2,3178490996,mt19937,64,64,10,yuv420p,IPB,cqp,20,,frame-threads=1:pools=4:log-level=info:keyint=250:min-keyint=25:bframes=4:b-adapt=2:scenecut=0:qp=20,61440,48189,,0.784326171875,,917.58,20.9,1,2,7,17.0,20.0,21.71,False,0.1189,160.8,False,2.256169,8.398324,38.8889,14,2.238232,8.247021,38.9678,14,2.298535,8.742285,38.7146,11,2.285547,8.65957,38.7558,12,3cd86bba15f6112f4bf1f3cb8f891d8540667f4273bb165a3bb97c4fbbc95f99,rd=3 psy-rd=2.00 early-skip rskip mode=1 signhide tmvp b-intra strong-intra-smoothing deblock sao
core,2,3178490996,mt19937,64,64,10,yuv420p,IPB,cqp,24,,frame-threads=1:pools=4:log-level=info:keyint=250:min-keyint=25:bframes=4:b-adapt=2:scenecut=0:qp=24,61440,42270,,0.68798828125,,799.2,24.9,1,2,7,21.0,24.0,25.71,False,0.1071,208.59,False,3.636084,25.153434,34.1248,109,3.625464,26.305347,33.9304,109,3.629785,21.606934,34.7849,41,3.684863,24.092285,34.312,65,3cd86bba15f6112f4bf1f3cb8f891d8540667f4273bb165a3bb97c4fbbc95f99,rd=3 psy-rd=2.00 early-skip rskip mode=1 signhide tmvp b-intra strong-intra-smoothing deblock sao
core,2,3178490996,mt19937,64,64,10,yuv420p,IPB,cqp,28,,frame-threads=1:pools=4:log-level=info:keyint=250:min-keyint=25:bframes=4:b-adapt=2:scenecut=0:qp=28,61440,36038,,0.5865559895833333,,674.56,28.9,1,2,7,25.0,28.0,29.71,False,0.1012,199.57,False,5.542985,51.798161,30.9877,77,5.614697,52.84541,30.9007,74,5.417187,49.413281,31.1924,61,5.381934,49.994043,31.1416,77,3cd86bba15f6112f4bf1f3cb8f891d8540667f4273bb165a3bb97c4fbbc95f99,rd=3 psy-rd=2.00 early-skip rskip mode=1 signhide tmvp b-intra strong-intra-smoothing deblock sao
core,2,3178490996,mt19937,64,64,10,yuv420p,IPB,cqp,32,,frame-threads=1:pools=4:log-level=info:keyint=250:min-keyint=25:bframes=4:b-adapt=2:scenecut=0:qp=32,61440,30190,,0.4913736979166667,,557.6,32.9,1,2,7,29.0,32.0,33.71,False,0.0993,208.58,False,8.65542,121.443115,27.2871,100,8.907959,128.547656,27.0402,72,8.123535,107.39873,27.8208,100,8.177148,107.069336,27.8342,50,3cd86bba15f6112f4bf1f3cb8f891d8540667f4273bb165a3bb97c4fbbc95f99,rd=3 psy-rd=2.00 early-skip rskip mode=1 signhide tmvp b-intra strong-intra-smoothing deblock sao
core,2,3178490996,mt19937,64,64,10,yuv420p,IPB,cqp,36,,frame-threads=1:pools=4:log-level=info:keyint=250:min-keyint=25:bframes=4:b-adapt=2:scenecut=0:qp=36,61440,24799,,0.40362955729166666,,449.78,36.9,1,2,7,33.0,36.0,37.71,False,0.1022,203.55,False,12.901986,272.898503,23.7708,79,14.108032,321.477759,23.0593,79,10.490234,175.809375,25.6804,52,10.489551,175.670605,25.6838,55,3cd86bba15f6112f4bf1f3cb8f891d8540667f4273bb165a3bb97c4fbbc95f99,rd=3 psy-rd=2.00 early-skip rskip mode=1 signhide tmvp b-intra strong-intra-smoothing deblock sao
core,2,3178490996,mt19937,64,64,10,yuv420p,IPB,cqp,40,,frame-threads=1:pools=4:log-level=info:keyint=250:min-keyint=25:bframes=4:b-adapt=2:scenecut=0:qp=40,61440,19745,,0.3213704427083333,,348.7,40.9,1,2,7,37.0,40.0,41.71,False,0.1227,165.35,False,19.090479,612.575765,20.2592,124,22.013379,779.69707,19.2115,124,13.338086,282.047461,23.6276,71,13.15127,274.618848,23.7435,63,3cd86bba15f6112f4bf1f3cb8f891d8540667f4273bb165a3bb97c4fbbc95f99,rd=3 psy-rd=2.00 early-skip rskip mode=1 signhide tmvp b-intra strong-intra-smoothing deblock sao
core,2,3178490996,mt19937,64,64,10,yuv420p,IPB,cqp,44,,frame-threads=1:pools=4:log-level=info:keyint=250:min-keyint=25:bframes=4:b-adapt=2:scenecut=0:qp=44,61440,14184,,0.230859375,,237.48,44.9,1,2,7,41.0,44.0,45.71,False,0.1063,184.48,False,29.231136,1457.46766,16.4948,185,34.732202,1921.774341,15.2938,185,18.307422,531.050977,20.8794,96,18.150586,526.657617,20.9155,86,3cd86bba15f6112f4bf1f3cb8f891d8540667f4273bb165a3bb97c4fbbc95f99,rd=3 psy-rd=2.00 early-skip rskip mode=1 signhide tmvp b-intra strong-intra-smoothing deblock sao
core,2,3178490996,mt19937,64,64,10,yuv420p,IPB,cqp,48,,frame-threads=1:pools=4:log-level=info:keyint=250:min-keyint=25:bframes=4:b-adapt=2:scenecut=0:qp=48,61440,6251,,0.10174153645833334,,78.82,48.9,1,2,7,45.0,48.0,49.71,False,0.0752,409.35,False,53.519352,4417.40861,11.6791,222,53.712451,4340.942529,11.755,220,53.17627,4568.615332,11.533,219,53.090039,4572.066211,11.5297,222,3cd86bba15f6112f4bf1f3cb8f891d8540667f4273bb165a3bb97c4fbbc95f99,rd=3 psy-rd=2.00 early-skip rskip mode=1 signhide tmvp b-intra strong-intra-smoothing deblock sao
core,2,3178490996,mt19937,64,64,10,yuv420p,IPB,cqp,51,,frame-threads=1:pools=4:log-level=info:keyint=250:min-keyint=25:bframes=4:b-adapt=2:scenecut=0:qp=51,61440,3719,,0.060530598958333334,,28.18,51.9,1,2,7,48.0,51.0,52.71,False,0.0746,626.45,False,65.422005,6322.204199,10.1221,247,64.673804,6055.893823,10.309,247,67.322656,6933.315039,9.7214,246,66.51416,6776.334863,9.8209,241,3cd86bba15f6112f4bf1f3cb8f891d8540667f4273bb165a3bb97c4fbbc95f99,rd=3 psy-rd=2.00 early-skip rskip mode=1 signhide tmvp b-intra strong-intra-smoothing deblock sao
core,3,551061830,mt19937,64,64,10,yuv420p,IPB,lossless,,,frame-threads=1:pools=4:log-level=info:keyint=250:min-keyint=25:bframes=4:b-adapt=2:scenecut=0:lossless=1,61440,84973,85924,1.3830240885416667,1.3985026041666666,1653.34,4.0,1,2,7,4.0,4.0,4.0,True,0.0889,264.96,False,0.018636,1.226481,47.2442,129,0.022144,1.566235,46.1822,129,0.01543,0.710938,49.6125,64,0.007812,0.383008,52.2987,62,38ade5888e8b9f1811ce902d7c54f579f49c177dc09f809a85f29db7808183a2,rd=3 psy-rd=2.00 early-skip rskip mode=1 signhide tmvp b-intra strong-intra-smoothing deblock sao
core,3,551061830,mt19937,64,64,10,yuv420p,IPB,cqp,0,,frame-threads=1:pools=4:log-level=info:keyint=250:min-keyint=25:bframes=4:b-adapt=2:scenecut=0:qp=0,61440,94731,,1.541845703125,,1848.96,0.0,1,2,7,0.0,0.0,0.0,False,0.0862,282.98,False,0.130176,0.583268,50.4721,104,0.152808,0.752563,49.3654,104,0.086328,0.266992,53.8658,37,0.083496,0.222363,54.6602,36,38ade5888e8b9f1811ce902d7c54f579f49c177dc09f809a85f29db7808183a2,rd=3 psy-rd=2.00 early-skip rskip mode=1 signhide tmvp b-intra strong-intra-smoothing deblock sao
core,3,551061830,mt19937,64,64,10,yuv420p,IPB,cqp,4,,frame-threads=1:pools=4:log-level=info:keyint=250:min-keyint=25:bframes=4:b-adapt=2:scenecut=0:qp=4,61440,80911,,1.3169108072916667,,1572.04,4.9,1,2,7,1.0,4.0,5.71,False,0.0816,285.52,False,0.35887,3.199593,43.0799,123,0.369702,3.314966,42.926,123,0.355371,4.016309,42.0925,103,0.319043,1.921387,45.2947,99,38ade5888e8b9f1811ce902d7c54f579f49c177dc09f809a85f29db7808183a2,rd=3 psy-rd=2.00 early-skip rskip mode=1 signhide tmvp b-intra strong-intra-smoothing deblock sao
core,3,551061830,mt19937,64,64,10,yuv420p,IPB,cqp,8,,frame-threads=1:pools=4:log-level=info:keyint=250:min-keyint=25:bframes=4:b-adapt=2:scenecut=0:qp=8,61440,70053,,1.140185546875,,1354.88,8.9,1,2,7,5.0,8.0,9.71,False,0.0967,248.19,False,0.562272,0.705957,49.643,18,0.568018,0.720654,49.5535,18,0.54707,0.670312,49.868,5,0.554492,0.682813,49.7878,6,38ade5888e8b9f1811ce902d7c54f579f49c177dc09f809a85f29db7808183a2,rd=3 psy-rd=2.00 early-skip rskip mode=1 signhide tmvp b-intra strong-intra-smoothing deblock sao
core,3,551061830,mt19937,64,64,10,yuv420p,IPB,cqp,10,,frame-threads=1:pools=4:log-level=info:keyint=250:min-keyint=25:bframes=4:b-adapt=2:scenecut=0:qp=10,61440,66334,,1.0796549479166666,,1280.48,10.9,1,2,7,7.0,10.0,11.71,False,0.0972,218.74,False,0.734473,3.584115,42.587,131,0.742432,4.103418,41.9993,131,0.724316,2.60127,43.979,73,0.712793,2.489746,44.1693,74,38ade5888e8b9f1811ce902d7c54f579f49c177dc09f809a85f29db7808183a2,rd=3 psy-rd=2.00 early-skip rskip mode=1 signhide tmvp b-intra strong-intra-smoothing deblock sao
core,3,551061830,mt19937,64,64,10,yuv420p,IPB,cqp,12,,frame-threads=1:pools=4:log-level=info:keyint=250:min-keyint=25:bframes=4:b-adapt=2:scenecut=0:qp=12,61440,61724,,1.0046223958333333,,1188.28,12.9,1,2,7,9.0,12.0,13.71,False,0.1112,173.52,False,0.899137,1.506038,46.3524,5,0.903271,1.52207,46.3065,5,0.892871,1.481738,46.4231,5,0.888867,1.466211,46.4688,5,38ade5888e8b9f1811ce902d7c54f579f49c177dc09f809a85f29db7808183a2,rd=3 psy-rd=2.00 early-skip rskip mode=1 signhide tmvp b-intra strong-intra-smoothing deblock sao
core,3,551061830,mt19937,64,64,10,yuv420p,IPB,cqp,14,,frame-threads=1:pools=4:log-level=info:keyint=250:min-keyint=25:bframes=4:b-adapt=2:scenecut=0:qp=14,61440,58722,,0.95576171875,,1128.24,14.9,1,2,7,11.0,14.0,15.71,False,0.0985,195.53,False,1.212337,8.385286,38.8956,123,1.214648,9.556201,38.328,123,1.212988,6.53584,39.9778,107,1.202441,5.551074,40.687,101,38ade5888e8b9f1811ce902d7c54f579f49c177dc09f809a85f29db7808183a2,rd=3 psy-rd=2.00 early-skip rskip mode=1 signhide tmvp b-intra strong-intra-smoothing deblock sao
core,3,551061830,mt19937,64,64,10,yuv420p,IPB,cqp,16,,frame-threads=1:pools=4:log-level=info:keyint=250:min-keyint=25:bframes=4:b-adapt=2:scenecut=0:qp=16,61440,55360,,0.9010416666666666,,1061.0,16.9,1,2,7,13.0,16.0,17.71,False,0.1133,167.42,False,1.467497,5.195101,40.9749,144,1.452563,5.617651,40.6353,144,1.516406,4.442578,41.6545,55,1.47832,4.257422,41.8393,57,38ade5888e8b9f1811ce902d7c54f579f49c177dc09f809a85f29db7808183a2,rd=3 psy-rd=2.00 early-skip rskip mode=1 signhide tmvp b-intra strong-intra-smoothing deblock sao
core,3,551061830,mt19937,64,64,10,yuv420p,IPB,cqp,18,,frame-threads=1:pools=4:log-level=info:keyint=250:min-keyint=25:bframes=4:b-adapt=2:scenecut=0:qp=18,61440,51933,,0.845263671875,,992.46,18.9,1,2,7,15.0,18.0,19.71,False,0.0928,224.85,False,1.808659,6.221908,40.1916,77,1.788354,5.819702,40.4818,44,1.837695,5.696484,40.5747,11,1.86084,8.356152,38.9107,77,38ade5888e8b9f1811ce902d7c54f579f49c177dc09f809a85f29db7808183a2,rd=3 psy-rd=2.00 early-skip rskip mode=1 signhide tmvp b-intra strong-intra-smoothing deblock sao
core,3,551061830,mt19937,64,64,10,yuv420p,IPB,cqp,20,,frame-threads=1:pools=4:log-level=info:keyint=250:min-keyint=25:bframes=4:b-adapt=2:scenecut=0:qp=20,61440,48332,,0.7866536458333333,,920.44,20.9,1,2,7,17.0,20.0,21.71,False,0.1113,188.7,False,2.267611,8.968034,38.6038,150,2.247827,9.042798,38.5678,150,2.310254,8.819043,38.6766,32,2.304102,8.817969,38.6771,38,38ade5888e8b9f1811ce902d7c54f579f49c177dc09f809a85f29db7808183a2,rd=3 psy-rd=2.00 early-skip rskip mode=1 signhide tmvp b-intra strong-intra-smoothing deblock sao
core,3,551061830,mt19937,64,64,10,yuv420p,IPB,cqp,24,,frame-threads=1:pools=4:log-level=info:keyint=250:min-keyint=25:bframes=4:b-adapt=2:scenecut=0:qp=24,61440,42366,,0.68955078125,,801.12,24.9,1,2,7,21.0,24.0,25.71,False,0.117,165.13,False,3.582438,22.812028,34.5492,117,3.554004,22.865576,34.539,117,3.635449,21.663184,34.7736,20,3.643164,23.74668,34.3748,102,38ade5888e8b9f1811ce902d7c54f579f49c177dc09f809a85f29db7808183a2,rd=3 psy-rd=2.00 early-skip rskip mode=1 signhide tmvp b-intra strong-intra-smoothing deblock sao
core,3,551061830,mt19937,64,64,10,yuv420p,IPB,cqp,28,,frame-threads=1:pools=4:log-level=info:keyint=250:min-keyint=25:bframes=4:b-adapt=2:scenecut=0:qp=28,61440,36254,,0.5900716145833333,,678.88,28.9,1,2,7,25.0,28.0,29.71,False,0.1039,199.49,False,5.529899,51.688037,30.9969,131,5.601025,53.171777,30.874,131,5.385742,48.939648,31.2342,111,5.389551,48.501465,31.2733,105,38ade5888e8b9f1811ce902d7c54f579f49c177dc09f809a85f29db7808183a2,rd=3 psy-rd=2.00 early-skip rskip mode=1 signhide tmvp b-intra strong-intra-smoothing deblock sao
core,3,551061830,mt19937,64,64,10,yuv420p,IPB,cqp,32,,frame-threads=1:pools=4:log-level=info:keyint=250:min-keyint=25:bframes=4:b-adapt=2:scenecut=0:qp=32,61440,30396,,0.4947265625,,561.72,32.9,1,2,7,29.0,32.0,33.71,False,0.1164,183.51,False,8.672949,123.376595,27.2185,108,8.93689,130.821362,26.964,108,8.075293,105.745996,27.8882,45,8.214844,111.228125,27.6687,106,38ade5888e8b9f1811ce902d7c54f579f49c177dc09f809a85f29db7808183a2,rd=3 psy-rd=2.00 early-skip rskip mode=1 signhide tmvp b-intra strong-intra-smoothing deblock sao
core,3,551061830,mt19937,64,64,10,yuv420p,IPB,cqp,36,,frame-threads=1:pools=4:log-level=info:keyint=250:min-keyint=25:bframes=4:b-adapt=2:scenecut=0:qp=36,61440,25275,,0.411376953125,,459.3,36.9,1,2,7,33.0,36.0,37.71,False,0.1231,156.22,False,12.765723,267.388867,23.8594,96,13.909229,313.593799,23.1671,96,10.508496,176.352051,25.667,55,10.448926,173.605957,25.7352,56,38ade5888e8b9f1811ce902d7c54f579f49c177dc09f809a85f29db7808183a2,rd=3 psy-rd=2.00 early-skip rskip mode=1 signhide tmvp b-intra strong-intra-smoothing deblock sao
core,3,551061830,mt19937,64,64,10,yuv420p,IPB,cqp,40,,frame-threads=1:pools=4:log-level=info:keyint=250:min-keyint=25:bframes=4:b-adapt=2:scenecut=0:qp=40,61440,19946,,0.32464192708333334,,352.72,40.9,1,2,7,37.0,40.0,41.71,False,0.0946,213.2,False,19.014941,609.971484,20.2777,125,21.946875,776.688184,19.2283,125,13.123926,276.57998,23.7126,75,13.178223,276.496191,23.7139,64,38ade5888e8b9f1811ce902d7c54f579f49c177dc09f809a85f29db7808183a2,rd=3 psy-rd=2.00 early-skip rskip mode=1 signhide tmvp b-intra strong-intra-smoothing deblock sao
core,3,551061830,mt19937,64,64,10,yuv420p,IPB,cqp,44,,frame-threads=1:pools=4:log-level=info:keyint=250:min-keyint=25:bframes=4:b-adapt=2:scenecut=0:qp=44,61440,14177,,0.23074544270833333,,237.34,44.9,1,2,7,41.0,44.0,45.71,False,0.1003,189.85,False,29.297363,1467.319173,16.4656,176,34.868872,1937.435034,15.2585,176,18.138379,524.366309,20.9345,88,18.170313,529.808594,20.8896,98,38ade5888e8b9f1811ce902d7c54f579f49c177dc09f809a85f29db7808183a2,rd=3 psy-rd=2.00 early-skip rskip mode=1 signhide tmvp b-intra strong-intra-smoothing deblock sao
core,3,551061830,mt19937,64,64,10,yuv420p,IPB,cqp,48,,frame-threads=1:pools=4:log-level=info:keyint=250:min-keyint=25:bframes=4:b-adapt=2:scenecut=0:qp=48,61440,6553,,0.10665690104166667,,84.86,48.9,1,2,7,45.0,48.0,49.71,False,0.0812,380.52,False,52.687256,4305.570882,11.7905,228,54.049097,4376.331958,11.7197,224,50.723926,4269.369238,11.8272,228,49.203223,4058.728223,12.0469,202,38ade5888e8b9f1811ce902d7c54f579f49c177dc09f809a85f29db7808183a2,rd=3 psy-rd=2.00 early-skip rskip mode=1 signhide tmvp b-intra strong-intra-smoothing deblock sao
core,3,551061830,mt19937,64,64,10,yuv420p,IPB,cqp,51,,frame-threads=1:pools=4:log-level=info:keyint=250:min-keyint=25:bframes=4:b-adapt=2:scenecut=0:qp=51,61440,3629,,0.059065755208333334,,26.38,51.9,1,2,7,48.0,51.0,52.71,False,0.0702,826.99,False,65.263053,6280.692904,10.1507,246,65.354419,6217.744116,10.1945,246,65.038574,6407.286816,10.0641,239,65.12207,6405.894141,10.065,243,38ade5888e8b9f1811ce902d7c54f579f49c177dc09f809a85f29db7808183a2,rd=3 psy-rd=2.00 early-skip rskip mode=1 signhide tmvp b-intra strong-intra-smoothing deblock sao
core,4,170455199,mt19937,64,64,10,yuv420p,IPB,lossless,,,frame-threads=1:pools=4:log-level=info:keyint=250:min-keyint=25:bframes=4:b-adapt=2:scenecut=0:lossless=1,61440,84900,85851,1.3818359375,1.397314453125,1651.88,4.0,1,2,7,4.0,4.0,4.0,True,0.0973,221.18,False,0.010319,0.406934,52.0356,121,0.009448,0.487915,51.2474,121,0.012695,0.255859,54.0508,40,0.011426,0.234082,54.4371,41,e841a47f13f3363e4d6cde4977b6065957925e41ede6c88bebd2ea5f4737f395,rd=3 psy-rd=2.00 early-skip rskip mode=1 signhide tmvp b-intra strong-intra-smoothing deblock sao
core,4,170455199,mt19937,64,64,10,yuv420p,IPB,cqp,0,,frame-threads=1:pools=4:log-level=info:keyint=250:min-keyint=25:bframes=4:b-adapt=2:scenecut=0:qp=0,61440,94786,,1.5427408854166667,,1850.06,0.0,1,2,7,0.0,0.0,0.0,False,0.0894,238.37,False,0.153027,0.866862,48.7513,78,0.163745,0.370239,52.446,27,0.149121,2.833105,43.6082,78,0.114062,0.887109,48.651,69,e841a47f13f3363e4d6cde4977b6065957925e41ede6c88bebd2ea5f4737f395,rd=3 psy-rd=2.00 early-skip rskip mode=1 signhide tmvp b-intra strong-intra-smoothing deblock sao
core,4,170455199,mt19937,64,64,10,yuv420p,IPB,cqp,4,,frame-threads=1:pools=4:log-level=info:keyint=250:min-keyint=25:bframes=4:b-adapt=2:scenecut=0:qp=4,61440,80840,,1.3157552083333333,,1570.62,4.9,1,2,7,1.0,4.0,5.71,False,0.1104,199.9,False,0.328271,0.900309,48.5869,107,0.337451,0.480762,51.3115,29,0.317773,2.571875,44.0283,107,0.302051,0.906934,48.555,69,e841a47f13f3363e4d6cde4977b6065957925e41ede6c88bebd2ea5f4737f395,rd=3 psy-rd=2.00 early-skip rskip mode=1 signhide tmvp b-intra strong-intra-smoothing deblock sao
core,4,170455199,mt19937,64,64,10,yuv420p,IPB,cqp,8,,frame-threads=1:pools=4:log-level=info:keyint=250:min-keyint=25:bframes=4:b-adapt=2:scenecut=0:qp=8,61440,70574,,1.1486653645833333,,1365.3,8.9,1,2,7,5.0,8.0,9.71,False,0.106,201.57,False,0.551742,0.928662,48.4522,80,0.554834,0.760156,49.3218,25,0.547754,1.174707,47.4315,62,0.543359,1.356641,46.8062,80,e841a47f13f3363e4d6cde4977b6065957925e41ede6c88bebd2ea5f4737f395,rd=3 psy-rd=2.00 early-skip rskip mode=1 signhide tmvp b-intra strong-intra-smoothing deblock sao
core,4,170455199,mt19937,64,64,10,yuv420p,IPB,cqp,10,,frame-threads=1:pools=4:log-level=info:keyint=250:min-keyint=25:bframes=4:b-adapt=2:scenecut=0:qp=10,61440,65715,,1.069580078125,,1268.1,10.9,1,2,7,7.0,10.0,11.71,False,0.0956,243.63,False,0.717171,1.033285,47.9886,21,0.728052,1.062134,47.869,21,0.690234,0.971289,48.2573,8,0.700586,0.979883,48.2191,5,e841a47f13f3363e4d6cde4977b6065957925e41ede6c88bebd2ea5f4737f395,rd=3 psy-rd=2.00 early-skip rskip mode=1 signhide tmvp b-intra strong-intra-smoothing deblock sao
core,4,170455199,mt19937,64,64,10,yuv420p,IPB,cqp,12,,frame-threads=1:pools=4:log-level=info:keyint=250:min-keyint=25:bframes=4:b-adapt=2:scenecut=0:qp=12,61440,61846,,1.0066080729166667,,1190.72,12.9,1,2,7,9.0,12.0,13.71,False,0.1027,189.89,False,0.917464,1.582959,46.1361,26,0.914111,1.564697,46.1865,26,0.930078,1.627539,46.0155,18,0.918262,1.611426,46.0587,20,e841a47f13f3363e4d6cde4977b6065957925e41ede6c88bebd2ea5f4737f395,rd=3 psy-rd=2.00 early-skip rskip mode=1 signhide tmvp b-intra strong-intra-smoothing deblock sao
core,4,170455199,mt19937,64,64,10,yuv420p,IPB,cqp,14,,frame-threads=1:pools=4:log-level=info:keyint=250:min-keyint=25:bframes=4:b-adapt=2:scenecut=0:qp=14,61440,58377,,0.950146484375,,1121.34,14.9,1,2,7,11.0,14.0,15.71,False,0.0964,238.38,False,1.179134,5.473079,40.7485,158,1.178613,6.567676,39.9567,158,1.179883,3.224023,43.0468,56,1.180469,3.34375,42.8885,62,e841a47f13f3363e4d6cde4977b6065957925e41ede6c88bebd2ea5f4737f395,rd=3 psy-rd=2.00 early-skip rskip mode=1 signhide tmvp b-intra strong-intra-smoothing deblock sao
core,4,170455199,mt19937,64,64,10,yuv420p,IPB,cqp,16,,frame-threads=1:pools=4:log-level=info:keyint=250:min-keyint=25:bframes=4:b-adapt=2:scenecut=0:qp=16,61440,55546,,0.9040690104166667,,1064.72,16.9,1,2,7,13.0,16.0,17.71,False,0.0965,231.72,False,1.434521,3.58068,42.5911,42,1.408838,3.449561,42.7532,19,1.483789,3.934375,42.182,42,1.487988,3.751465,42.3888,11,e841a47f13f3363e4d6cde4977b6065957925e41ede6c88bebd2ea5f4737f395,rd=3 psy-rd=2.00 early-skip rskip mode=1 signhide tmvp b-intra strong-intra-smoothing deblock sao
core,4,170455199,mt19937,64,64,10,yuv420p,IPB,cqp,18,,frame-threads=1:pools=4:log-level=info:keyint=250:min-keyint=25:bframes=4:b-adapt=2:scenecut=0:qp=18,61440,51891,,0.844580078125,,991.62,18.9,1,2,7,15.0,18.0,19.71,False,0.0925,221.14,False,1.821159,7.206934,39.5533,167,1.792554,5.877661,40.4388,58,1.887598,10.944434,37.7389,167,1.869141,8.786523,38.6926,131,e841a47f13f3363e4d6cde4977b6065957925e41ede6c88bebd2ea5f4737f395,rd=3 psy-rd=2.00 early-skip rskip mode=1 signhide tmvp b-intra strong-intra-smoothing deblock sao
core,4,170455199,mt19937,64,64,10,yuv420p,IPB,cqp,20,,frame-threads=1:pools=4:log-level=info:keyint=250:min-keyint=25:bframes=4:b-adapt=2:scenecut=0:qp=20,61440,48203,,0.7845540364583333,,917.86,20.9,1,2,7,17.0,20.0,21.71,False,0.1077,179.13,False,2.254557,8.386523,38.895,13,2.230762,8.188037,38.999,12,2.285742,8.728125,38.7216,13,2.318555,8.838867,38.6668,12,e841a47f13f3363e4d6cde4977b6065957925e41ede6c88bebd2ea5f4737f395,rd=3 psy-rd=2.00 early-skip rskip mode=1 signhide tmvp b-intra strong-intra-smoothing deblock sao
core,4,170455199,mt19937,64,64,10,yuv420p,IPB,cqp,24,,frame-threads=1:pools=4:log-level=info:keyint=250:min-keyint=25:bframes=4:b-adapt=2:scenecut=0:qp=24,61440,42227,,0.6872884114583333,,798.34,24.9,1,2,7,21.0,24.0,25.71,False,0.1189,176.99,False,3.563981,20.758057,34.9589,27,3.535645,20.422559,35.0297,19,3.616895,21.442676,34.818,20,3.624414,21.41543,34.8235,27,e841a47f13f3363e4d6cde4977b6065957925e41ede6c88bebd2ea5f4737f395,rd=3 psy-rd=2.00 early-skip rskip mode=1 signhide tmvp b-intra strong-intra-smoothing deblock sao
core,4,170455199,mt19937,64,64,10,yuv420p,IPB,cqp,28,,frame-threads=1:pools=4:log-level=info:keyint=250:min-keyint=25:bframes=4:b-adapt=2:scenecut=0:qp=28,61440,36248,,0.5899739583333333,,678.76,28.9,1,2,7,25.0,28.0,29.71,False,0.1336,152.68,False,5.495101,49.087646,31.2211,33,5.557104,50.270972,31.1176,33,5.353516,46.474219,31.4587,27,5.388672,46.967773,31.4128,28,e841a47f13f3363e4d6cde4977b6065957925e41ede6c88bebd2ea5f4737f395,rd=3 psy-rd=2.00 early-skip rskip mode=1 signhide tmvp b-intra strong-intra-smoothing deblock sao
core,4,170455199,mt19937,64,64,10,yuv420p,IPB,cqp,32,,frame-threads=1:pools=4:log-level=info:keyint=250:min-keyint=25:bframes=4:b-adapt=2:scenecut=0:qp=32,61440,30379,,0.49444986979166666,,561.38,32.9,1,2,7,29.0,32.0,33.71,False,0.1015,200.52,False,8.601921,119.990983,27.3393,50,8.865967,127.393018,27.0793,50,8.114453,106.686328,27.8497,46,8.033203,103.6875,27.9735,45,e841a47f13f3363e4d6cde4977b6065957925e41ede6c88bebd2ea5f4737f395,rd=3 psy-rd=2.00 early-skip rskip mode=1 signhide tmvp b-intra strong-intra-smoothing deblock sao
core,4,170455199,mt19937,64,64,10,yuv420p,IPB,cqp,36,,frame-threads=1:pools=4:log-level=info:keyint=250:min-keyint=25:bframes=4:b-adapt=2:scenecut=0:qp=36,61440,25096,,0.40846354166666665,,455.72,36.9,1,2,7,33.0,36.0,37.71,False,0.1055,202.12,False,12.860498,271.217106,23.7976,84,14.032495,319.151636,23.0908,84,10.494922,174.276758,25.7184,52,10.538086,176.419336,25.6653,58,e841a47f13f3363e4d6cde4977b6065957925e41ede6c88bebd2ea5f4737f395,rd=3 psy-rd=2.00 early-skip rskip mode=1 signhide tmvp b-intra strong-intra-smoothing deblock sao
core,4,170455199,mt19937,64,64,10,yuv420p,IPB,cqp,40,,frame-threads=1:pools=4:log-level=info:keyint=250:min-keyint=25:bframes=4:b-adapt=2:scenecut=0:qp=40,61440,19744,,0.32135416666666666,,348.68,40.9,1,2,7,37.0,40.0,41.71,False,0.0945,226.49,False,19.02238,608.251221,20.29,111,21.914893,773.322705,19.2472,111,13.189453,276.193555,23.7187,67,13.285254,280.022949,23.6589,66,e841a47f13f3363e4d6cde4977b6065957925e41ede6c88bebd2ea5f4737f395,rd=3 psy-rd=2.00 early-skip rskip mode=1 signhide tmvp b-intra strong-intra-smoothing deblock sao
core,4,170455199,mt19937,64,64,10,yuv420p,IPB,cqp,44,,frame-threads=1:pools=4:log-level=info:keyint=250:min-keyint=25:bframes=4:b-adapt=2:scenecut=0:qp=44,61440,14225,,0.23152669270833334,,238.3,44.9,1,2,7,41.0,44.0,45.71,False,0.1038,253.23,False,29.226318,1459.940251,16.4875,207,34.865576,1931.955957,15.2708,207,17.894824,515.032715,21.0125,106,18.000781,516.784961,20.9977,94,e841a47f13f3363e4d6cde4977b6065957925e41ede6c88bebd2ea5f4737f395,rd=3 psy-rd=2.00 early-skip rskip mode=1 signhide tmvp b-intra strong-intra-smoothing deblock sao
core,4,170455199,mt19937,64,64,10,yuv420p,IPB,cqp,48,,frame-threads=1:pools=4:log-level=info:keyint=250:min-keyint=25:bframes=4:b-adapt=2:scenecut=0:qp=48,61440,6323,,0.10291341145833334,,80.26,48.9,1,2,7,45.0,48.0,49.71,False,0.077,341.86,False,53.816634,4488.360384,11.6099,236,54.403784,4468.619653,11.6291,236,53.944238,4706.23877,11.4041,228,51.34043,4349.444922,11.7465,204,e841a47f13f3363e4d6cde4977b6065957925e41ede6c88bebd2ea5f4737f395,rd=3 psy-rd=2.00 early-skip rskip mode=1 signhide tmvp b-intra strong-intra-smoothing deblock sao
core,4,170455199,mt19937,64,64,10,yuv420p,IPB,cqp,51,,frame-threads=1:pools=4:log-level=info:keyint=250:min-keyint=25:bframes=4:b-adapt=2:scenecut=0:qp=51,61440,3578,,0.05823567708333333,,25.36,51.9,1,2,7,48.0,51.0,52.71,False,0.064,1036.38,False,65.164616,6228.502018,10.187,248,65.674268,6218.904395,10.1937,244,64.723438,6376.489258,10.085,248,63.567188,6118.905273,10.2641,241,e841a47f13f3363e4d6cde4977b6065957925e41ede6c88bebd2ea5f4737f395,rd=3 psy-rd=2.00 early-skip rskip mode=1 signhide tmvp b-intra strong-intra-smoothing deblock sao
core,5,1837993329,mt19937,64,64,10,yuv420p,IPB,lossless,,,frame-threads=1:pools=4:log-level=info:keyint=250:min-keyint=25:bframes=4:b-adapt=2:scenecut=0:lossless=1,61440,84833,85784,1.3807454427083334,1.3962239583333333,1650.54,4.0,1,2,7,4.0,4.0,4.0,True,0.0963,264.86,False,0.008643,0.331755,52.9226,109,0.007935,0.181323,55.5463,48,0.001074,0.005176,70.991,7,0.019043,1.260059,47.1269,109,5dad55230a4a26fdaff601fe04e2ad2e9f7dc0e109d2e5c0178e1a2d25289c7a,rd=3 psy-rd=2.00 early-skip rskip mode=1 signhide tmvp b-intra strong-intra-smoothing deblock sao
core,5,1837993329,mt19937,64,64,10,yuv420p,IPB,cqp,0,,frame-threads=1:pools=4:log-level=info:keyint=250:min-keyint=25:bframes=4:b-adapt=2:scenecut=0:qp=0,61440,94636,,1.5402994791666667,,1847.06,0.0,1,2,7,0.0,0.0,0.0,False,0.0844,292.71,False,0.136328,0.297168,53.4008,40,0.158716,0.308374,53.24,40,0.083301,0.119238,57.3666,13,0.099805,0.430273,51.7934,28,5dad55230a4a26fdaff601fe04e2ad2e9f7dc0e109d2e5c0178e1a2d25289c7a,rd=3 psy-rd=2.00 early-skip rskip mode=1 signhide tmvp b-intra strong-intra-smoothing deblock sao
core,5,1837993329,mt19937,64,64,10,yuv420p,IPB,cqp,4,,frame-threads=1:pools=4:log-level=info:keyint=250:min-keyint=25:bframes=4:b-adapt=2:scenecut=0:qp=4,61440,80700,,1.3134765625,,1567.82,4.9,1,2,7,1.0,4.0,5.71,False,0.0895,293.26,False,0.338623,0.916357,48.5102,87,0.350586,0.933838,48.4281,87,0.302344,0.577344,50.5165,43,0.327051,1.185449,47.392,49,5dad55230a4a26fdaff601fe04e2ad2e9f7dc0e109d2e5c0178e1a2d25289c7a,rd=3 psy-rd=2.00 early-skip rskip mode=1 signhide tmvp b-intra strong-intra-smoothing deblock sao
core,5,1837993329,mt19937,64,64,10,yuv420p,IPB,cqp,8,,frame-threads=1:pools=4:log-level=info:keyint=250:min-keyint=25:bframes=4:b-adapt=2:scenecut=0:qp=8,61440,70288,,1.1440104166666667,,1359.58,8.9,1,2,7,5.0,8.0,9.71,False,0.1089,182.08,False,0.591064,1.891097,45.3637,103,0.592822,1.671875,45.8988,63,0.581348,3.091113,43.2297,103,0.59375,1.567969,46.1774,37,5dad55230a4a26fdaff601fe04e2ad2e9f7dc0e109d2e5c0178e1a2d25289c7a,rd=3 psy-rd=2.00 early-skip rskip mode=1 signhide tmvp b-intra strong-intra-smoothing deblock sao
core,5,1837993329,mt19937,64,64,10,yuv420p,IPB,cqp,10,,frame-threads=1:pools=4:log-level=info:keyint=250:min-keyint=25:bframes=4:b-adapt=2:scenecut=0:qp=10,61440,66735,,1.086181640625,,1288.5,10.9,1,2,7,7.0,10.0,11.71,False,0.0936,223.3,False,0.688835,1.056315,47.8929,27,0.699219,1.082812,47.7853,27,0.675781,1.07832,47.8033,27,0.660352,0.92832,48.4538,14,5dad55230a4a26fdaff601fe04e2ad2e9f7dc0e109d2e5c0178e1a2d25289c7a,rd=3 psy-rd=2.00 early-skip rskip mode=1 signhide tmvp b-intra strong-intra-smoothing deblock sao
core,5,1837993329,mt19937,64,64,10,yuv420p,IPB,cqp,12,,frame-threads=1:pools=4:log-level=info:keyint=250:min-keyint=25:bframes=4:b-adapt=2:scenecut=0:qp=12,61440,61863,,1.006884765625,,1191.06,12.9,1,2,7,9.0,12.0,13.71,False,0.1095,219.98,False,0.910905,2.182324,44.7416,104,0.901831,1.542505,46.2485,12,0.944727,5.291602,40.8949,104,0.913379,1.632324,46.0027,19,5dad55230a4a26fdaff601fe04e2ad2e9f7dc0e109d2e5c0178e1a2d25289c7a,rd=3 psy-rd=2.00 early-skip rskip mode=1 signhide tmvp b-intra strong-intra-smoothing deblock sao
core,5,1837993329,mt19937,64,64,10,yuv420p,IPB,cqp,14,,frame-threads=1:pools=4:log-level=info:keyint=250:min-keyint=25:bframes=4:b-adapt=2:scenecut=0:qp=14,61440,58362,,0.94990234375,,1121.04,14.9,1,2,7,11.0,14.0,15.71,False,0.0932,225.56,False,1.156217,2.635579,43.922,48,1.152563,2.677856,43.8529,48,1.162207,2.570215,44.0311,33,1.164844,2.531836,44.0964,17,5dad55230a4a26fdaff601fe04e2ad2e9f7dc0e109d2e5c0178e1a2d25289c7a,rd=3 psy-rd=2.00 early-skip rskip mode=1 signhide tmvp b-intra strong-intra-smoothing deblock sao
core,5,1837993329,mt19937,64,64,10,yuv420p,IPB,cqp,16,,frame-threads=1:pools=4:log-level=info:keyint=250:min-keyint=25:bframes=4:b-adapt=2:scenecut=0:qp=16,61440,55087,,0.8965983072916667,,1055.54,16.9,1,2,7,13.0,16.0,17.71,False,0.0915,237.47,False,1.439795,3.742627,42.399,46,1.416748,3.680566,42.4717,46,1.497754,3.951855,42.1628,33,1.474023,3.781641,42.354,17,5dad55230a4a26fdaff601fe04e2ad2e9f7dc0e109d2e5c0178e1a2d25289c7a,rd=3 psy-rd=2.00 early-skip rskip mode=1 signhide tmvp b-intra strong-intra-smoothing deblock sao
core,5,1837993329,mt19937,64,64,10,yuv420p,IPB,cqp,18,,frame-threads=1:pools=4:log-level=info:keyint=250:min-keyint=25:bframes=4:b-adapt=2:scenecut=0:qp=18,61440,51642,,0.84052734375,,986.64,18.9,1,2,7,15.0,18.0,19.71,False,0.1135,189.49,False,1.796387,5.457194,40.7611,16,1.779053,5.360938,40.8384,16,1.831836,5.622852,40.6312,10,1.830273,5.676563,40.5899,16,5dad55230a4a26fdaff601fe04e2ad2e9f7dc0e109d2e5c0178e1a2d25289c7a,rd=3 psy-rd=2.00 early-skip rskip mode=1 signhide tmvp b-intra strong-intra-smoothing deblock sao
core,5,1837993329,mt19937,64,64,10,yuv420p,IPB,cqp,20,,frame-threads=1:pools=4:log-level=info:keyint=250:min-keyint=25:bframes=4:b-adapt=2:scenecut=0:qp=20,61440,48158,,0.7838216145833333,,916.96,20.9,1,2,7,17.0,20.0,21.71,False,0.1195,167.71,False,2.251351,8.44139,38.8667,47,2.223804,8.25896,38.9616,47,2.302441,8.818262,38.677,20,2.310449,8.794238,38.6888,14,5dad55230a4a26fdaff601fe04e2ad2e9f7dc0e109d2e5c0178e1a2d25289c7a,rd=3 psy-rd=2.00 early-skip rskip mode=1 signhide tmvp b-intra strong-intra-smoothing deblock sao
core,5,1837993329,mt19937,64,64,10,yuv420p,IPB,cqp,24,,frame-threads=1:pools=4:log-level=info:keyint=250:min-keyint=25:bframes=4:b-adapt=2:scenecut=0:qp=24,61440,42143,,0.6859212239583333,,796.66,24.9,1,2,7,21.0,24.0,25.71,False,0.0996,209.88,False,3.560417,21.122103,34.8834,112,3.526489,20.670532,34.9773,49,3.646777,21.640137,34.7782,21,3.609766,22.410352,34.6263,112,5dad55230a4a26fdaff601fe04e2ad2e9f7dc0e109d2e5c0178e1a2d25289c7a,rd=3 psy-rd=2.00 early-skip rskip mode=1 signhide tmvp b-intra strong-intra-smoothing deblock sao
core,5,1837993329,mt19937,64,64,10,yuv420p,IPB,cqp,28,,frame-threads=1:pools=4:log-level=info:keyint=250:min-keyint=25:bframes=4:b-adapt=2:scenecut=0:qp=28,61440,36033,,0.586474609375,,674.46,28.9,1,2,7,25.0,28.0,29.71,False,0.107,177.09,False,5.565088,53.523226,30.8454,209,5.632397,54.233667,30.7881,100,5.399219,49.426758,31.1912,94,5.461719,54.77793,30.7447,209,5dad55230a4a26fdaff601fe04e2ad2e9f7dc0e109d2e5c0178e1a2d25289c7a,rd=3 psy-rd=2.00 early-skip rskip mode=1 signhide tmvp b-intra strong-intra-smoothing deblock sao
core,5,1837993329,mt19937,64,64,10,yuv420p,IPB,cqp,32,,frame-threads=1:pools=4:log-level=info:keyint=250:min-keyint=25:bframes=4:b-adapt=2:scenecut=0:qp=32,61440,30589,,0.49786783854166666,,565.58,32.9,1,2,7,29.0,32.0,33.71,False,0.0992,192.18,False,8.595801,120.67028,27.3148,94,8.852783,128.338037,27.0472,94,8.09707,105.768945,27.8872,47,8.066602,104.900586,27.923,41,5dad55230a4a26fdaff601fe04e2ad2e9f7dc0e109d2e5c0178e1a2d25289c7a,rd=3 psy-rd=2.00 early-skip rskip mode=1 signhide tmvp b-intra strong-intra-smoothing deblock sao
core,5,1837993329,mt19937,64,64,10,yuv420p,IPB,cqp,36,,frame-threads=1:pools=4:log-level=info:keyint=250:min-keyint=25:bframes=4:b-adapt=2:scenecut=0:qp=36,61440,24916,,0.40553385416666665,,452.12,36.9,1,2,7,33.0,36.0,37.71,False,0.1131,179.65,False,12.883464,273.659831,23.7587,82,14.11958,324.227246,23.0223,82,10.372559,171.911426,25.7778,56,10.449902,173.138574,25.7469,54,5dad55230a4a26fdaff601fe04e2ad2e9f7dc0e109d2e5c0178e1a2d25289c7a,rd=3 psy-rd=2.00 early-skip rskip mode=1 signhide tmvp b-intra strong-intra-smoothing deblock sao
core,5,1837993329,mt19937,64,64,10,yuv420p,IPB,cqp,40,,frame-threads=1:pools=4:log-level=info:keyint=250:min-keyint=25:bframes=4:b-adapt=2:scenecut=0:qp=40,61440,19790,,0.3221028645833333,,349.6,40.9,1,2,7,37.0,40.0,41.71,False,0.0933,223.87,False,19.12373,618.707161,20.216,128,22.124487,789.953491,19.1548,127,13.112109,274.491211,23.7455,64,13.132324,277.937793,23.6913,128,5dad55230a4a26fdaff601fe04e2ad2e9f7dc0e109d2e5c0178e1a2d25289c7a,rd=3 psy-rd=2.00 early-skip rskip mode=1 signhide tmvp b-intra strong-intra-smoothing deblock sao
core,5,1837993329,mt19937,64,64,10,yuv420p,IPB,cqp,44,,frame-threads=1:pools=4:log-level=info:keyint=250:min-keyint=25:bframes=4:b-adapt=2:scenecut=0:qp=44,61440,14190,,0.23095703125,,237.6,44.9,1,2,7,41.0,44.0,45.71,False,0.0986,242.86,False,29.168962,1459.893604,16.4876,184,34.709302,1929.171997,15.2771,184,18.110742,522.173828,20.9527,94,18.06582,520.499805,20.9666,98,5dad55230a4a26fdaff601fe04e2ad2e9f7dc0e109d2e5c0178e1a2d25289c7a,rd=3 psy-rd=2.00 early-skip rskip mode=1 signhide tmvp b-intra strong-intra-smoothing deblock sao
core,5,1837993329,mt19937,64,64,10,yuv420p,IPB,cqp,48,,frame-threads=1:pools=4:log-level=info:keyint=250:min-keyint=25:bframes=4:b-adapt=2:scenecut=0:qp=48,61440,6193,,0.10079752604166667,,77.66,48.9,1,2,7,45.0,48.0,49.71,False,0.0873,393.0,False,54.259229,4527.259587,11.5724,219,54.529517,4458.861353,11.6386,219,54.088867,4711.053906,11.3996,213,53.348438,4617.058203,11.4872,209,5dad55230a4a26fdaff601fe04e2ad2e9f7dc0e109d2e5c0178e1a2d25289c7a,rd=3 psy-rd=2.00 early-skip rskip mode=1 signhide tmvp b-intra strong-intra-smoothing deblock sao
core,5,1837993329,mt19937,64,64,10,yuv420p,IPB,cqp,51,,frame-threads=1:pools=4:log-level=info:keyint=250:min-keyint=25:bframes=4:b-adapt=2:scenecut=0:qp=51,61440,3690,,0.06005859375,,27.6,51.9,1,2,7,48.0,51.0,52.71,False,0.0686,725.48,False,63.797087,5894.184717,10.4266,240,64.330371,5919.161133,10.4082,240,62.775684,5848.553223,10.4603,239,62.685352,5839.910547,10.4667,229,5dad55230a4a26fdaff601fe04e2ad2e9f7dc0e109d2e5c0178e1a2d25289c7a,rd=3 psy-rd=2.00 early-skip rskip mode=1 signhide tmvp b-intra strong-intra-smoothing deblock sao
core,6,3604870346,mt19937,64,64,10,yuv420p,IPB,lossless,,,frame-threads=1:pools=4:log-level=info:keyint=250:min-keyint=25:bframes=4:b-adapt=2:scenecut=0:lossless=1,61440,84766,85717,1.3796549479166667,1.3951334635416666,1649.2,4.0,1,2,7,4.0,4.0,4.0,True,0.091,235.39,False,0.000798,0.004313,71.7829,8,0.000806,0.004272,71.824,8,0.000488,0.00166,75.9293,4,0.001074,0.007129,69.6006,8,07516d552c372a46d5593ed40d7b8f3d16b825bcd9fb3ecda511f0da7724f34d,rd=3 psy-rd=2.00 early-skip rskip mode=1 signhide tmvp b-intra strong-intra-smoothing deblock sao
core,6,3604870346,mt19937,64,64,10,yuv420p,IPB,cqp,0,,frame-threads=1:pools=4:log-level=info:keyint=250:min-keyint=25:bframes=4:b-adapt=2:scenecut=0:qp=0,61440,94484,,1.5378255208333333,,1844.02,0.0,1,2,7,0.0,0.0,0.0,False,0.1018,208.78,False,0.186035,2.706185,43.8072,120,0.215527,3.229199,43.0399,98,0.146777,2.718262,43.7879,120,0.107324,0.602051,50.3345,53,07516d552c372a46d5593ed40d7b8f3d16b825bcd9fb3ecda511f0da7724f34d,rd=3 psy-rd=2.00 early-skip rskip mode=1 signhide tmvp b-intra strong-intra-smoothing deblock sao
core,6,3604870346,mt19937,64,64,10,yuv420p,IPB,cqp,4,,frame-threads=1:pools=4:log-level=info:keyint=250:min-keyint=25:bframes=4:b-adapt=2:scenecut=0:qp=4,61440,80710,,1.3136393229166667,,1568.02,4.9,1,2,7,1.0,4.0,5.71,False,0.1027,201.66,False,0.327604,1.044531,47.9416,98,0.338501,1.223657,47.2542,98,0.30918,0.663477,49.9125,48,0.302441,0.709082,49.6238,53,07516d552c372a46d5593ed40d7b8f3d16b825bcd9fb3ecda511f0da7724f34d,rd=3 psy-rd=2.00 early-skip rskip mode=1 signhide tmvp b-intra strong-intra-smoothing deblock sao
core,6,3604870346,mt19937,64,64,10,yuv420p,IPB,cqp,8,,frame-threads=1:pools=4:log-level=info:keyint=250:min-keyint=25:bframes=4:b-adapt=2:scenecut=0:qp=8,61440,70485,,1.147216796875,,1363.52,8.9,1,2,7,5.0,8.0,9.71,False,0.0826,279.96,False,0.555518,1.300798,46.9887,86,0.564966,1.22981,47.2324,65,0.531543,1.000098,48.1304,38,0.541699,1.885449,45.3767,86,07516d552c372a46d5593ed40d7b8f3d16b825bcd9fb3ecda511f0da7724f34d,rd=3 psy-rd=2.00 early-skip rskip mode=1 signhide tmvp b-intra strong-intra-smoothing deblock sao
core,6,3604870346,mt19937,64,64,10,yuv420p,IPB,cqp,10,,frame-threads=1:pools=4:log-level=info:keyint=250:min-keyint=25:bframes=4:b-adapt=2:scenecut=0:qp=10,61440,66668,,1.0850911458333334,,1287.16,10.9,1,2,7,7.0,10.0,11.71,False,0.0799,291.83,False,0.703548,2.045573,45.0227,133,0.715479,2.428613,44.2772,133,0.674805,1.204492,47.3228,47,0.68457,1.354492,46.813,52,07516d552c372a46d5593ed40d7b8f3d16b825bcd9fb3ecda511f0da7724f34d,rd=3 psy-rd=2.00 early-skip rskip mode=1 signhide tmvp b-intra strong-intra-smoothing deblock sao
core,6,3604870346,mt19937,64,64,10,yuv420p,IPB,cqp,12,,frame-threads=1:pools=4:log-level=info:keyint=250:min-keyint=25:bframes=4:b-adapt=2:scenecut=0:qp=12,61440,61334,,0.9982747395833333,,1180.48,12.9,1,2,7,9.0,12.0,13.71,False,0.1159,181.46,False,0.936149,3.233936,43.0335,82,0.932202,2.973218,43.3985,72,0.922754,2.413965,44.3035,38,0.965332,5.096777,41.0578,82,07516d552c372a46d5593ed40d7b8f3d16b825bcd9fb3ecda511f0da7724f34d,rd=3 psy-rd=2.00 early-skip rskip mode=1 signhide tmvp b-intra strong-intra-smoothing deblock sao
core,6,3604870346,mt19937,64,64,10,yuv420p,IPB,cqp,14,,frame-threads=1:pools=4:log-level=info:keyint=250:min-keyint=25:bframes=4:b-adapt=2:scenecut=0:qp=14,61440,58424,,0.9509114583333333,,1122.28,14.9,1,2,7,11.0,14.0,15.71,False,0.1116,183.56,False,1.146257,2.369824,44.3836,28,1.134082,2.298145,44.517,13,1.155371,2.364746,44.393,11,1.18584,2.661621,43.8793,28,07516d552c372a46d5593ed40d7b8f3d16b825bcd9fb3ecda511f0da7724f34d,rd=3 psy-rd=2.00 early-skip rskip mode=1 signhide tmvp b-intra strong-intra-smoothing deblock sao
core,6,3604870346,mt19937,64,64,10,yuv420p,IPB,cqp,16,,frame-threads=1:pools=4:log-level=info:keyint=250:min-keyint=25:bframes=4:b-adapt=2:scenecut=0:qp=16,61440,55153,,0.8976725260416667,,1056.86,16.9,1,2,7,13.0,16.0,17.71,False,0.1018,226.09,False,1.48431,8.984538,38.5958,163,1.455786,8.073267,39.0603,117,1.520117,6.730859,39.8501,73,1.562598,14.883301,36.4038,163,07516d552c372a46d5593ed40d7b8f3d16b825bcd9fb3ecda511f0da7724f34d,rd=3 psy-rd=2.00 early-skip rskip mode=1 signhide tmvp b-intra strong-intra-smoothing deblock sao
core,6,3604870346,mt19937,64,64,10,yuv420p,IPB,cqp,18,,frame-threads=1:pools=4:log-level=info:keyint=250:min-keyint=25:bframes=4:b-adapt=2:scenecut=0:qp=18,61440,51552,,0.8390625,,984.84,18.9,1,2,7,15.0,18.0,19.71,False,0.0965,208.06,False,1.809749,5.72762,40.5511,82,1.795703,5.567676,40.6741,71,1.829297,5.764453,40.5232,39,1.846387,6.330566,40.1164,82,07516d552c372a46d5593ed40d7b8f3d16b825bcd9fb3ecda511f0da7724f34d,rd=3 psy-rd=2.00 early-skip rskip mode=1 signhide tmvp b-intra strong-intra-smoothing deblock sao
core,6,3604870346,mt19937,64,64,10,yuv420p,IPB,cqp,20,,frame-threads=1:pools=4:log-level=info:keyint=250:min-keyint=25:bframes=4:b-adapt=2:scenecut=0:qp=20,61440,48440,,0.7884114583333334,,922.6,20.9,1,2,7,17.0,20.0,21.71,False,0.1089,211.48,False,2.292578,11.399512,37.5619,129,2.259375,9.873486,38.1861,71,2.316699,10.200879,38.0444,53,2.40127,18.702246,35.4119,129,07516d552c372a46d5593ed40d7b8f3d16b825bcd9fb3ecda511f0da7724f34d,rd=3 psy-rd=2.00 early-skip rskip mode=1 signhide tmvp b-intra strong-intra-smoothing deblock sao
core,6,3604870346,mt19937,64,64,10,yuv420p,IPB,cqp,24,,frame-threads=1:pools=4:log-level=info:keyint=250:min-keyint=25:bframes=4:b-adapt=2:scenecut=0:qp=24,61440,41917,,0.6822428385416667,,792.14,24.9,1,2,7,21.0,24.0,25.71,False,0.1111,166.41,False,3.579671,20.909424,34.9274,21,3.554004,20.548535,35.003,19,3.611621,21.355566,34.8357,17,3.650391,21.906836,34.725,21,07516d552c372a46d5593ed40d7b8f3d16b825bcd9fb3ecda511f0da7724f34d,rd=3 psy-rd=2.00 early-skip rskip mode=1 signhide tmvp b-intra strong-intra-smoothing deblock sao
core,6,3604870346,mt19937,64,64,10,yuv420p,IPB,cqp,28,,frame-threads=1:pools=4:log-level=info:keyint=250:min-keyint=25:bframes=4:b-adapt=2:scenecut=0:qp=28,61440,36266,,0.5902669270833333,,679.12,28.9,1,2,7,25.0,28.0,29.71,False,0.1077,190.41,False,5.542952,51.779508,30.9892,135,5.609497,52.733618,30.9099,93,5.394629,49.921973,31.1479,106,5.425098,49.820605,31.1567,135,07516d552c372a46d5593ed40d7b8f3d16b825bcd9fb3ecda511f0da7724f34d,rd=3 psy-rd=2.00 early-skip rskip mode=1 signhide tmvp b-intra strong-intra-smoothing deblock sao
core,6,3604870346,mt19937,64,64,10,yuv420p,IPB,cqp,32,,frame-threads=1:pools=4:log-level=info:keyint=250:min-keyint=25:bframes=4:b-adapt=2:scenecut=0:qp=32,61440,30321,,0.493505859375,,560.22,32.9,1,2,7,29.0,32.0,33.71,False,0.0952,208.7,False,8.575635,119.197607,27.3681,53,8.828198,126.201099,27.1202,53,8.030371,104.318652,27.9472,43,8.110645,106.062598,27.8752,45,07516d552c372a46d5593ed40d7b8f3d16b825bcd9fb3ecda511f0da7724f34d,rd=3 psy-rd=2.00 early-skip rskip mode=1 signhide tmvp b-intra strong-intra-smoothing deblock sao
core,6,3604870346,mt19937,64,64,10,yuv420p,IPB,cqp,36,,frame-threads=1:pools=4:log-level=info:keyint=250:min-keyint=25:bframes=4:b-adapt=2:scenecut=0:qp=36,61440,25083,,0.408251953125,,455.46,36.9,1,2,7,33.0,36.0,37.71,False,0.1027,217.85,False,12.867171,271.67596,23.7903,84,14.047754,319.391699,23.0876,84,10.50918,175.864844,25.679,49,10.502832,176.624121,25.6603,57,07516d552c372a46d5593ed40d7b8f3d16b825bcd9fb3ecda511f0da7724f34d,rd=3 psy-rd=2.00 early-skip rskip mode=1 signhide tmvp b-intra strong-intra-smoothing deblock sao
core,6,3604870346,mt19937,64,64,10,yuv420p,IPB,cqp,40,,frame-threads=1:pools=4:log-level=info:keyint=250:min-keyint=25:bframes=4:b-adapt=2:scenecut=0:qp=40,61440,19596,,0.3189453125,,345.72,40.9,1,2,7,37.0,40.0,41.71,False,0.0974,203.71,False,19.131608,612.859277,20.2572,118,22.045996,779.430469,19.213,118,13.353809,282.046387,23.6276,76,13.251855,277.387402,23.6999,68,07516d552c372a46d5593ed40d7b8f3d16b825bcd9fb3ecda511f0da7724f34d,rd=3 psy-rd=2.00 early-skip rskip mode=1 signhide tmvp b-intra strong-intra-smoothing deblock sao
core,6,3604870346,mt19937,64,64,10,yuv420p,IPB,cqp,44,,frame-threads=1:pools=4:log-level=info:keyint=250:min-keyint=25:bframes=4:b-adapt=2:scenecut=0:qp=44,61440,14152,,0.23033854166666667,,236.84,44.9,1,2,7,41.0,44.0,45.71,False,0.092,230.45,False,29.16945,1453.032308,16.5081,182,34.708472,1917.465503,15.3035,182,18.203516,528.507812,20.9003,90,17.979297,519.824023,20.9722,89,07516d552c372a46d5593ed40d7b8f3d16b825bcd9fb3ecda511f0da7724f34d,rd=3 psy-rd=2.00 early-skip rskip mode=1 signhide tmvp b-intra strong-intra-smoothing deblock sao
core,6,3604870346,mt19937,64,64,10,yuv420p,IPB,cqp,48,,frame-threads=1:pools=4:log-level=info:keyint=250:min-keyint=25:bframes=4:b-adapt=2:scenecut=0:qp=48,61440,6508,,0.10592447916666667,,83.96,48.9,1,2,7,45.0,48.0,49.71,False,0.0674,478.45,False,52.898324,4329.910726,11.766,233,53.286841,4286.822729,11.8094,233,52.969922,4511.746484,11.5874,203,51.272656,4320.426953,11.7755,215,07516d552c372a46d5593ed40d7b8f3d16b825bcd9fb3ecda511f0da7724f34d,rd=3 psy-rd=2.00 early-skip rskip mode=1 signhide tmvp b-intra strong-intra-smoothing deblock sao
core,6,3604870346,mt19937,64,64,10,yuv420p,IPB,cqp,51,,frame-threads=1:pools=4:log-level=info:keyint=250:min-keyint=25:bframes=4:b-adapt=2:scenecut=0:qp=51,61440,3607,,0.05870768229166667,,25.94,51.9,1,2,7,48.0,51.0,52.71,False,0.0626,726.43,False,65.460824,6342.910824,10.1079,253,65.519238,6260.389258,10.1648,235,65.285742,6474.692383,10.0186,231,65.402246,6541.215527,9.9742,253,07516d552c372a46d5593ed40d7b8f3d16b825bcd9fb3ecda511f0da7724f34d,rd=3 psy-rd=2.00 early-skip rskip mode=1 signhide tmvp b-intra strong-intra-smoothing deblock sao
core,7,3224263715,mt19937,64,64,10,yuv420p,IPB,lossless,,,frame-threads=1:pools=4:log-level=info:keyint=250:min-keyint=25:bframes=4:b-adapt=2:scenecut=0:lossless=1,61440,84736,85687,1.3791666666666667,1.3946451822916666,1648.6,4.0,1,2,7,4.0,4.0,4.0,True,0.0895,245.92,False,0.000684,0.003678,72.4742,12,0.000879,0.005322,70.8698,12,0.000293,0.000488,81.2441,2,0.000293,0.000293,83.4626,1,3e00ad90b599bbedd74fc899cf031376bd89b454e7b0e9037d46e1e262c25f30,rd=3 psy-rd=2.00 early-skip rskip mode=1 signhide tmvp b-intra strong-intra-smoothing deblock sao
core,7,3224263715,mt19937,64,64,10,yuv420p,IPB,cqp,0,,frame-threads=1:pools=4:log-level=info:keyint=250:min-keyint=25:bframes=4:b-adapt=2:scenecut=0:qp=0,61440,94715,,1.5415852864583333,,1848.64,0.0,1,2,7,0.0,0.0,0.0,False,0.1052,215.62,False,0.178939,2.906185,43.4976,84,0.188574,2.55459,44.0576,71,0.140527,1.772949,45.6438,40,0.178809,5.445801,40.7702,84,3e00ad90b599bbedd74fc899cf031376bd89b454e7b0e9037d46e1e262c25f30,rd=3 psy-rd=2.00 early-skip rskip mode=1 signhide tmvp b-intra strong-intra-smoothing deblock sao
core,7,3224263715,mt19937,64,64,10,yuv420p,IPB,cqp,4,,frame-threads=1:pools=4:log-level=info:keyint=250:min-keyint=25:bframes=4:b-adapt=2:scenecut=0:qp=4,61440,80826,,1.31552734375,,1570.34,4.9,1,2,7,1.0,4.0,5.71,False,0.1019,237.72,False,0.422738,9.35861,38.4187,127,0.415918,6.362744,40.0944,85,0.433301,15.277246,36.2904,121,0.439453,15.423438,36.249,127,3e00ad90b599bbedd74fc899cf031376bd89b454e7b0e9037d46e1e262c25f30,rd=3 psy-rd=2.00 early-skip rskip mode=1 signhide tmvp b-intra strong-intra-smoothing deblock sao
core,7,3224263715,mt19937,64,64,10,yuv420p,IPB,cqp,8,,frame-threads=1:pools=4:log-level=info:keyint=250:min-keyint=25:bframes=4:b-adapt=2:scenecut=0:qp=8,61440,70523,,1.1478352864583334,,1364.28,8.9,1,2,7,5.0,8.0,9.71,False,0.0892,237.2,False,0.809456,9.229606,38.479,127,0.899121,11.265967,37.6131,127,0.630859,3.926563,42.1907,86,0.629395,6.387207,40.0777,96,3e00ad90b599bbedd74fc899cf031376bd89b454e7b0e9037d46e1e262c25f30,rd=3 psy-rd=2.00 early-skip rskip mode=1 signhide tmvp b-intra strong-intra-smoothing deblock sao
core,7,3224263715,mt19937,64,64,10,yuv420p,IPB,cqp,10,,frame-threads=1:pools=4:log-level=info:keyint=250:min-keyint=25:bframes=4:b-adapt=2:scenecut=0:qp=10,61440,65758,,1.0702799479166667,,1268.96,10.9,1,2,7,7.0,10.0,11.71,False,0.1071,229.03,False,0.715706,1.028695,48.0079,5,0.722803,1.046777,47.9323,5,0.70127,0.991699,48.167,4,0.701758,0.993359,48.1597,4,3e00ad90b599bbedd74fc899cf031376bd89b454e7b0e9037d46e1e262c25f30,rd=3 psy-rd=2.00 early-skip rskip mode=1 signhide tmvp b-intra strong-intra-smoothing deblock sao
core,7,3224263715,mt19937,64,64,10,yuv420p,IPB,cqp,12,,frame-threads=1:pools=4:log-level=info:keyint=250:min-keyint=25:bframes=4:b-adapt=2:scenecut=0:qp=12,61440,61532,,1.0014973958333333,,1184.44,12.9,1,2,7,9.0,12.0,13.71,False,0.0945,239.79,False,0.968018,6.557731,39.9633,179,0.962158,5.500977,40.7264,179,0.985547,9.534961,38.3376,159,0.973926,7.80752,39.2057,134,3e00ad90b599bbedd74fc899cf031376bd89b454e7b0e9037d46e1e262c25f30,rd=3 psy-rd=2.00 early-skip rskip mode=1 signhide tmvp b-intra strong-intra-smoothing deblock sao
core,7,3224263715,mt19937,64,64,10,yuv420p,IPB,cqp,14,,frame-threads=1:pools=4:log-level=info:keyint=250:min-keyint=25:bframes=4:b-adapt=2:scenecut=0:qp=14,61440,58642,,0.9544596354166667,,1126.64,14.9,1,2,7,11.0,14.0,15.71,False,0.0863,250.61,False,1.133219,2.289079,44.5342,9,1.128735,2.273022,44.5648,9,1.14707,2.338477,44.4415,6,1.137305,2.303906,44.5062,6,3e00ad90b599bbedd74fc899cf031376bd89b454e7b0e9037d46e1e262c25f30,rd=3 psy-rd=2.00 early-skip rskip mode=1 signhide tmvp b-intra strong-intra-smoothing deblock sao
core,7,3224263715,mt19937,64,64,10,yuv420p,IPB,cqp,16,,frame-threads=1:pools=4:log-level=info:keyint=250:min-keyint=25:bframes=4:b-adapt=2:scenecut=0:qp=16,61440,55602,,0.90498046875,,1065.84,16.9,1,2,7,13.0,16.0,17.71,False,0.0874,257.28,False,1.426009,3.537891,42.6434,38,1.404272,3.448364,42.7547,38,1.483789,3.785547,42.3495,8,1.455176,3.64834,42.5099,8,3e00ad90b599bbedd74fc899cf031376bd89b454e7b0e9037d46e1e262c25f30,rd=3 psy-rd=2.00 early-skip rskip mode=1 signhide tmvp b-intra strong-intra-smoothing deblock sao
core,7,3224263715,mt19937,64,64,10,yuv420p,IPB,cqp,18,,frame-threads=1:pools=4:log-level=info:keyint=250:min-keyint=25:bframes=4:b-adapt=2:scenecut=0:qp=18,61440,51867,,0.844189453125,,991.14,18.9,1,2,7,15.0,18.0,19.71,False,0.1104,160.41,False,1.832064,7.039811,39.6552,103,1.814575,6.470044,40.0217,59,1.924512,10.884473,37.7627,103,1.80957,5.474219,40.7476,10,3e00ad90b599bbedd74fc899cf031376bd89b454e7b0e9037d46e1e262c25f30,rd=3 psy-rd=2.00 early-skip rskip mode=1 signhide tmvp b-intra strong-intra-smoothing deblock sao
core,7,3224263715,mt19937,64,64,10,yuv420p,IPB,cqp,20,,frame-threads=1:pools=4:log-level=info:keyint=250:min-keyint=25:bframes=4:b-adapt=2:scenecut=0:qp=20,61440,48265,,0.7855631510416666,,919.1,20.9,1,2,7,17.0,20.0,21.71,False,0.1077,193.98,False,2.260758,8.460075,38.8571,35,2.246484,8.359668,38.9089,35,2.291797,8.661914,38.7547,12,2.286816,8.659863,38.7557,17,3e00ad90b599bbedd74fc899cf031376bd89b454e7b0e9037d46e1e262c25f30,rd=3 psy-rd=2.00 early-skip rskip mode=1 signhide tmvp b-intra strong-intra-smoothing deblock sao
core,7,3224263715,mt19937,64,64,10,yuv420p,IPB,cqp,24,,frame-threads=1:pools=4:log-level=info:keyint=250:min-keyint=25:bframes=4:b-adapt=2:scenecut=0:qp=24,61440,42089,,0.6850423177083333,,795.58,24.9,1,2,7,21.0,24.0,25.71,False,0.1074,187.74,False,3.995475,62.84681,30.148,207,3.982007,62.719214,30.1568,124,4.108301,75.087793,29.3751,207,3.936523,51.116211,31.0452,135,3e00ad90b599bbedd74fc899cf031376bd89b454e7b0e9037d46e1e262c25f30,rd=3 psy-rd=2.00 early-skip rskip mode=1 signhide tmvp b-intra strong-intra-smoothing deblock sao
core,7,3224263715,mt19937,64,64,10,yuv420p,IPB,cqp,28,,frame-threads=1:pools=4:log-level=info:keyint=250:min-keyint=25:bframes=4:b-adapt=2:scenecut=0:qp=28,61440,36092,,0.5874348958333333,,675.64,28.9,1,2,7,25.0,28.0,29.71,False,0.1027,186.28,False,5.503923,49.497607,31.185,67,5.560986,50.631104,31.0866,46,5.337598,46.384473,31.4671,67,5.441992,48.076758,31.3115,63,3e00ad90b599bbedd74fc899cf031376bd89b454e7b0e9037d46e1e262c25f30,rd=3 psy-rd=2.00 early-skip rskip mode=1 signhide tmvp b-intra strong-intra-smoothing deblock sao
core,7,3224263715,mt19937,64,64,10,yuv420p,IPB,cqp,32,,frame-threads=1:pools=4:log-level=info:keyint=250:min-keyint=25:bframes=4:b-adapt=2:scenecut=0:qp=32,61440,30428,,0.4952473958333333,,562.36,32.9,1,2,7,29.0,32.0,33.71,False,0.1204,154.23,False,8.569206,119.037109,27.374,62,8.826685,126.153979,27.1218,62,8.092578,106.318555,27.8647,45,8.015918,103.288184,27.9903,44,3e00ad90b599bbedd74fc899cf031376bd89b454e7b0e9037d46e1e262c25f30,rd=3 psy-rd=2.00 early-skip rskip mode=1 signhide tmvp b-intra strong-intra-smoothing deblock sao
core,7,3224263715,mt19937,64,64,10,yuv420p,IPB,cqp,36,,frame-threads=1:pools=4:log-level=info:keyint=250:min-keyint=25:bframes=4:b-adapt=2:scenecut=0:qp=36,61440,25126,,0.40895182291666665,,456.32,36.9,1,2,7,33.0,36.0,37.71,False,0.1066,200.48,False,12.818506,271.143083,23.7988,88,13.956421,317.108276,23.1187,88,10.613867,181.543945,25.541,79,10.471484,176.881445,25.654,66,3e00ad90b599bbedd74fc899cf031376bd89b454e7b0e9037d46e1e262c25f30,rd=3 psy-rd=2.00 early-skip rskip mode=1 signhide tmvp b-intra strong-intra-smoothing deblock sao
core,7,3224263715,mt19937,64,64,10,yuv420p,IPB,cqp,40,,frame-threads=1:pools=4:log-level=info:keyint=250:min-keyint=25:bframes=4:b-adapt=2:scenecut=0:qp=40,61440,19542,,0.31806640625,,344.64,40.9,1,2,7,37.0,40.0,41.71,False,0.1109,159.85,False,19.11429,614.004199,20.2491,128,22.105176,784.283643,19.1861,128,13.048633,269.962305,23.8178,65,13.216406,276.92832,23.7071,59,3e00ad90b599bbedd74fc899cf031376bd89b454e7b0e9037d46e1e262c25f30,rd=3 psy-rd=2.00 early-skip rskip mode=1 signhide tmvp b-intra strong-intra-smoothing deblock sao
core,7,3224263715,mt19937,64,64,10,yuv420p,IPB,cqp,44,,frame-threads=1:pools=4:log-level=info:keyint=250:min-keyint=25:bframes=4:b-adapt=2:scenecut=0:qp=44,61440,14128,,0.22994791666666667,,236.36,44.9,1,2,7,41.0,44.0,45.71,False,0.1075,187.95,False,29.259652,1463.719548,16.4762,198,34.850122,1935.525513,15.2628,198,18.139453,524.940039,20.9297,90,18.017969,515.275195,21.0104,86,3e00ad90b599bbedd74fc899cf031376bd89b454e7b0e9037d46e1e262c25f30,rd=3 psy-rd=2.00 early-skip rskip mode=1 signhide tmvp b-intra strong-intra-smoothing deblock sao
core,7,3224263715,mt19937,64,64,10,yuv420p,IPB,cqp,48,,frame-threads=1:pools=4:log-level=info:keyint=250:min-keyint=25:bframes=4:b-adapt=2:scenecut=0:qp=48,61440,6112,,0.09947916666666666,,76.04,48.9,1,2,7,45.0,48.0,49.71,False,0.0718,518.75,False,54.12736,4491.366846,11.607,231,54.323267,4431.865894,11.6649,231,53.858887,4624.413379,11.4802,201,53.612207,4596.324121,11.5067,204,3e00ad90b599bbedd74fc899cf031376bd89b454e7b0e9037d46e1e262c25f30,rd=3 psy-rd=2.00 early-skip rskip mode=1 signhide tmvp b-intra strong-intra-smoothing deblock sao
core,7,3224263715,mt19937,64,64,10,yuv420p,IPB,cqp,51,,frame-threads=1:pools=4:log-level=info:keyint=250:min-keyint=25:bframes=4:b-adapt=2:scenecut=0:qp=51,61440,3545,,0.057698567708333336,,24.7,51.9,1,2,7,48.0,51.0,52.71,False,0.0662,1016.78,False,64.914648,6163.818913,10.2323,253,65.204248,6142.052002,10.2477,253,64.898926,6289.987402,10.1443,236,63.771973,6124.718066,10.2599,221,3e00ad90b599bbedd74fc899cf031376bd89b454e7b0e9037d46e1e262c25f30,rd=3 psy-rd=2.00 early-skip rskip mode=1 signhide tmvp b-intra strong-intra-smoothing deblock sao
core,8,596834549,mt19937,64,64,10,yuv420p,IPB,lossless,,,frame-threads=1:pools=4:log-level=info:keyint=250:min-keyint=25:bframes=4:b-adapt=2:scenecut=0:lossless=1,61440,84783,85734,1.379931640625,1.39541015625,1649.54,4.0,1,2,7,4.0,4.0,4.0,True,0.0885,237.91,True,0.0,0.0,inf,0,0.0,0.0,inf,0,0.0,0.0,inf,0,0.0,0.0,inf,0,48865137401b6e50ae8c35d83499e9ba77c551bcf49c9e6b87c061f86d29ca15,rd=3 psy-rd=2.00 early-skip rskip mode=1 signhide tmvp b-intra strong-intra-smoothing deblock sao
core,8,596834549,mt19937,64,64,10,yuv420p,IPB,cqp,0,,frame-threads=1:pools=4:log-level=info:keyint=250:min-keyint=25:bframes=4:b-adapt=2:scenecut=0:qp=0,61440,94492,,1.5379557291666666,,1844.18,0.0,1,2,7,0.0,0.0,0.0,False,0.0977,271.25,False,0.13125,0.871842,48.7264,149,0.156885,1.184424,47.3957,149,0.077246,0.104004,57.9603,16,0.082715,0.389355,52.2273,55,48865137401b6e50ae8c35d83499e9ba77c551bcf49c9e6b87c061f86d29ca15,rd=3 psy-rd=2.00 early-skip rskip mode=1 signhide tmvp b-intra strong-intra-smoothing deblock sao
core,8,596834549,mt19937,64,64,10,yuv420p,IPB,cqp,4,,frame-threads=1:pools=4:log-level=info:keyint=250:min-keyint=25:bframes=4:b-adapt=2:scenecut=0:qp=4,61440,80752,,1.3143229166666666,,1568.86,4.9,1,2,7,1.0,4.0,5.71,False,0.1016,232.43,False,0.349154,1.182975,47.401,71,0.357275,0.980762,48.2152,23,0.356836,2.647461,43.9025,71,0.308984,0.527344,50.9099,19,48865137401b6e50ae8c35d83499e9ba77c551bcf49c9e6b87c061f86d29ca15,rd=3 psy-rd=2.00 early-skip rskip mode=1 signhide tmvp b-intra strong-intra-smoothing deblock sao
core,8,596834549,mt19937,64,64,10,yuv420p,IPB,cqp,8,,frame-threads=1:pools=4:log-level=info:keyint=250:min-keyint=25:bframes=4:b-adapt=2:scenecut=0:qp=8,61440,69829,,1.1365397135416666,,1350.4,8.9,1,2,7,5.0,8.0,9.71,False,0.1012,224.44,False,0.569954,0.79362,49.1347,43,0.573047,0.759863,49.3234,23,0.571094,0.925977,48.4648,43,0.556445,0.796289,49.1201,26,48865137401b6e50ae8c35d83499e9ba77c551bcf49c9e6b87c061f86d29ca15,rd=3 psy-rd=2.00 early-skip rskip mode=1 signhide tmvp b-intra strong-intra-smoothing deblock sao
core,8,596834549,mt19937,64,64,10,yuv420p,IPB,cqp,10,,frame-threads=1:pools=4:log-level=info:keyint=250:min-keyint=25:bframes=4:b-adapt=2:scenecut=0:qp=10,61440,65982,,1.07392578125,,1273.44,10.9,1,2,7,7.0,10.0,11.71,False,0.0886,274.6,False,0.742318,3.695898,42.4536,105,0.748462,3.267065,42.9892,103,0.727344,4.104883,41.9978,88,0.732715,5.002246,41.1392,105,48865137401b6e50ae8c35d83499e9ba77c551bcf49c9e6b87c061f86d29ca15,rd=3 psy-rd=2.00 early-skip rskip mode=1 signhide tmvp b-intra strong-intra-smoothing deblock sao
core,8,596834549,mt19937,64,64,10,yuv420p,IPB,cqp,12,,frame-threads=1:pools=4:log-level=info:keyint=250:min-keyint=25:bframes=4:b-adapt=2:scenecut=0:qp=12,61440,61644,,1.0033203125,,1186.68,12.9,1,2,7,9.0,12.0,13.71,False,0.1119,182.52,False,0.895573,1.508529,46.3453,13,0.891992,1.505078,46.3552,13,0.903027,1.515918,46.324,4,0.902441,1.514941,46.3268,6,48865137401b6e50ae8c35d83499e9ba77c551bcf49c9e6b87c061f86d29ca15,rd=3 psy-rd=2.00 early-skip rskip mode=1 signhide tmvp b-intra strong-intra-smoothing deblock sao
core,8,596834549,mt19937,64,64,10,yuv420p,IPB,cqp,14,,frame-threads=1:pools=4:log-level=info:keyint=250:min-keyint=25:bframes=4:b-adapt=2:scenecut=0:qp=14,61440,58085,,0.9453938802083334,,1115.5,14.9,1,2,7,11.0,14.0,15.71,False,0.0955,237.33,False,1.148356,2.332275,44.453,7,1.142603,2.307739,44.4989,6,1.171777,2.416895,44.2982,7,1.147949,2.345801,44.4279,7,48865137401b6e50ae8c35d83499e9ba77c551bcf49c9e6b87c061f86d29ca15,rd=3 psy-rd=2.00 early-skip rskip mode=1 signhide tmvp b-intra strong-intra-smoothing deblock sao
core,8,596834549,mt19937,64,64,10,yuv420p,IPB,cqp,16,,frame-threads=1:pools=4:log-level=info:keyint=250:min-keyint=25:bframes=4:b-adapt=2:scenecut=0:qp=16,61440,54971,,0.8947102864583333,,1053.22,16.9,1,2,7,13.0,16.0,17.71,False,0.0897,230.4,False,1.42946,3.503809,42.6854,9,1.406714,3.398511,42.8179,8,1.470898,3.672266,42.4815,9,1.479004,3.756543,42.3829,8,48865137401b6e50ae8c35d83499e9ba77c551bcf49c9e6b87c061f86d29ca15,rd=3 psy-rd=2.00 early-skip rskip mode=1 signhide tmvp b-intra strong-intra-smoothing deblock sao
core,8,596834549,mt19937,64,64,10,yuv420p,IPB,cqp,18,,frame-threads=1:pools=4:log-level=info:keyint=250:min-keyint=25:bframes=4:b-adapt=2:scenecut=0:qp=18,61440,51426,,0.83701171875,,982.32,18.9,1,2,7,15.0,18.0,19.71,False,0.1021,177.98,False,1.805973,5.473096,40.7485,27,1.788965,5.368604,40.8322,27,1.849609,5.759766,40.5268,10,1.830371,5.604395,40.6455,14,48865137401b6e50ae8c35d83499e9ba77c551bcf49c9e6b87c061f86d29ca15,rd=3 psy-rd=2.00 early-skip rskip mode=1 signhide tmvp b-intra strong-intra-smoothing deblock sao
core,8,596834549,mt19937,64,64,10,yuv420p,IPB,cqp,20,,frame-threads=1:pools=4:log-level=info:keyint=250:min-keyint=25:bframes=4:b-adapt=2:scenecut=0:qp=20,61440,48262,,0.7855143229166667,,919.04,20.9,1,2,7,17.0,20.0,21.71,False,0.1195,160.11,False,2.246875,8.566276,38.8029,89,2.222632,8.422192,38.8766,89,2.310449,9.030762,38.5736,55,2.280273,8.678125,38.7465,13,48865137401b6e50ae8c35d83499e9ba77c551bcf49c9e6b87c061f86d29ca15,rd=3 psy-rd=2.00 early-skip rskip mode=1 signhide tmvp b-intra strong-intra-smoothing deblock sao
core,8,596834549,mt19937,64,64,10,yuv420p,IPB,cqp,24,,frame-threads=1:pools=4:log-level=info:keyint=250:min-keyint=25:bframes=4:b-adapt=2:scenecut=0:qp=24,61440,41771,,0.6798665364583333,,789.22,24.9,1,2,7,21.0,24.0,25.71,False,0.098,209.33,False,3.572461,20.769824,34.9565,23,3.552344,20.500439,35.0132,23,3.614355,21.297949,34.8474,23,3.611035,21.319238,34.8431,19,48865137401b6e50ae8c35d83499e9ba77c551bcf49c9e6b87c061f86d29ca15,rd=3 psy-rd=2.00 early-skip rskip mode=1 signhide tmvp b-intra strong-intra-smoothing deblock sao
core,8,596834549,mt19937,64,64,10,yuv420p,IPB,cqp,28,,frame-threads=1:pools=4:log-level=info:keyint=250:min-keyint=25:bframes=4:b-adapt=2:scenecut=0:qp=28,61440,36238,,0.5898111979166667,,678.56,28.9,1,2,7,25.0,28.0,29.71,False,0.108,212.05,False,5.501839,49.216097,31.2097,31,5.564209,50.460742,31.1013,31,5.443848,47.472363,31.3664,27,5.310352,45.98125,31.505,29,48865137401b6e50ae8c35d83499e9ba77c551bcf49c9e6b87c061f86d29ca15,rd=3 psy-rd=2.00 early-skip rskip mode=1 signhide tmvp b-intra strong-intra-smoothing deblock sao
core,8,596834549,mt19937,64,64,10,yuv420p,IPB,cqp,32,,frame-threads=1:pools=4:log-level=info:keyint=250:min-keyint=25:bframes=4:b-adapt=2:scenecut=0:qp=32,61440,30307,,0.4932779947916667,,559.94,32.9,1,2,7,29.0,32.0,33.71,False,0.0939,218.05,False,8.601872,120.011702,27.3386,59,8.814307,126.432471,27.1122,59,8.224219,107.9125,27.8001,38,8.129785,106.427832,27.8603,43,48865137401b6e50ae8c35d83499e9ba77c551bcf49c9e6b87c061f86d29ca15,rd=3 psy-rd=2.00 early-skip rskip mode=1 signhide tmvp b-intra strong-intra-smoothing deblock sao
core,8,596834549,mt19937,64,64,10,yuv420p,IPB,cqp,36,,frame-threads=1:pools=4:log-level=info:keyint=250:min-keyint=25:bframes=4:b-adapt=2:scenecut=0:qp=36,61440,25040,,0.4075520833333333,,454.6,36.9,1,2,7,33.0,36.0,37.71,False,0.103,186.23,False,12.859408,271.096029,23.7996,79,14.044287,319.214063,23.09,79,10.445312,173.429883,25.7396,54,10.533984,176.290039,25.6685,50,48865137401b6e50ae8c35d83499e9ba77c551bcf49c9e6b87c061f86d29ca15,rd=3 psy-rd=2.00 early-skip rskip mode=1 signhide tmvp b-intra strong-intra-smoothing deblock sao
core,8,596834549,mt19937,64,64,10,yuv420p,IPB,cqp,40,,frame-threads=1:pools=4:log-level=info:keyint=250:min-keyint=25:bframes=4:b-adapt=2:scenecut=0:qp=40,61440,19617,,0.319287109375,,346.14,40.9,1,2,7,37.0,40.0,41.71,False,0.1035,192.9,False,19.111719,615.588607,20.2379,121,22.041211,783.77749,19.1889,121,13.318457,281.479785,23.6363,71,13.187012,276.941895,23.7069,79,48865137401b6e50ae8c35d83499e9ba77c551bcf49c9e6b87c061f86d29ca15,rd=3 psy-rd=2.00 early-skip rskip mode=1 signhide tmvp b-intra strong-intra-smoothing deblock sao
core,8,596834549,mt19937,64,64,10,yuv420p,IPB,cqp,44,,frame-threads=1:pools=4:log-level=info:keyint=250:min-keyint=25:bframes=4:b-adapt=2:scenecut=0:qp=44,61440,14179,,0.23077799479166666,,237.38,44.9,1,2,7,41.0,44.0,45.71,False,0.1079,165.46,False,29.254997,1462.214469,16.4807,187,34.812549,1929.997705,15.2752,187,18.024414,523.813477,20.939,102,18.255371,529.48252,20.8923,100,48865137401b6e50ae8c35d83499e9ba77c551bcf49c9e6b87c061f86d29ca15,rd=3 psy-rd=2.00 early-skip rskip mode=1 signhide tmvp b-intra strong-intra-smoothing deblock sao
core,8,596834549,mt19937,64,64,10,yuv420p,IPB,cqp,48,,frame-threads=1:pools=4:log-level=info:keyint=250:min-keyint=25:bframes=4:b-adapt=2:scenecut=0:qp=48,61440,6375,,0.103759765625,,81.3,48.9,1,2,7,45.0,48.0,49.71,False,0.0895,384.7,False,53.137516,4362.43029,11.7335,245,54.217822,4398.782178,11.6975,245,51.247656,4311.556641,11.7845,213,50.706152,4267.896387,11.8287,209,48865137401b6e50ae8c35d83499e9ba77c551bcf49c9e6b87c061f86d29ca15,rd=3 psy-rd=2.00 early-skip rskip mode=1 signhide tmvp b-intra strong-intra-smoothing deblock sao
core,8,596834549,mt19937,64,64,10,yuv420p,IPB,cqp,51,,frame-threads=1:pools=4:log-level=info:keyint=250:min-keyint=25:bframes=4:b-adapt=2:scenecut=0:qp=51,61440,3495,,0.056884765625,,23.7,51.9,1,2,7,48.0,51.0,52.71,False,0.0621,724.17,False,65.247054,6256.800537,10.1673,248,65.458057,6211.001025,10.1992,247,64.99502,6417.169629,10.0574,247,64.655078,6279.629492,10.1515,248,48865137401b6e50ae8c35d83499e9ba77c551bcf49c9e6b87c061f86d29ca15,rd=3 psy-rd=2.00 early-skip rskip mode=1 signhide tmvp b-intra strong-intra-smoothing deblock sao
core,9,216227918,mt19937,64,64,10,yuv420p,IPB,lossless,,,frame-threads=1:pools=4:log-level=info:keyint=250:min-keyint=25:bframes=4:b-adapt=2:scenecut=0:lossless=1,61440,84867,85818,1.381298828125,1.39677734375,1651.22,4.0,1,2,7,4.0,4.0,4.0,True,0.084,294.31,False,0.000228,0.000781,79.2029,6,0.000293,0.001123,77.6268,6,9.8e-05,9.8e-05,88.2338,1,9.8e-05,9.8e-05,88.2338,1,d587b225092faf2d4680c07b39ae5a6184b9412f91b07fc92d5cdd766e827094,rd=3 psy-rd=2.00 early-skip rskip mode=1 signhide tmvp b-intra strong-intra-smoothing deblock sao
core,9,216227918,mt19937,64,64,10,yuv420p,IPB,cqp,0,,frame-threads=1:pools=4:log-level=info:keyint=250:min-keyint=25:bframes=4:b-adapt=2:scenecut=0:qp=0,61440,94811,,1.5431477864583334,,1850.56,0.0,1,2,7,0.0,0.0,0.0,False,0.1016,186.69,False,0.131022,0.631576,50.1266,129,0.15415,0.861621,48.7776,129,0.08916,0.222363,54.6602,23,0.080371,0.120605,57.3171,19,d587b225092faf2d4680c07b39ae5a6184b9412f91b07fc92d5cdd766e827094,rd=3 psy-rd=2.00 early-skip rskip mode=1 signhide tmvp b-intra strong-intra-smoothing deblock sao
core,9,216227918,mt19937,64,64,10,yuv420p,IPB,cqp,4,,frame-threads=1:pools=4:log-level=info:keyint=250:min-keyint=25:bframes=4:b-adapt=2:scenecut=0:qp=4,61440,80936,,1.3173177083333334,,1572.54,4.9,1,2,7,1.0,4.0,5.71,False,0.0898,277.63,False,0.330599,0.595703,50.3805,46,0.341504,0.633057,50.1164,46,0.309277,0.568457,50.5838,22,0.308301,0.473535,51.3773,24,d587b225092faf2d4680c07b39ae5a6184b9412f91b07fc92d5cdd766e827094,rd=3 psy-rd=2.00 early-skip rskip mode=1 signhide tmvp b-intra strong-intra-smoothing deblock sao
core,9,216227918,mt19937,64,64,10,yuv420p,IPB,cqp,8,,frame-threads=1:pools=4:log-level=info:keyint=250:min-keyint=25:bframes=4:b-adapt=2:scenecut=0:qp=8,61440,70489,,1.1472819010416666,,1363.6,8.9,1,2,7,5.0,8.0,9.71,False,0.0935,217.04,False,0.559489,0.891846,48.6279,38,0.571436,0.960205,48.3072,38,0.530176,0.744043,49.4148,23,0.541016,0.766211,49.2873,24,d587b225092faf2d4680c07b39ae5a6184b9412f91b07fc92d5cdd766e827094,rd=3 psy-rd=2.00 early-skip rskip mode=1 signhide tmvp b-intra strong-intra-smoothing deblock sao
core,9,216227918,mt19937,64,64,10,yuv420p,IPB,cqp,10,,frame-threads=1:pools=4:log-level=info:keyint=250:min-keyint=25:bframes=4:b-adapt=2:scenecut=0:qp=10,61440,66014,,1.0744466145833333,,1274.08,10.9,1,2,7,7.0,10.0,11.71,False,0.1091,191.88,False,0.714567,1.032894,47.9902,18,0.726123,1.068115,47.8446,18,0.691504,0.971777,48.2551,8,0.691406,0.953125,48.3393,4,d587b225092faf2d4680c07b39ae5a6184b9412f91b07fc92d5cdd766e827094,rd=3 psy-rd=2.00 early-skip rskip mode=1 signhide tmvp b-intra strong-intra-smoothing deblock sao
core,9,216227918,mt19937,64,64,10,yuv420p,IPB,cqp,12,,frame-threads=1:pools=4:log-level=info:keyint=250:min-keyint=25:bframes=4:b-adapt=2:scenecut=0:qp=12,61440,61559,,1.0019368489583333,,1184.98,12.9,1,2,7,9.0,12.0,13.71,False,0.1009,209.89,False,0.913981,1.712223,45.7952,47,0.911963,1.74917,45.7025,47,0.920703,1.581445,46.1403,10,0.915332,1.695215,45.8386,24,d587b225092faf2d4680c07b39ae5a6184b9412f91b07fc92d5cdd766e827094,rd=3 psy-rd=2.00 early-skip rskip mode=1 signhide tmvp b-intra strong-intra-smoothing deblock sao
core,9,216227918,mt19937,64,64,10,yuv420p,IPB,cqp,14,,frame-threads=1:pools=4:log-level=info:keyint=250:min-keyint=25:bframes=4:b-adapt=2:scenecut=0:qp=14,61440,58428,,0.9509765625,,1122.36,14.9,1,2,7,11.0,14.0,15.71,False,0.1003,187.08,False,1.146045,2.522607,44.1123,80,1.135596,2.577393,44.019,80,1.152148,2.349023,44.4219,11,1.181738,2.477051,44.1915,24,d587b225092faf2d4680c07b39ae5a6184b9412f91b07fc92d5cdd766e827094,rd=3 psy-rd=2.00 early-skip rskip mode=1 signhide tmvp b-intra strong-intra-smoothing deblock sao
core,9,216227918,mt19937,64,64,10,yuv420p,IPB,cqp,16,,frame-threads=1:pools=4:log-level=info:keyint=250:min-keyint=25:bframes=4:b-adapt=2:scenecut=0:qp=16,61440,55238,,0.8990559895833333,,1058.56,16.9,1,2,7,13.0,16.0,17.71,False,0.0952,215.45,False,1.437223,3.661735,42.4939,66,1.415674,3.490576,42.7018,34,1.475293,4.193457,41.9051,66,1.485352,3.814648,42.3163,21,d587b225092faf2d4680c07b39ae5a6184b9412f91b07fc92d5cdd766e827094,rd=3 psy-rd=2.00 early-skip rskip mode=1 signhide tmvp b-intra strong-intra-smoothing deblock sao
core,9,216227918,mt19937,64,64,10,yuv420p,IPB,cqp,18,,frame-threads=1:pools=4:log-level=info:keyint=250:min-keyint=25:bframes=4:b-adapt=2:scenecut=0:qp=18,61440,51656,,0.8407552083333333,,986.92,18.9,1,2,7,15.0,18.0,19.71,False,0.1,202.18,False,1.811035,7.843913,39.1855,121,1.794214,8.540356,38.816,121,1.854102,7.288086,39.5047,110,1.835254,5.613965,40.6381,11,d587b225092faf2d4680c07b39ae5a6184b9412f91b07fc92d5cdd766e827094,rd=3 psy-rd=2.00 early-skip rskip mode=1 signhide tmvp b-intra strong-intra-smoothing deblock sao
core,9,216227918,mt19937,64,64,10,yuv420p,IPB,cqp,20,,frame-threads=1:pools=4:log-level=info:keyint=250:min-keyint=25:bframes=4:b-adapt=2:scenecut=0:qp=20,61440,48377,,0.7873860677083333,,921.34,20.9,1,2,7,17.0,20.0,21.71,False,0.0988,203.86,False,2.264079,9.294255,38.4487,63,2.24021,9.462817,38.3706,63,2.320117,9.006641,38.5852,27,2.303516,8.907617,38.6332,31,d587b225092faf2d4680c07b39ae5a6184b9412f91b07fc92d5cdd766e827094,rd=3 psy-rd=2.00 early-skip rskip mode=1 signhide tmvp b-intra strong-intra-smoothing deblock sao
core,9,216227918,mt19937,64,64,10,yuv420p,IPB,cqp,24,,frame-threads=1:pools=4:log-level=info:keyint=250:min-keyint=25:bframes=4:b-adapt=2:scenecut=0:qp=24,61440,41757,,0.679638671875,,788.94,24.9,1,2,7,21.0,24.0,25.71,False,0.1184,177.31,False,3.590218,21.356624,34.8355,51,3.571655,21.207153,34.866,51,3.627832,21.78877,34.7485,27,3.626855,21.522363,34.8019,27,d587b225092faf2d4680c07b39ae5a6184b9412f91b07fc92d5cdd766e827094,rd=3 psy-rd=2.00 early-skip rskip mode=1 signhide tmvp b-intra strong-intra-smoothing deblock sao
core,9,216227918,mt19937,64,64,10,yuv420p,IPB,cqp,28,,frame-threads=1:pools=4:log-level=info:keyint=250:min-keyint=25:bframes=4:b-adapt=2:scenecut=0:qp=28,61440,36168,,0.588671875,,677.16,28.9,1,2,7,25.0,28.0,29.71,False,0.0996,191.82,False,5.526221,51.931299,30.9765,117,5.585718,54.204272,30.7905,117,5.425391,47.858398,31.3312,38,5.389062,46.912305,31.4179,31,d587b225092faf2d4680c07b39ae5a6184b9412f91b07fc92d5cdd766e827094,rd=3 psy-rd=2.00 early-skip rskip mode=1 signhide tmvp b-intra strong-intra-smoothing deblock sao
core,9,216227918,mt19937,64,64,10,yuv420p,IPB,cqp,32,,frame-threads=1:pools=4:log-level=info:keyint=250:min-keyint=25:bframes=4:b-adapt=2:scenecut=0:qp=32,61440,30169,,0.49103190104166666,,557.18,32.9,1,2,7,29.0,32.0,33.71,False,0.1289,153.34,False,8.592415,120.013086,27.3385,54,8.871777,127.867871,27.0632,54,8.012793,103.611035,27.9767,40,8.05459,104.995996,27.9191,45,d587b225092faf2d4680c07b39ae5a6184b9412f91b07fc92d5cdd766e827094,rd=3 psy-rd=2.00 early-skip rskip mode=1 signhide tmvp b-intra strong-intra-smoothing deblock sao
core,9,216227918,mt19937,64,64,10,yuv420p,IPB,cqp,36,,frame-threads=1:pools=4:log-level=info:keyint=250:min-keyint=25:bframes=4:b-adapt=2:scenecut=0:qp=36,61440,24987,,0.406689453125,,453.54,36.9,1,2,7,33.0,36.0,37.71,False,0.096,217.81,False,12.859342,272.449316,23.7779,92,14.017896,320.002319,23.0793,92,10.564648,177.888672,25.6293,53,10.519824,176.797949,25.656,50,d587b225092faf2d4680c07b39ae5a6184b9412f91b07fc92d5cdd766e827094,rd=3 psy-rd=2.00 early-skip rskip mode=1 signhide tmvp b-intra strong-intra-smoothing deblock sao
core,9,216227918,mt19937,64,64,10,yuv420p,IPB,cqp,40,,frame-threads=1:pools=4:log-level=info:keyint=250:min-keyint=25:bframes=4:b-adapt=2:scenecut=0:qp=40,61440,19639,,0.31964518229166666,,346.58,40.9,1,2,7,37.0,40.0,41.71,False,0.1076,189.24,False,19.070101,612.256755,20.2615,130,22.00127,780.71084,19.2059,130,13.17373,276.116113,23.7199,73,13.241797,274.581055,23.7441,67,d587b225092faf2d4680c07b39ae5a6184b9412f91b07fc92d5cdd766e827094,rd=3 psy-rd=2.00 early-skip rskip mode=1 signhide tmvp b-intra strong-intra-smoothing deblock sao
core,9,216227918,mt19937,64,64,10,yuv420p,IPB,cqp,44,,frame-threads=1:pools=4:log-level=info:keyint=250:min-keyint=25:bframes=4:b-adapt=2:scenecut=0:qp=44,61440,14245,,0.23185221354166666,,238.7,44.9,1,2,7,41.0,44.0,45.71,False,0.0939,247.51,False,29.142594,1450.555485,16.5155,179,34.641479,1913.639575,15.3122,179,18.137012,522.84209,20.9471,92,18.152637,525.93252,20.9215,91,d587b225092faf2d4680c07b39ae5a6184b9412f91b07fc92d5cdd766e827094,rd=3 psy-rd=2.00 early-skip rskip mode=1 signhide tmvp b-intra strong-intra-smoothing deblock sao
core,9,216227918,mt19937,64,64,10,yuv420p,IPB,cqp,48,,frame-threads=1:pools=4:log-level=info:keyint=250:min-keyint=25:bframes=4:b-adapt=2:scenecut=0:qp=48,61440,6189,,0.100732421875,,77.58,48.9,1,2,7,45.0,48.0,49.71,False,0.0772,515.68,False,53.962907,4480.22443,11.6178,246,54.485889,4474.765137,11.6231,246,53.46416,4580.153418,11.522,195,52.369727,4402.132617,11.6942,208,d587b225092faf2d4680c07b39ae5a6184b9412f91b07fc92d5cdd766e827094,rd=3 psy-rd=2.00 early-skip rskip mode=1 signhide tmvp b-intra strong-intra-smoothing deblock sao
core,9,216227918,mt19937,64,64,10,yuv420p,IPB,cqp,51,,frame-threads=1:pools=4:log-level=info:keyint=250:min-keyint=25:bframes=4:b-adapt=2:scenecut=0:qp=51,61440,3655,,0.059488932291666664,,26.9,51.9,1,2,7,48.0,51.0,52.71,False,0.0604,773.51,False,64.648389,6107.214144,10.2724,247,64.738623,6052.241602,10.3116,247,64.521582,6234.354395,10.1829,238,64.414258,6199.964063,10.2069,239,d587b225092faf2d4680c07b39ae5a6184b9412f91b07fc92d5cdd766e827094,rd=3 psy-rd=2.00 early-skip rskip mode=1 signhide tmvp b-intra strong-intra-smoothing deblock sao
core,10,1883766048,mt19937,64,64,10,yuv420p,IPB,lossless,,,frame-threads=1:pools=4:log-level=info:keyint=250:min-keyint=25:bframes=4:b-adapt=2:scenecut=0:lossless=1,61440,84981,85932,1.383154296875,1.3986328125,1653.5,4.0,1,2,7,4.0,4.0,4.0,True,0.1116,182.82,False,0.00319,0.103027,58.0013,59,0.002515,0.063062,60.1332,45,0.001855,0.015527,66.2198,12,0.007227,0.350391,52.6853,59,e998e619982b1afc8f1f8a1a60810887fa7be8fabd82ce3b0a25ab60a90b20d1,rd=3 psy-rd=2.00 early-skip rskip mode=1 signhide tmvp b-intra strong-intra-smoothing deblock sao
core,10,1883766048,mt19937,64,64,10,yuv420p,IPB,cqp,0,,frame-threads=1:pools=4:log-level=info:keyint=250:min-keyint=25:bframes=4:b-adapt=2:scenecut=0:qp=0,61440,94673,,1.5409016927083334,,1847.8,0.0,1,2,7,0.0,0.0,0.0,False,0.0848,259.74,False,0.128434,0.256787,54.0351,55,0.147852,0.285645,53.5725,55,0.091309,0.243652,54.2631,27,0.087891,0.154492,56.2417,14,e998e619982b1afc8f1f8a1a60810887fa7be8fabd82ce3b0a25ab60a90b20d1,rd=3 psy-rd=2.00 early-skip rskip mode=1 signhide tmvp b-intra strong-intra-smoothing deblock sao
core,10,1883766048,mt19937,64,64,10,yuv420p,IPB,cqp,4,,frame-threads=1:pools=4:log-level=info:keyint=250:min-keyint=25:bframes=4:b-adapt=2:scenecut=0:qp=4,61440,80707,,1.3135904947916666,,1567.96,4.9,1,2,7,1.0,4.0,5.71,False,0.0918,256.34,False,0.317204,0.378499,52.3502,20,0.32937,0.401294,52.0962,20,0.291211,0.298633,53.3794,3,0.294531,0.367188,52.4819,16,e998e619982b1afc8f1f8a1a60810887fa7be8fabd82ce3b0a25ab60a90b20d1,rd=3 psy-rd=2.00 early-skip rskip mode=1 signhide tmvp b-intra strong-intra-smoothing deblock sao
core,10,1883766048,mt19937,64,64,10,yuv420p,IPB,cqp,8,,frame-threads=1:pools=4:log-level=info:keyint=250:min-keyint=25:bframes=4:b-adapt=2:scenecut=0:qp=8,61440,70180,,1.1422526041666667,,1357.42,8.9,1,2,7,5.0,8.0,9.71,False,0.1017,218.43,False,0.566211,0.703092,49.6607,4,0.575659,0.721313,49.5496,4,0.547168,0.668262,49.8813,3,0.547461,0.665039,49.9023,3,e998e619982b1afc8f1f8a1a60810887fa7be8fabd82ce3b0a25ab60a90b20d1,rd=3 psy-rd=2.00 early-skip rskip mode=1 signhide tmvp b-intra strong-intra-smoothing deblock sao
core,10,1883766048,mt19937,64,64,10,yuv420p,IPB,cqp,10,,frame-threads=1:pools=4:log-level=info:keyint=250:min-keyint=25:bframes=4:b-adapt=2:scenecut=0:qp=10,61440,66501,,1.082373046875,,1283.82,10.9,1,2,7,7.0,10.0,11.71,False,0.0882,286.77,False,0.701758,1.246322,47.1745,41,0.710596,1.283984,47.0452,40,0.683301,1.008301,48.0949,18,0.684863,1.333691,46.8803,41,e998e619982b1afc8f1f8a1a60810887fa7be8fabd82ce3b0a25ab60a90b20d1,rd=3 psy-rd=2.00 early-skip rskip mode=1 signhide tmvp b-intra strong-intra-smoothing deblock sao
core,10,1883766048,mt19937,64,64,10,yuv420p,IPB,cqp,12,,frame-threads=1:pools=4:log-level=info:keyint=250:min-keyint=25:bframes=4:b-adapt=2:scenecut=0:qp=12,61440,61456,,1.0002604166666667,,1182.92,12.9,1,2,7,9.0,12.0,13.71,False,0.1026,202.94,False,0.925863,2.209229,44.6884,87,0.925659,2.264282,44.5815,87,0.922559,1.968457,45.1895,52,0.92998,2.229785,44.6482,61,e998e619982b1afc8f1f8a1a60810887fa7be8fabd82ce3b0a25ab60a90b20d1,rd=3 psy-rd=2.00 early-skip rskip mode=1 signhide tmvp b-intra strong-intra-smoothing deblock sao
core,10,1883766048,mt19937,64,64,10,yuv420p,IPB,cqp,14,,frame-threads=1:pools=4:log-level=info:keyint=250:min-keyint=25:bframes=4:b-adapt=2:scenecut=0:qp=14,61440,58631,,0.9542805989583333,,1126.42,14.9,1,2,7,11.0,14.0,15.71,False,0.1172,174.1,False,1.23654,9.863851,38.1903,125,1.223242,8.139209,39.025,75,1.343359,23.931641,34.3411,125,1.18291,2.694629,43.8258,17,e998e619982b1afc8f1f8a1a60810887fa7be8fabd82ce3b0a25ab60a90b20d1,rd=3 psy-rd=2.00 early-skip rskip mode=1 signhide tmvp b-intra strong-intra-smoothing deblock sao
core,10,1883766048,mt19937,64,64,10,yuv420p,IPB,cqp,16,,frame-threads=1:pools=4:log-level=info:keyint=250:min-keyint=25:bframes=4:b-adapt=2:scenecut=0:qp=16,61440,55212,,0.8986328125,,1058.04,16.9,1,2,7,13.0,16.0,17.71,False,0.0997,221.43,False,1.432926,3.527979,42.6555,9,1.404077,3.405005,42.8096,8,1.485937,3.752539,42.3876,8,1.495313,3.795313,42.3383,9,e998e619982b1afc8f1f8a1a60810887fa7be8fabd82ce3b0a25ab60a90b20d1,rd=3 psy-rd=2.00 early-skip rskip mode=1 signhide tmvp b-intra strong-intra-smoothing deblock sao
core,10,1883766048,mt19937,64,64,10,yuv420p,IPB,cqp,18,,frame-threads=1:pools=4:log-level=info:keyint=250:min-keyint=25:bframes=4:b-adapt=2:scenecut=0:qp=18,61440,51825,,0.843505859375,,990.3,18.9,1,2,7,15.0,18.0,19.71,False,0.0976,209.34,False,1.92876,11.94751,37.358,98,1.928003,13.315601,36.8872,98,1.925684,8.656738,38.7573,51,1.934863,9.765918,38.2337,96,e998e619982b1afc8f1f8a1a60810887fa7be8fabd82ce3b0a25ab60a90b20d1,rd=3 psy-rd=2.00 early-skip rskip mode=1 signhide tmvp b-intra strong-intra-smoothing deblock sao
core,10,1883766048,mt19937,64,64,10,yuv420p,IPB,cqp,20,,frame-threads=1:pools=4:log-level=info:keyint=250:min-keyint=25:bframes=4:b-adapt=2:scenecut=0:qp=20,61440,48374,,0.7873372395833333,,921.28,20.9,1,2,7,17.0,20.0,21.71,False,0.0992,208.46,False,2.254085,8.381917,38.8974,19,2.233594,8.235156,38.9741,14,2.29834,8.712402,38.7294,19,2.291797,8.638477,38.7664,14,e998e619982b1afc8f1f8a1a60810887fa7be8fabd82ce3b0a25ab60a90b20d1,rd=3 psy-rd=2.00 early-skip rskip mode=1 signhide tmvp b-intra strong-intra-smoothing deblock sao
core,10,1883766048,mt19937,64,64,10,yuv420p,IPB,cqp,24,,frame-threads=1:pools=4:log-level=info:keyint=250:min-keyint=25:bframes=4:b-adapt=2:scenecut=0:qp=24,61440,41889,,0.681787109375,,791.58,24.9,1,2,7,21.0,24.0,25.71,False,0.1062,176.84,False,3.552295,20.662061,34.9791,20,3.511768,20.204102,35.0764,20,3.621191,21.409473,34.8247,18,3.645508,21.746484,34.7569,20,e998e619982b1afc8f1f8a1a60810887fa7be8fabd82ce3b0a25ab60a90b20d1,rd=3 psy-rd=2.00 early-skip rskip mode=1 signhide tmvp b-intra strong-intra-smoothing deblock sao
core,10,1883766048,mt19937,64,64,10,yuv420p,IPB,cqp,28,,frame-threads=1:pools=4:log-level=info:keyint=250:min-keyint=25:bframes=4:b-adapt=2:scenecut=0:qp=28,61440,36163,,0.5885904947916667,,677.06,28.9,1,2,7,25.0,28.0,29.71,False,0.1175,163.97,False,5.53597,52.441276,30.9341,108,5.612646,54.789795,30.7438,108,5.379492,47.757227,31.3404,66,5.385742,47.73125,31.3428,55,e998e619982b1afc8f1f8a1a60810887fa7be8fabd82ce3b0a25ab60a90b20d1,rd=3 psy-rd=2.00 early-skip rskip mode=1 signhide tmvp b-intra strong-intra-smoothing deblock sao
core,10,1883766048,mt19937,64,64,10,yuv420p,IPB,cqp,32,,frame-threads=1:pools=4:log-level=info:keyint=250:min-keyint=25:bframes=4:b-adapt=2:scenecut=0:qp=32,61440,30257,,0.49246419270833336,,558.94,32.9,1,2,7,29.0,32.0,33.71,False,0.1108,176.48,False,8.641683,120.781331,27.3108,72,8.902075,128.071899,27.0563,72,8.052051,105.05166,27.9168,47,8.189746,107.34873,27.8228,51,e998e619982b1afc8f1f8a1a60810887fa7be8fabd82ce3b0a25ab60a90b20d1,rd=3 psy-rd=2.00 early-skip rskip mode=1 signhide tmvp b-intra strong-intra-smoothing deblock sao
core,10,1883766048,mt19937,64,64,10,yuv420p,IPB,cqp,36,,frame-threads=1:pools=4:log-level=info:keyint=250:min-keyint=25:bframes=4:b-adapt=2:scenecut=0:qp=36,61440,24846,,0.40439453125,,450.72,36.9,1,2,7,33.0,36.0,37.71,False,0.1028,201.47,False,12.857812,270.032975,23.8166,109,14.040894,317.583569,23.1122,109,10.507422,175.989844,25.6759,66,10.475879,173.87373,25.7285,51,e998e619982b1afc8f1f8a1a60810887fa7be8fabd82ce3b0a25ab60a90b20d1,rd=3 psy-rd=2.00 early-skip rskip mode=1 signhide tmvp b-intra strong-intra-smoothing deblock sao
core,10,1883766048,mt19937,64,64,10,yuv420p,IPB,cqp,40,,frame-threads=1:pools=4:log-level=info:keyint=250:min-keyint=25:bframes=4:b-adapt=2:scenecut=0:qp=40,61440,19615,,0.3192545572916667,,346.1,40.9,1,2,7,37.0,40.0,41.71,False,0.1025,199.92,False,19.013216,611.170736,20.2692,142,21.965454,779.987769,19.2099,142,13.027832,270.974902,23.8015,66,13.189648,276.098437,23.7202,64,e998e619982b1afc8f1f8a1a60810887fa7be8fabd82ce3b0a25ab60a90b20d1,rd=3 psy-rd=2.00 early-skip rskip mode=1 signhide tmvp b-intra strong-intra-smoothing deblock sao
core,10,1883766048,mt19937,64,64,10,yuv420p,IPB,cqp,44,,frame-threads=1:pools=4:log-level=info:keyint=250:min-keyint=25:bframes=4:b-adapt=2:scenecut=0:qp=44,61440,14116,,0.22975260416666668,,236.12,44.9,1,2,7,41.0,44.0,45.71,False,0.1073,195.36,False,29.205827,1456.331901,16.4982,192,34.732886,1920.409399,15.2969,192,17.993457,520.595605,20.9658,91,18.309961,535.758203,20.8411,99,e998e619982b1afc8f1f8a1a60810887fa7be8fabd82ce3b0a25ab60a90b20d1,rd=3 psy-rd=2.00 early-skip rskip mode=1 signhide tmvp b-intra strong-intra-smoothing deblock sao
core,10,1883766048,mt19937,64,64,10,yuv420p,IPB,cqp,48,,frame-threads=1:pools=4:log-level=info:keyint=250:min-keyint=25:bframes=4:b-adapt=2:scenecut=0:qp=48,61440,6098,,0.09925130208333334,,75.76,48.9,1,2,7,45.0,48.0,49.71,False,0.0769,508.57,False,54.080404,4484.003776,11.6141,237,54.659619,4466.300195,11.6313,232,52.757324,4500.771777,11.5979,237,53.086621,4538.050098,11.5621,224,e998e619982b1afc8f1f8a1a60810887fa7be8fabd82ce3b0a25ab60a90b20d1,rd=3 psy-rd=2.00 early-skip rskip mode=1 signhide tmvp b-intra strong-intra-smoothing deblock sao
core,10,1883766048,mt19937,64,64,10,yuv420p,IPB,cqp,51,,frame-threads=1:pools=4:log-level=info:keyint=250:min-keyint=25:bframes=4:b-adapt=2:scenecut=0:qp=51,61440,3567,,0.058056640625,,25.14,51.9,1,2,7,48.0,51.0,52.71,False,0.0674,971.06,False,64.130273,5975.178288,10.3673,244,64.652417,5989.185718,10.3571,244,63.217285,5960.908105,10.3777,234,62.954687,5933.41875,10.3978,232,e998e619982b1afc8f1f8a1a60810887fa7be8fabd82ce3b0a25ab60a90b20d1,rd=3 psy-rd=2.00 early-skip rskip mode=1 signhide tmvp b-intra strong-intra-smoothing deblock sao
core,11,3650643065,mt19937,64,64,10,yuv420p,IPB,lossless,,,frame-threads=1:pools=4:log-level=info:keyint=250:min-keyint=25:bframes=4:b-adapt=2:scenecut=0:lossless=1,61440,84986,85937,1.3832356770833334,1.3987141927083333,1653.6,4.0,1,2,7,4.0,4.0,4.0,True,0.1141,186.95,False,0.168278,11.711019,37.4449,156,0.193042,14.180688,36.6138,156,0.189551,12.786621,37.0632,136,0.047949,0.756738,49.3413,27,ce315db64c87bae423a7905ec3602c337d21e368202b7786332b571fd676e5ac,rd=3 psy-rd=2.00 early-skip rskip mode=1 signhide tmvp b-intra strong-intra-smoothing deblock sao
core,11,3650643065,mt19937,64,64,10,yuv420p,IPB,cqp,0,,frame-threads=1:pools=4:log-level=info:keyint=250:min-keyint=25:bframes=4:b-adapt=2:scenecut=0:qp=0,61440,94644,,1.5404296875,,1847.22,0.0,1,2,7,0.0,0.0,0.0,False,0.0988,275.82,False,0.201156,3.576221,42.5966,137,0.239087,4.360767,41.7352,137,0.113184,1.805566,45.5647,47,0.137402,2.208691,44.6895,45,ce315db64c87bae423a7905ec3602c337d21e368202b7786332b571fd676e5ac,rd=3 psy-rd=2.00 early-skip rskip mode=1 signhide tmvp b-intra strong-intra-smoothing deblock sao
core,11,3650643065,mt19937,64,64,10,yuv420p,IPB,cqp,4,,frame-threads=1:pools=4:log-level=info:keyint=250:min-keyint=25:bframes=4:b-adapt=2:scenecut=0:qp=4,61440,80803,,1.3151529947916667,,1569.88,4.9,1,2,7,1.0,4.0,5.71,False,0.1047,199.57,False,0.341553,2.138265,44.8302,137,0.358984,2.657617,43.8859,137,0.294629,0.765527,49.2912,69,0.31875,1.433594,46.5665,83,ce315db64c87bae423a7905ec3602c337d21e368202b7786332b571fd676e5ac,rd=3 psy-rd=2.00 early-skip rskip mode=1 signhide tmvp b-intra strong-intra-smoothing deblock sao
core,11,3650643065,mt19937,64,64,10,yuv420p,IPB,cqp,8,,frame-threads=1:pools=4:log-level=info:keyint=250:min-keyint=25:bframes=4:b-adapt=2:scenecut=0:qp=8,61440,70287,,1.143994140625,,1359.56,8.9,1,2,7,5.0,8.0,9.71,False,0.1024,220.34,False,0.562793,0.918197,48.5014,108,0.571118,1.020776,48.0415,108,0.538965,0.667676,49.8851,3,0.55332,0.758398,49.3318,27,ce315db64c87bae423a7905ec3602c337d21e368202b7786332b571fd676e5ac,rd=3 psy-rd=2.00 early-skip rskip mode=1 signhide tmvp b-intra strong-intra-smoothing deblock sao
core,11,3650643065,mt19937,64,64,10,yuv420p,IPB,cqp,10,,frame-threads=1:pools=4:log-level=info:keyint=250:min-keyint=25:bframes=4:b-adapt=2:scenecut=0:qp=10,61440,66277,,1.0787272135416666,,1279.34,10.9,1,2,7,7.0,10.0,11.71,False,0.1098,201.93,False,0.701432,1.047005,47.9313,59,0.712988,1.10415,47.7005,59,0.670215,0.913965,48.5215,4,0.686426,0.951465,48.3469,14,ce315db64c87bae423a7905ec3602c337d21e368202b7786332b571fd676e5ac,rd=3 psy-rd=2.00 early-skip rskip mode=1 signhide tmvp b-intra strong-intra-smoothing deblock sao
core,11,3650643065,mt19937,64,64,10,yuv420p,IPB,cqp,12,,frame-threads=1:pools=4:log-level=info:keyint=250:min-keyint=25:bframes=4:b-adapt=2:scenecut=0:qp=12,61440,61541,,1.0016438802083334,,1184.62,12.9,1,2,7,9.0,12.0,13.71,False,0.1075,186.45,False,0.903255,1.519759,46.3131,11,0.900488,1.51377,46.3302,11,0.914258,1.542773,46.2478,6,0.90332,1.520703,46.3104,5,ce315db64c87bae423a7905ec3602c337d21e368202b7786332b571fd676e5ac,rd=3 psy-rd=2.00 early-skip rskip mode=1 signhide tmvp b-intra strong-intra-smoothing deblock sao
core,11,3650643065,mt19937,64,64,10,yuv420p,IPB,cqp,14,,frame-threads=1:pools=4:log-level=info:keyint=250:min-keyint=25:bframes=4:b-adapt=2:scenecut=0:qp=14,61440,58200,,0.947265625,,1117.8,14.9,1,2,7,11.0,14.0,15.71,False,0.112,193.61,False,1.149658,2.342529,44.434,7,1.137573,2.297046,44.5191,7,1.168457,2.412793,44.3056,6,1.179199,2.454199,44.2317,7,ce315db64c87bae423a7905ec3602c337d21e368202b7786332b571fd676e5ac,rd=3 psy-rd=2.00 early-skip rskip mode=1 signhide tmvp b-intra strong-intra-smoothing deblock sao
core,11,3650643065,mt19937,64,64,10,yuv420p,IPB,cqp,16,,frame-threads=1:pools=4:log-level=info:keyint=250:min-keyint=25:bframes=4:b-adapt=2:scenecut=0:qp=16,61440,55142,,0.8974934895833333,,1056.64,16.9,1,2,7,13.0,16.0,17.71,False,0.0996,214.99,False,1.439242,3.821501,42.3085,78,1.418115,3.83999,42.2875,78,1.489844,3.848438,42.278,28,1.473145,3.720605,42.4247,14,ce315db64c87bae423a7905ec3602c337d21e368202b7786332b571fd676e5ac,rd=3 psy-rd=2.00 early-skip rskip mode=1 signhide tmvp b-intra strong-intra-smoothing deblock sao
core,11,3650643065,mt19937,64,64,10,yuv420p,IPB,cqp,18,,frame-threads=1:pools=4:log-level=info:keyint=250:min-keyint=25:bframes=4:b-adapt=2:scenecut=0:qp=18,61440,51832,,0.8436197916666667,,990.44,18.9,1,2,7,15.0,18.0,19.71,False,0.1117,163.54,False,1.839355,7.619173,39.3117,114,1.807275,6.591016,39.9413,88,1.922461,9.907422,38.1712,114,1.88457,9.443555,38.3794,106,ce315db64c87bae423a7905ec3602c337d21e368202b7786332b571fd676e5ac,rd=3 psy-rd=2.00 early-skip rskip mode=1 signhide tmvp b-intra strong-intra-smoothing deblock sao
core,11,3650643065,mt19937,64,64,10,yuv420p,IPB,cqp,20,,frame-threads=1:pools=4:log-level=info:keyint=250:min-keyint=25:bframes=4:b-adapt=2:scenecut=0:qp=20,61440,48289,,0.7859537760416667,,919.58,20.9,1,2,7,17.0,20.0,21.71,False,0.1159,157.25,False,2.262549,8.441976,38.8664,14,2.232861,8.20791,38.9885,14,2.31123,8.840332,38.6661,12,2.332617,8.979883,38.5981,14,ce315db64c87bae423a7905ec3602c337d21e368202b7786332b571fd676e5ac,rd=3 psy-rd=2.00 early-skip rskip mode=1 signhide tmvp b-intra strong-intra-smoothing deblock sao
core,11,3650643065,mt19937,64,64,10,yuv420p,IPB,cqp,24,,frame-threads=1:pools=4:log-level=info:keyint=250:min-keyint=25:bframes=4:b-adapt=2:scenecut=0:qp=24,61440,42036,,0.6841796875,,794.52,24.9,1,2,7,21.0,24.0,25.71,False,0.1154,206.5,False,3.700977,29.716243,33.4009,103,3.682617,30.350635,33.3091,103,3.741406,28.286133,33.6151,69,3.733984,28.608789,33.5658,81,ce315db64c87bae423a7905ec3602c337d21e368202b7786332b571fd676e5ac,rd=3 psy-rd=2.00 early-skip rskip mode=1 signhide tmvp b-intra strong-intra-smoothing deblock sao
core,11,3650643065,mt19937,64,64,10,yuv420p,IPB,cqp,28,,frame-threads=1:pools=4:log-level=info:keyint=250:min-keyint=25:bframes=4:b-adapt=2:scenecut=0:qp=28,61440,36239,,0.5898274739583333,,678.58,28.9,1,2,7,25.0,28.0,29.71,False,0.1046,193.39,False,5.495231,49.227816,31.2087,79,5.549292,50.432495,31.1037,79,5.437891,47.569336,31.3575,27,5.336328,46.067578,31.4968,26,ce315db64c87bae423a7905ec3602c337d21e368202b7786332b571fd676e5ac,rd=3 psy-rd=2.00 early-skip rskip mode=1 signhide tmvp b-intra strong-intra-smoothing deblock sao
core,11,3650643065,mt19937,64,64,10,yuv420p,IPB,cqp,32,,frame-threads=1:pools=4:log-level=info:keyint=250:min-keyint=25:bframes=4:b-adapt=2:scenecut=0:qp=32,61440,30424,,0.49518229166666666,,562.28,32.9,1,2,7,29.0,32.0,33.71,False,0.1124,179.94,False,8.590999,119.722314,27.3491,48,8.793652,125.425146,27.147,48,8.194629,108.627637,27.7714,41,8.176758,108.005664,27.7963,44,ce315db64c87bae423a7905ec3602c337d21e368202b7786332b571fd676e5ac,rd=3 psy-rd=2.00 early-skip rskip mode=1 signhide tmvp b-intra strong-intra-smoothing deblock sao
core,11,3650643065,mt19937,64,64,10,yuv420p,IPB,cqp,36,,frame-threads=1:pools=4:log-level=info:keyint=250:min-keyint=25:bframes=4:b-adapt=2:scenecut=0:qp=36,61440,25031,,0.40740559895833334,,454.42,36.9,1,2,7,33.0,36.0,37.71,False,0.1031,192.9,False,12.846224,270.989616,23.8013,77,13.974927,317.175122,23.1178,77,10.52832,177.145508,25.6475,57,10.649316,180.091699,25.5759,52,ce315db64c87bae423a7905ec3602c337d21e368202b7786332b571fd676e5ac,rd=3 psy-rd=2.00 early-skip rskip mode=1 signhide tmvp b-intra strong-intra-smoothing deblock sao
core,11,3650643065,mt19937,64,64,10,yuv420p,IPB,cqp,40,,frame-threads=1:pools=4:log-level=info:keyint=250:min-keyint=25:bframes=4:b-adapt=2:scenecut=0:qp=40,61440,19666,,0.32008463541666665,,347.12,40.9,1,2,7,37.0,40.0,41.71,False,0.1033,222.33,False,19.052295,612.53488,20.2595,137,22.039111,783.356104,19.1912,137,12.962793,266.830957,23.8684,69,13.194531,274.953906,23.7382,75,ce315db64c87bae423a7905ec3602c337d21e368202b7786332b571fd676e5ac,rd=3 psy-rd=2.00 early-skip rskip mode=1 signhide tmvp b-intra strong-intra-smoothing deblock sao
core,11,3650643065,mt19937,64,64,10,yuv420p,IPB,cqp,44,,frame-threads=1:pools=4:log-level=info:keyint=250:min-keyint=25:bframes=4:b-adapt=2:scenecut=0:qp=44,61440,14130,,0.22998046875,,236.4,44.9,1,2,7,41.0,44.0,45.71,False,0.0986,204.1,False,29.362207,1474.47666,16.4444,182,34.987744,1948.91709,15.2329,182,18.150781,526.4375,20.9173,92,18.071484,524.754102,20.9312,101,ce315db64c87bae423a7905ec3602c337d21e368202b7786332b571fd676e5ac,rd=3 psy-rd=2.00 early-skip rskip mode=1 signhide tmvp b-intra strong-intra-smoothing deblock sao
core,11,3650643065,mt19937,64,64,10,yuv420p,IPB,cqp,48,,frame-threads=1:pools=4:log-level=info:keyint=250:min-keyint=25:bframes=4:b-adapt=2:scenecut=0:qp=48,61440,6423,,0.104541015625,,82.26,48.9,1,2,7,45.0,48.0,49.71,False,0.0774,392.54,False,53.0986,4360.339225,11.7356,224,53.384399,4291.453687,11.8048,224,52.993945,4554.559766,11.5463,206,52.060059,4441.66084,11.6553,208,ce315db64c87bae423a7905ec3602c337d21e368202b7786332b571fd676e5ac,rd=3 psy-rd=2.00 early-skip rskip mode=1 signhide tmvp b-intra strong-intra-smoothing deblock sao
core,11,3650643065,mt19937,64,64,10,yuv420p,IPB,cqp,51,,frame-threads=1:pools=4:log-level=info:keyint=250:min-keyint=25:bframes=4:b-adapt=2:scenecut=0:qp=51,61440,3709,,0.06036783854166667,,27.98,51.9,1,2,7,48.0,51.0,52.71,False,0.0692,703.43,False,64.797982,6165.580208,10.2311,248,65.278564,6177.753076,10.2225,248,64.032617,6195.31875,10.2102,242,63.641016,6087.150195,10.2867,222,ce315db64c87bae423a7905ec3602c337d21e368202b7786332b571fd676e5ac,rd=3 psy-rd=2.00 early-skip rskip mode=1 signhide tmvp b-intra strong-intra-smoothing deblock sao
core,12,3270036434,mt19937,64,64,10,yuv420p,IPB,lossless,,,frame-threads=1:pools=4:log-level=info:keyint=250:min-keyint=25:bframes=4:b-adapt=2:scenecut=0:lossless=1,61440,84904,85855,1.3819010416666666,1.3973795572916667,1651.96,4.0,1,2,7,4.0,4.0,4.0,True,0.1024,197.15,False,0.020898,1.242839,47.1867,101,0.02019,0.983521,48.203,90,0.040234,3.48125,42.7135,101,0.004395,0.041699,61.9295,11,7604751b1fd1d6a42cf0bb19310e09bb312965f52a2e6ba0fdceceb5849b44ea,rd=3 psy-rd=2.00 early-skip rskip mode=1 signhide tmvp b-intra strong-intra-smoothing deblock sao
core,12,3270036434,mt19937,64,64,10,yuv420p,IPB,cqp,0,,frame-threads=1:pools=4:log-level=info:keyint=250:min-keyint=25:bframes=4:b-adapt=2:scenecut=0:qp=0,61440,94628,,1.5401692708333334,,1846.9,0.0,1,2,7,0.0,0.0,0.0,False,0.0876,262.94,False,0.19834,3.107878,43.2062,149,0.2396,4.162158,41.9376,149,0.123535,0.899707,48.5898,66,0.108105,1.098926,47.7211,73,7604751b1fd1d6a42cf0bb19310e09bb312965f52a2e6ba0fdceceb5849b44ea,rd=3 psy-rd=2.00 early-skip rskip mode=1 signhide tmvp b-intra strong-intra-smoothing deblock sao
core,12,3270036434,mt19937,64,64,10,yuv420p,IPB,cqp,4,,frame-threads=1:pools=4:log-level=info:keyint=250:min-keyint=25:bframes=4:b-adapt=2:scenecut=0:qp=4,61440,80791,,1.3149576822916667,,1569.64,4.9,1,2,7,1.0,4.0,5.71,False,0.1011,222.43,False,0.340104,0.855404,48.8091,64,0.363281,1.082031,47.7884,64,0.297949,0.499512,51.1453,37,0.289551,0.304785,53.2909,7,7604751b1fd1d6a42cf0bb19310e09bb312965f52a2e6ba0fdceceb5849b44ea,rd=3 psy-rd=2.00 early-skip rskip mode=1 signhide tmvp b-intra strong-intra-smoothing deblock sao
core,12,3270036434,mt19937,64,64,10,yuv420p,IPB,cqp,8,,frame-threads=1:pools=4:log-level=info:keyint=250:min-keyint=25:bframes=4:b-adapt=2:scenecut=0:qp=8,61440,70679,,1.1503743489583333,,1367.4,8.9,1,2,7,5.0,8.0,9.71,False,0.099,220.71,False,0.701465,10.45599,37.9372,137,0.74397,12.644116,37.1119,137,0.629395,5.986816,40.3588,95,0.603516,6.172656,40.2261,97,7604751b1fd1d6a42cf0bb19310e09bb312965f52a2e6ba0fdceceb5849b44ea,rd=3 psy-rd=2.00 early-skip rskip mode=1 signhide tmvp b-intra strong-intra-smoothing deblock sao
core,12,3270036434,mt19937,64,64,10,yuv420p,IPB,cqp,10,,frame-threads=1:pools=4:log-level=info:keyint=250:min-keyint=25:bframes=4:b-adapt=2:scenecut=0:qp=10,61440,65974,,1.0737955729166666,,1273.28,10.9,1,2,7,7.0,10.0,11.71,False,0.0992,206.72,False,0.721566,1.265706,47.1075,42,0.735645,1.397363,46.6777,42,0.697949,1.041699,47.9534,12,0.688867,0.963086,48.2942,6,7604751b1fd1d6a42cf0bb19310e09bb312965f52a2e6ba0fdceceb5849b44ea,rd=3 psy-rd=2.00 early-skip rskip mode=1 signhide tmvp b-intra strong-intra-smoothing deblock sao
core,12,3270036434,mt19937,64,64,10,yuv420p,IPB,cqp,12,,frame-threads=1:pools=4:log-level=info:keyint=250:min-keyint=25:bframes=4:b-adapt=2:scenecut=0:qp=12,61440,61823,,1.0062337239583334,,1190.26,12.9,1,2,7,9.0,12.0,13.71,False,0.0956,209.31,False,0.903743,1.535807,46.2674,23,0.905786,1.533618,46.2736,15,0.900195,1.554102,46.216,23,0.899121,1.52627,46.2945,16,7604751b1fd1d6a42cf0bb19310e09bb312965f52a2e6ba0fdceceb5849b44ea,rd=3 psy-rd=2.00 early-skip rskip mode=1 signhide tmvp b-intra strong-intra-smoothing deblock sao
core,12,3270036434,mt19937,64,64,10,yuv420p,IPB,cqp,14,,frame-threads=1:pools=4:log-level=info:keyint=250:min-keyint=25:bframes=4:b-adapt=2:scenecut=0:qp=14,61440,59491,,0.9682779947916667,,1143.62,14.9,1,2,7,11.0,14.0,15.71,False,0.1056,202.03,False,1.267822,20.504378,35.0123,218,1.270215,21.95625,34.7152,218,1.254492,16.157227,36.0471,172,1.271582,19.044043,35.3332,179,7604751b1fd1d6a42cf0bb19310e09bb312965f52a2e6ba0fdceceb5849b44ea,rd=3 psy-rd=2.00 early-skip rskip mode=1 signhide tmvp b-intra strong-intra-smoothing deblock sao
core,12,3270036434,mt19937,64,64,10,yuv420p,IPB,cqp,16,,frame-threads=1:pools=4:log-level=info:keyint=250:min-keyint=25:bframes=4:b-adapt=2:scenecut=0:qp=16,61440,55631,,0.9054524739583333,,1066.42,16.9,1,2,7,13.0,16.0,17.71,False,0.1069,208.45,False,1.631413,21.278939,34.8513,138,1.65686,26.552563,33.8897,138,1.587988,11.891504,37.3784,101,1.573047,9.571875,38.3208,97,7604751b1fd1d6a42cf0bb19310e09bb312965f52a2e6ba0fdceceb5849b44ea,rd=3 psy-rd=2.00 early-skip rskip mode=1 signhide tmvp b-intra strong-intra-smoothing deblock sao
core,12,3270036434,mt19937,64,64,10,yuv420p,IPB,cqp,18,,frame-threads=1:pools=4:log-level=info:keyint=250:min-keyint=25:bframes=4:b-adapt=2:scenecut=0:qp=18,61440,51739,,0.8421061197916667,,988.58,18.9,1,2,7,15.0,18.0,19.71,False,0.1009,198.77,False,1.80057,5.814469,40.4857,82,1.782349,5.783618,40.5088,82,1.839648,6.088086,40.286,51,1.834375,5.664258,40.5994,19,7604751b1fd1d6a42cf0bb19310e09bb312965f52a2e6ba0fdceceb5849b44ea,rd=3 psy-rd=2.00 early-skip rskip mode=1 signhide tmvp b-intra strong-intra-smoothing deblock sao
core,12,3270036434,mt19937,64,64,10,yuv420p,IPB,cqp,20,,frame-threads=1:pools=4:log-level=info:keyint=250:min-keyint=25:bframes=4:b-adapt=2:scenecut=0:qp=20,61440,48585,,0.790771484375,,925.5,20.9,1,2,7,17.0,20.0,21.71,False,0.1138,152.12,False,2.356673,17.272038,35.7574,141,2.350146,18.417822,35.4784,141,2.367773,14.187891,36.6116,95,2.37168,15.773047,36.1516,99,7604751b1fd1d6a42cf0bb19310e09bb312965f52a2e6ba0fdceceb5849b44ea,rd=3 psy-rd=2.00 early-skip rskip mode=1 signhide tmvp b-intra strong-intra-smoothing deblock sao
core,12,3270036434,mt19937,64,64,10,yuv420p,IPB,cqp,24,,frame-threads=1:pools=4:log-level=info:keyint=250:min-keyint=25:bframes=4:b-adapt=2:scenecut=0:qp=24,61440,41770,,0.6798502604166666,,789.2,24.9,1,2,7,21.0,24.0,25.71,False,0.1174,176.11,False,3.563395,20.758773,34.9588,21,3.532324,20.404639,35.0335,21,3.61748,21.483887,34.8097,21,3.633594,21.450195,34.8165,19,7604751b1fd1d6a42cf0bb19310e09bb312965f52a2e6ba0fdceceb5849b44ea,rd=3 psy-rd=2.00 early-skip rskip mode=1 signhide tmvp b-intra strong-intra-smoothing deblock sao
core,12,3270036434,mt19937,64,64,10,yuv420p,IPB,cqp,28,,frame-threads=1:pools=4:log-level=info:keyint=250:min-keyint=25:bframes=4:b-adapt=2:scenecut=0:qp=28,61440,35977,,0.5855631510416667,,673.34,28.9,1,2,7,25.0,28.0,29.71,False,0.0974,222.83,False,5.492171,49.129248,31.2174,32,5.540649,50.323853,31.1131,31,5.378516,46.689844,31.4386,32,5.411914,46.790234,31.4293,29,7604751b1fd1d6a42cf0bb19310e09bb312965f52a2e6ba0fdceceb5849b44ea,rd=3 psy-rd=2.00 early-skip rskip mode=1 signhide tmvp b-intra strong-intra-smoothing deblock sao
core,12,3270036434,mt19937,64,64,10,yuv420p,IPB,cqp,32,,frame-threads=1:pools=4:log-level=info:keyint=250:min-keyint=25:bframes=4:b-adapt=2:scenecut=0:qp=32,61440,30466,,0.49586588541666665,,563.12,32.9,1,2,7,29.0,32.0,33.71,False,0.1081,185.31,False,8.60179,121.627083,27.2805,136,8.836206,128.847681,27.03,136,8.100293,106.611035,27.8528,43,8.165625,107.760742,27.8062,46,7604751b1fd1d6a42cf0bb19310e09bb312965f52a2e6ba0fdceceb5849b44ea,rd=3 psy-rd=2.00 early-skip rskip mode=1 signhide tmvp b-intra strong-intra-smoothing deblock sao
core,12,3270036434,mt19937,64,64,10,yuv420p,IPB,cqp,36,,frame-threads=1:pools=4:log-level=info:keyint=250:min-keyint=25:bframes=4:b-adapt=2:scenecut=0:qp=36,61440,25382,,0.41311848958333336,,461.44,36.9,1,2,7,33.0,36.0,37.71,False,0.1056,168.95,False,12.829134,269.842253,23.8197,79,13.951172,315.204687,23.1449,79,10.646289,181.325977,25.5462,55,10.523828,176.908789,25.6533,72,7604751b1fd1d6a42cf0bb19310e09bb312965f52a2e6ba0fdceceb5849b44ea,rd=3 psy-rd=2.00 early-skip rskip mode=1 signhide tmvp b-intra strong-intra-smoothing deblock sao
core,12,3270036434,mt19937,64,64,10,yuv420p,IPB,cqp,40,,frame-threads=1:pools=4:log-level=info:keyint=250:min-keyint=25:bframes=4:b-adapt=2:scenecut=0:qp=40,61440,19717,,0.3209147135416667,,348.14,40.9,1,2,7,37.0,40.0,41.71,False,0.117,168.22,False,19.022445,611.919515,20.2639,124,21.981836,781.315918,19.2025,124,13.013281,271.717773,23.7896,67,13.194043,274.535645,23.7448,71,7604751b1fd1d6a42cf0bb19310e09bb312965f52a2e6ba0fdceceb5849b44ea,rd=3 psy-rd=2.00 early-skip rskip mode=1 signhide tmvp b-intra strong-intra-smoothing deblock sao
core,12,3270036434,mt19937,64,64,10,yuv420p,IPB,cqp,44,,frame-threads=1:pools=4:log-level=info:keyint=250:min-keyint=25:bframes=4:b-adapt=2:scenecut=0:qp=44,61440,14098,,0.22945963541666667,,235.76,44.9,1,2,7,41.0,44.0,45.71,False,0.1109,195.07,False,29.429362,1475.15918,16.4424,189,35.026465,1947.763721,15.2354,189,18.234863,534.889746,20.8482,93,18.235449,525.010449,20.9291,92,7604751b1fd1d6a42cf0bb19310e09bb312965f52a2e6ba0fdceceb5849b44ea,rd=3 psy-rd=2.00 early-skip rskip mode=1 signhide tmvp b-intra strong-intra-smoothing deblock sao
core,12,3270036434,mt19937,64,64,10,yuv420p,IPB,cqp,48,,frame-threads=1:pools=4:log-level=info:keyint=250:min-keyint=25:bframes=4:b-adapt=2:scenecut=0:qp=48,61440,6345,,0.103271484375,,80.7,48.9,1,2,7,45.0,48.0,49.71,False,0.0749,420.56,False,53.543604,4407.761995,11.6886,229,53.57522,4325.701685,11.7702,229,53.993164,4632.545508,11.4726,199,52.967578,4511.219727,11.5879,218,7604751b1fd1d6a42cf0bb19310e09bb312965f52a2e6ba0fdceceb5849b44ea,rd=3 psy-rd=2.00 early-skip rskip mode=1 signhide tmvp b-intra strong-intra-smoothing deblock sao
core,12,3270036434,mt19937,64,64,10,yuv420p,IPB,cqp,51,,frame-threads=1:pools=4:log-level=info:keyint=250:min-keyint=25:bframes=4:b-adapt=2:scenecut=0:qp=51,61440,3607,,0.05870768229166667,,25.94,51.9,1,2,7,48.0,51.0,52.71,False,0.0759,617.06,False,65.442985,6298.114893,10.1387,250,65.616797,6248.57168,10.173,244,65.067188,6393.718555,10.0733,246,65.123535,6400.684082,10.0685,250,7604751b1fd1d6a42cf0bb19310e09bb312965f52a2e6ba0fdceceb5849b44ea,rd=3 psy-rd=2.00 early-skip rskip mode=1 signhide tmvp b-intra strong-intra-smoothing deblock sao
core,13,642607268,mt19937,64,64,10,yuv420p,IPB,lossless,,,frame-threads=1:pools=4:log-level=info:keyint=250:min-keyint=25:bframes=4:b-adapt=2:scenecut=0:lossless=1,61440,85018,85969,1.3837565104166667,1.3992350260416666,1654.24,4.0,1,2,7,4.0,4.0,4.0,True,0.1019,210.15,False,0.004948,0.123763,57.2049,55,0.003613,0.09707,58.2599,55,0.006934,0.164355,55.973,39,0.008301,0.189941,55.3446,38,42edc9579e1ab02c301e3bac52b7dd449b124bb8f85029d86d518105609300ec,rd=3 psy-rd=2.00 early-skip rskip mode=1 signhide tmvp b-intra strong-intra-smoothing deblock sao
core,13,642607268,mt19937,64,64,10,yuv420p,IPB,cqp,0,,frame-threads=1:pools=4:log-level=info:keyint=250:min-keyint=25:bframes=4:b-adapt=2:scenecut=0:qp=0,61440,94579,,1.5393717447916666,,1845.92,0.0,1,2,7,0.0,0.0,0.0,False,0.0813,296.55,False,0.132764,0.325016,53.0118,66,0.146533,0.176074,55.6738,22,0.112012,0.714551,49.5905,66,0.098437,0.53125,50.8778,61,42edc9579e1ab02c301e3bac52b7dd449b124bb8f85029d86d518105609300ec,rd=3 psy-rd=2.00 early-skip rskip mode=1 signhide tmvp b-intra strong-intra-smoothing deblock sao
core,13,642607268,mt19937,64,64,10,yuv420p,IPB,cqp,4,,frame-threads=1:pools=4:log-level=info:keyint=250:min-keyint=25:bframes=4:b-adapt=2:scenecut=0:qp=4,61440,80798,,1.3150716145833334,,1569.78,4.9,1,2,7,1.0,4.0,5.71,False,0.091,276.89,False,0.318522,0.478971,51.3277,65,0.327808,0.340503,52.8096,6,0.298828,0.776953,49.2269,65,0.301074,0.734863,49.4687,62,42edc9579e1ab02c301e3bac52b7dd449b124bb8f85029d86d518105609300ec,rd=3 psy-rd=2.00 early-skip rskip mode=1 signhide tmvp b-intra strong-intra-smoothing deblock sao
core,13,642607268,mt19937,64,64,10,yuv420p,IPB,cqp,8,,frame-threads=1:pools=4:log-level=info:keyint=250:min-keyint=25:bframes=4:b-adapt=2:scenecut=0:qp=8,61440,70802,,1.1523763020833333,,1369.86,8.9,1,2,7,5.0,8.0,9.71,False,0.0975,272.55,False,0.542008,0.659001,49.9419,9,0.548633,0.671973,49.8573,9,0.533691,0.644434,50.039,7,0.523828,0.62168,50.1951,6,42edc9579e1ab02c301e3bac52b7dd449b124bb8f85029d86d518105609300ec,rd=3 psy-rd=2.00 early-skip rskip mode=1 signhide tmvp b-intra strong-intra-smoothing deblock sao
core,13,642607268,mt19937,64,64,10,yuv420p,IPB,cqp,10,,frame-threads=1:pools=4:log-level=info:keyint=250:min-keyint=25:bframes=4:b-adapt=2:scenecut=0:qp=10,61440,66011,,1.0743977864583334,,1274.02,10.9,1,2,7,7.0,10.0,11.71,False,0.0965,223.31,False,0.711865,1.288883,47.0287,67,0.717407,1.324683,46.9097,67,0.709277,1.112793,47.6667,29,0.692285,1.321777,46.9192,51,42edc9579e1ab02c301e3bac52b7dd449b124bb8f85029d86d518105609300ec,rd=3 psy-rd=2.00 early-skip rskip mode=1 signhide tmvp b-intra strong-intra-smoothing deblock sao
core,13,642607268,mt19937,64,64,10,yuv420p,IPB,cqp,12,,frame-threads=1:pools=4:log-level=info:keyint=250:min-keyint=25:bframes=4:b-adapt=2:scenecut=0:qp=12,61440,61663,,1.0036295572916667,,1187.06,12.9,1,2,7,9.0,12.0,13.71,False,0.1037,199.58,False,0.900635,1.516097,46.3235,12,0.899756,1.512842,46.3329,12,0.906836,1.546484,46.2373,5,0.897949,1.49873,46.3736,8,42edc9579e1ab02c301e3bac52b7dd449b124bb8f85029d86d518105609300ec,rd=3 psy-rd=2.00 early-skip rskip mode=1 signhide tmvp b-intra strong-intra-smoothing deblock sao
core,13,642607268,mt19937,64,64,10,yuv420p,IPB,cqp,14,,frame-threads=1:pools=4:log-level=info:keyint=250:min-keyint=25:bframes=4:b-adapt=2:scenecut=0:qp=14,61440,58412,,0.9507161458333333,,1122.04,14.9,1,2,7,11.0,14.0,15.71,False,0.0983,194.05,False,1.142904,2.325651,44.4654,12,1.130249,2.286206,44.5396,12,1.171387,2.412598,44.306,7,1.165039,2.396484,44.3351,6,42edc9579e1ab02c301e3bac52b7dd449b124bb8f85029d86d518105609300ec,rd=3 psy-rd=2.00 early-skip rskip mode=1 signhide tmvp b-intra strong-intra-smoothing deblock sao
core,13,642607268,mt19937,64,64,10,yuv420p,IPB,cqp,16,,frame-threads=1:pools=4:log-level=info:keyint=250:min-keyint=25:bframes=4:b-adapt=2:scenecut=0:qp=16,61440,55086,,0.89658203125,,1055.52,16.9,1,2,7,13.0,16.0,17.71,False,0.1095,189.25,False,1.459196,6.214827,40.1965,130,1.441016,6.482812,40.0132,115,1.494434,3.959277,42.1546,42,1.49668,7.398438,39.4394,130,42edc9579e1ab02c301e3bac52b7dd449b124bb8f85029d86d518105609300ec,rd=3 psy-rd=2.00 early-skip rskip mode=1 signhide tmvp b-intra strong-intra-smoothing deblock sao
core,13,642607268,mt19937,64,64,10,yuv420p,IPB,cqp,18,,frame-threads=1:pools=4:log-level=info:keyint=250:min-keyint=25:bframes=4:b-adapt=2:scenecut=0:qp=18,61440,51704,,0.8415364583333333,,987.88,18.9,1,2,7,15.0,18.0,19.71,False,0.0939,217.88,False,1.782308,5.389632,40.8152,14,1.764575,5.297827,40.8898,14,1.831055,5.672852,40.5928,10,1.804492,5.473633,40.748,11,42edc9579e1ab02c301e3bac52b7dd449b124bb8f85029d86d518105609300ec,rd=3 psy-rd=2.00 early-skip rskip mode=1 signhide tmvp b-intra strong-intra-smoothing deblock sao
core,13,642607268,mt19937,64,64,10,yuv420p,IPB,cqp,20,,frame-threads=1:pools=4:log-level=info:keyint=250:min-keyint=25:bframes=4:b-adapt=2:scenecut=0:qp=20,61440,48307,,0.7862467447916667,,919.94,20.9,1,2,7,17.0,20.0,21.71,False,0.108,187.57,False,2.273861,9.620085,38.299,93,2.249707,9.227344,38.48,71,2.319531,9.529883,38.3399,53,2.324805,11.28125,37.6072,93,42edc9579e1ab02c301e3bac52b7dd449b124bb8f85029d86d518105609300ec,rd=3 psy-rd=2.00 early-skip rskip mode=1 signhide tmvp b-intra strong-intra-smoothing deblock sao
core,13,642607268,mt19937,64,64,10,yuv420p,IPB,cqp,24,,frame-threads=1:pools=4:log-level=info:keyint=250:min-keyint=25:bframes=4:b-adapt=2:scenecut=0:qp=24,61440,42316,,0.6887369791666667,,800.12,24.9,1,2,7,21.0,24.0,25.71,False,0.0957,247.45,False,3.537126,20.77876,34.9546,46,3.503979,20.383032,35.0381,23,3.632617,21.816797,34.7429,44,3.574219,21.323633,34.8422,46,42edc9579e1ab02c301e3bac52b7dd449b124bb8f85029d86d518105609300ec,rd=3 psy-rd=2.00 early-skip rskip mode=1 signhide tmvp b-intra strong-intra-smoothing deblock sao
core,13,642607268,mt19937,64,64,10,yuv420p,IPB,cqp,28,,frame-threads=1:pools=4:log-level=info:keyint=250:min-keyint=25:bframes=4:b-adapt=2:scenecut=0:qp=28,61440,36347,,0.5915852864583333,,680.74,28.9,1,2,7,25.0,28.0,29.71,False,0.1083,191.24,False,5.488802,49.060026,31.2235,43,5.541919,50.01687,31.1396,43,5.36377,46.600293,31.4469,37,5.401367,47.692383,31.3463,32,42edc9579e1ab02c301e3bac52b7dd449b124bb8f85029d86d518105609300ec,rd=3 psy-rd=2.00 early-skip rskip mode=1 signhide tmvp b-intra strong-intra-smoothing deblock sao
core,13,642607268,mt19937,64,64,10,yuv420p,IPB,cqp,32,,frame-threads=1:pools=4:log-level=info:keyint=250:min-keyint=25:bframes=4:b-adapt=2:scenecut=0:qp=32,61440,30152,,0.49075520833333336,,556.84,32.9,1,2,7,29.0,32.0,33.71,False,0.1231,154.29,False,8.598649,120.123389,27.3345,88,8.856348,126.944287,27.0947,54,8.119336,106.445312,27.8595,65,8.047168,106.517871,27.8566,88,42edc9579e1ab02c301e3bac52b7dd449b124bb8f85029d86d518105609300ec,rd=3 psy-rd=2.00 early-skip rskip mode=1 signhide tmvp b-intra strong-intra-smoothing deblock sao
core,13,642607268,mt19937,64,64,10,yuv420p,IPB,cqp,36,,frame-threads=1:pools=4:log-level=info:keyint=250:min-keyint=25:bframes=4:b-adapt=2:scenecut=0:qp=36,61440,25318,,0.41207682291666664,,460.16,36.9,1,2,7,33.0,36.0,37.71,False,0.1051,224.03,False,12.849951,271.375049,23.7951,87,14.012866,318.477661,23.1,87,10.597168,179.520605,25.5897,55,10.451074,174.819043,25.7049,52,42edc9579e1ab02c301e3bac52b7dd449b124bb8f85029d86d518105609300ec,rd=3 psy-rd=2.00 early-skip rskip mode=1 signhide tmvp b-intra strong-intra-smoothing deblock sao
core,13,642607268,mt19937,64,64,10,yuv420p,IPB,cqp,40,,frame-threads=1:pools=4:log-level=info:keyint=250:min-keyint=25:bframes=4:b-adapt=2:scenecut=0:qp=40,61440,19722,,0.32099609375,,348.24,40.9,1,2,7,37.0,40.0,41.71,False,0.0979,203.12,False,19.121842,614.130046,20.2482,118,22.103711,783.834717,19.1886,118,13.202637,275.875293,23.7237,66,13.113574,273.566113,23.7602,62,42edc9579e1ab02c301e3bac52b7dd449b124bb8f85029d86d518105609300ec,rd=3 psy-rd=2.00 early-skip rskip mode=1 signhide tmvp b-intra strong-intra-smoothing deblock sao
core,13,642607268,mt19937,64,64,10,yuv420p,IPB,cqp,44,,frame-threads=1:pools=4:log-level=info:keyint=250:min-keyint=25:bframes=4:b-adapt=2:scenecut=0:qp=44,61440,14182,,0.23082682291666667,,237.44,44.9,1,2,7,41.0,44.0,45.71,False,0.106,179.78,False,29.337354,1472.78361,16.4494,173,34.934717,1946.914502,15.2373,173,18.181836,521.742188,20.9562,96,18.103418,527.301465,20.9102,87,42edc9579e1ab02c301e3bac52b7dd449b124bb8f85029d86d518105609300ec,rd=3 psy-rd=2.00 early-skip rskip mode=1 signhide tmvp b-intra strong-intra-smoothing deblock sao
core,13,642607268,mt19937,64,64,10,yuv420p,IPB,cqp,48,,frame-threads=1:pools=4:log-level=info:keyint=250:min-keyint=25:bframes=4:b-adapt=2:scenecut=0:qp=48,61440,6384,,0.10390625,,81.48,48.9,1,2,7,45.0,48.0,49.71,False,0.0866,318.28,False,53.654801,4439.522803,11.6574,230,53.663843,4340.82981,11.7551,230,53.980566,4688.830371,11.4202,229,53.292871,4584.987207,11.5174,198,42edc9579e1ab02c301e3bac52b7dd449b124bb8f85029d86d518105609300ec,rd=3 psy-rd=2.00 early-skip rskip mode=1 signhide tmvp b-intra strong-intra-smoothing deblock sao
core,13,642607268,mt19937,64,64,10,yuv420p,IPB,cqp,51,,frame-threads=1:pools=4:log-level=info:keyint=250:min-keyint=25:bframes=4:b-adapt=2:scenecut=0:qp=51,61440,3648,,0.059375,,26.76,51.9,1,2,7,48.0,51.0,52.71,False,0.0644,662.25,False,64.782975,6150.672982,10.2416,253,65.040894,6106.304858,10.273,253,64.433008,6300.442578,10.1371,250,64.10127,6178.375879,10.2221,232,42edc9579e1ab02c301e3bac52b7dd449b124bb8f85029d86d518105609300ec,rd=3 psy-rd=2.00 early-skip rskip mode=1 signhide tmvp b-intra strong-intra-smoothing deblock sao
core,14,262000637,mt19937,64,64,10,yuv420p,IPB,lossless,,,frame-threads=1:pools=4:log-level=info:keyint=250:min-keyint=25:bframes=4:b-adapt=2:scenecut=0:lossless=1,61440,84763,85714,1.3796061197916667,1.3950846354166666,1649.14,4.0,1,2,7,4.0,4.0,4.0,True,0.088,273.9,False,0.001172,0.004883,71.2441,8,0.001196,0.004761,71.3541,6,0.000391,0.000391,82.2132,1,0.001855,0.009863,68.1906,8,92f488ac21c91d561a07485e259c1ae13d084456c5f483040dec575999439441,rd=3 psy-rd=2.00 early-skip rskip mode=1 signhide tmvp b-intra strong-intra-smoothing deblock sao
core,14,262000637,mt19937,64,64,10,yuv420p,IPB,cqp,0,,frame-threads=1:pools=4:log-level=info:keyint=250:min-keyint=25:bframes=4:b-adapt=2:scenecut=0:qp=0,61440,94621,,1.5400553385416667,,1846.76,0.0,1,2,7,0.0,0.0,0.0,False,0.1058,205.73,False,0.163786,1.460824,46.4848,86,0.20293,2.069434,44.9723,86,0.08584,0.115723,57.4966,6,0.085156,0.371484,52.4314,52,92f488ac21c91d561a07485e259c1ae13d084456c5f483040dec575999439441,rd=3 psy-rd=2.00 early-skip rskip mode=1 signhide tmvp b-intra strong-intra-smoothing deblock sao
core,14,262000637,mt19937,64,64,10,yuv420p,IPB,cqp,4,,frame-threads=1:pools=4:log-level=info:keyint=250:min-keyint=25:bframes=4:b-adapt=2:scenecut=0:qp=4,61440,80744,,1.3141927083333333,,1568.7,4.9,1,2,7,1.0,4.0,5.71,False,0.1046,218.47,False,0.383268,3.000651,43.3586,197,0.416821,4.20061,41.8977,197,0.322168,0.580566,50.4923,18,0.310156,0.620898,50.2006,44,92f488ac21c91d561a07485e259c1ae13d084456c5f483040dec575999439441,rd=3 psy-rd=2.00 early-skip rskip mode=1 signhide tmvp b-intra strong-intra-smoothing deblock sao
core,14,262000637,mt19937,64,64,10,yuv420p,IPB,cqp,8,,frame-threads=1:pools=4:log-level=info:keyint=250:min-keyint=25:bframes=4:b-adapt=2:scenecut=0:qp=8,61440,70657,,1.1500162760416666,,1366.96,8.9,1,2,7,5.0,8.0,9.71,False,0.1055,189.75,False,0.537223,0.945557,48.3739,106,0.550732,1.109619,47.6791,106,0.513965,0.618848,50.215,7,0.506445,0.616016,50.2349,13,92f488ac21c91d561a07485e259c1ae13d084456c5f483040dec575999439441,rd=3 psy-rd=2.00 early-skip rskip mode=1 signhide tmvp b-intra strong-intra-smoothing deblock sao
core,14,262000637,mt19937,64,64,10,yuv420p,IPB,cqp,10,,frame-threads=1:pools=4:log-level=info:keyint=250:min-keyint=25:bframes=4:b-adapt=2:scenecut=0:qp=10,61440,65572,,1.0672526041666666,,1265.24,10.9,1,2,7,7.0,10.0,11.71,False,0.1065,187.25,False,0.740804,1.869059,45.4146,105,0.751904,2.238574,44.6311,105,0.70918,1.036328,47.9758,12,0.728027,1.22373,47.2539,27,92f488ac21c91d561a07485e259c1ae13d084456c5f483040dec575999439441,rd=3 psy-rd=2.00 early-skip rskip mode=1 signhide tmvp b-intra strong-intra-smoothing deblock sao
core,14,262000637,mt19937,64,64,10,yuv420p,IPB,cqp,12,,frame-threads=1:pools=4:log-level=info:keyint=250:min-keyint=25:bframes=4:b-adapt=2:scenecut=0:qp=12,61440,62219,,1.0126790364583333,,1198.18,12.9,1,2,7,9.0,12.0,13.71,False,0.0959,232.09,False,0.89432,1.50516,46.355,11,0.895386,1.512573,46.3336,11,0.89668,1.491406,46.3948,5,0.887695,1.489258,46.4011,7,92f488ac21c91d561a07485e259c1ae13d084456c5f483040dec575999439441,rd=3 psy-rd=2.00 early-skip rskip mode=1 signhide tmvp b-intra strong-intra-smoothing deblock sao
core,14,262000637,mt19937,64,64,10,yuv420p,IPB,cqp,14,,frame-threads=1:pools=4:log-level=info:keyint=250:min-keyint=25:bframes=4:b-adapt=2:scenecut=0:qp=14,61440,58459,,0.9514811197916667,,1122.98,14.9,1,2,7,11.0,14.0,15.71,False,0.0998,200.46,False,1.229769,6.507633,39.9966,98,1.190967,3.56543,42.6097,30,1.348926,17.427637,35.7184,98,1.26582,7.356445,39.4641,51,92f488ac21c91d561a07485e259c1ae13d084456c5f483040dec575999439441,rd=3 psy-rd=2.00 early-skip rskip mode=1 signhide tmvp b-intra strong-intra-smoothing deblock sao
core,14,262000637,mt19937,64,64,10,yuv420p,IPB,cqp,16,,frame-threads=1:pools=4:log-level=info:keyint=250:min-keyint=25:bframes=4:b-adapt=2:scenecut=0:qp=16,61440,55425,,0.902099609375,,1062.3,16.9,1,2,7,13.0,16.0,17.71,False,0.0992,208.57,False,1.447852,4.242122,41.855,93,1.428149,4.461938,41.6356,93,1.47959,3.753223,42.3868,10,1.494922,3.851758,42.2742,21,92f488ac21c91d561a07485e259c1ae13d084456c5f483040dec575999439441,rd=3 psy-rd=2.00 early-skip rskip mode=1 signhide tmvp b-intra strong-intra-smoothing deblock sao
core,14,262000637,mt19937,64,64,10,yuv420p,IPB,cqp,18,,frame-threads=1:pools=4:log-level=info:keyint=250:min-keyint=25:bframes=4:b-adapt=2:scenecut=0:qp=18,61440,51913,,0.8449381510416667,,992.06,18.9,1,2,7,15.0,18.0,19.71,False,0.0881,239.45,False,1.792562,5.430192,40.7827,19,1.76875,5.295215,40.892,19,1.841699,5.682129,40.5857,18,1.838672,5.718164,40.5582,11,92f488ac21c91d561a07485e259c1ae13d084456c5f483040dec575999439441,rd=3 psy-rd=2.00 early-skip rskip mode=1 signhide tmvp b-intra strong-intra-smoothing deblock sao
core,14,262000637,mt19937,64,64,10,yuv420p,IPB,cqp,20,,frame-threads=1:pools=4:log-level=info:keyint=250:min-keyint=25:bframes=4:b-adapt=2:scenecut=0:qp=20,61440,48174,,0.78408203125,,917.28,20.9,1,2,7,17.0,20.0,21.71,False,0.1017,202.79,False,2.28055,10.054801,38.1071,130,2.265894,10.353882,37.9798,130,2.322656,9.700391,38.2629,79,2.29707,9.212891,38.4868,60,92f488ac21c91d561a07485e259c1ae13d084456c5f483040dec575999439441,rd=3 psy-rd=2.00 early-skip rskip mode=1 signhide tmvp b-intra strong-intra-smoothing deblock sao
core,14,262000637,mt19937,64,64,10,yuv420p,IPB,cqp,24,,frame-threads=1:pools=4:log-level=info:keyint=250:min-keyint=25:bframes=4:b-adapt=2:scenecut=0:qp=24,61440,41854,,0.6812174479166667,,790.88,24.9,1,2,7,21.0,24.0,25.71,False,0.0975,201.98,False,3.584408,21.162923,34.875,78,3.553833,20.872485,34.9351,78,3.590039,21.220898,34.8632,31,3.701074,22.266699,34.6542,29,92f488ac21c91d561a07485e259c1ae13d084456c5f483040dec575999439441,rd=3 psy-rd=2.00 early-skip rskip mode=1 signhide tmvp b-intra strong-intra-smoothing deblock sao
core,14,262000637,mt19937,64,64,10,yuv420p,IPB,cqp,28,,frame-threads=1:pools=4:log-level=info:keyint=250:min-keyint=25:bframes=4:b-adapt=2:scenecut=0:qp=28,61440,35848,,0.5834635416666667,,670.76,28.9,1,2,7,25.0,28.0,29.71,False,0.1114,160.69,False,5.474447,48.864844,31.2408,82,5.542236,50.123877,31.1304,82,5.3375,46.377148,31.4678,31,5.340234,46.316406,31.4735,30,92f488ac21c91d561a07485e259c1ae13d084456c5f483040dec575999439441,rd=3 psy-rd=2.00 early-skip rskip mode=1 signhide tmvp b-intra strong-intra-smoothing deblock sao
core,14,262000637,mt19937,64,64,10,yuv420p,IPB,cqp,32,,frame-threads=1:pools=4:log-level=info:keyint=250:min-keyint=25:bframes=4:b-adapt=2:scenecut=0:qp=32,61440,30377,,0.49441731770833336,,561.34,32.9,1,2,7,29.0,32.0,33.71,False,0.1212,146.55,False,8.630745,120.54777,27.3192,50,8.896729,128.093994,27.0555,48,8.136133,106.517188,27.8566,43,8.061426,104.393457,27.9441,50,92f488ac21c91d561a07485e259c1ae13d084456c5f483040dec575999439441,rd=3 psy-rd=2.00 early-skip rskip mode=1 signhide tmvp b-intra strong-intra-smoothing deblock sao
core,14,262000637,mt19937,64,64,10,yuv420p,IPB,cqp,36,,frame-threads=1:pools=4:log-level=info:keyint=250:min-keyint=25:bframes=4:b-adapt=2:scenecut=0:qp=36,61440,25068,,0.4080078125,,455.16,36.9,1,2,7,33.0,36.0,37.71,False,0.1169,163.27,False,12.825586,269.925618,23.8184,125,13.984863,317.419043,23.1145,125,10.503418,175.095801,25.698,61,10.510645,174.781738,25.7058,54,92f488ac21c91d561a07485e259c1ae13d084456c5f483040dec575999439441,rd=3 psy-rd=2.00 early-skip rskip mode=1 signhide tmvp b-intra strong-intra-smoothing deblock sao
core,14,262000637,mt19937,64,64,10,yuv420p,IPB,cqp,40,,frame-threads=1:pools=4:log-level=info:keyint=250:min-keyint=25:bframes=4:b-adapt=2:scenecut=0:qp=40,61440,19597,,0.3189615885416667,,345.74,40.9,1,2,7,37.0,40.0,41.71,False,0.1158,158.22,False,19.077979,613.550798,20.2523,126,22.037671,782.229761,19.1975,126,13.235156,278.41543,23.6839,72,13.082031,273.970312,23.7538,66,92f488ac21c91d561a07485e259c1ae13d084456c5f483040dec575999439441,rd=3 psy-rd=2.00 early-skip rskip mode=1 signhide tmvp b-intra strong-intra-smoothing deblock sao
core,14,262000637,mt19937,64,64,10,yuv420p,IPB,cqp,44,,frame-threads=1:pools=4:log-level=info:keyint=250:min-keyint=25:bframes=4:b-adapt=2:scenecut=0:qp=44,61440,14216,,0.23138020833333334,,238.12,44.9,1,2,7,41.0,44.0,45.71,False,0.0982,190.15,False,29.372217,1476.060758,16.4398,186,34.985986,1950.943652,15.2284,186,18.216602,528.870117,20.8973,91,18.072754,523.719824,20.9398,99,92f488ac21c91d561a07485e259c1ae13d084456c5f483040dec575999439441,rd=3 psy-rd=2.00 early-skip rskip mode=1 signhide tmvp b-intra strong-intra-smoothing deblock sao
core,14,262000637,mt19937,64,64,10,yuv420p,IPB,cqp,48,,frame-threads=1:pools=4:log-level=info:keyint=250:min-keyint=25:bframes=4:b-adapt=2:scenecut=0:qp=48,61440,6230,,0.10139973958333333,,78.4,48.9,1,2,7,45.0,48.0,49.71,False,0.0818,402.45,False,53.98584,4499.870508,11.5988,235,54.004028,4416.800269,11.6797,235,53.929004,4667.103027,11.4403,211,53.969922,4664.918945,11.4424,233,92f488ac21c91d561a07485e259c1ae13d084456c5f483040dec575999439441,rd=3 psy-rd=2.00 early-skip rskip mode=1 signhide tmvp b-intra strong-intra-smoothing deblock sao
core,14,262000637,mt19937,64,64,10,yuv420p,IPB,cqp,51,,frame-threads=1:pools=4:log-level=info:keyint=250:min-keyint=25:bframes=4:b-adapt=2:scenecut=0:qp=51,61440,3701,,0.06023763020833333,,27.82,51.9,1,2,7,48.0,51.0,52.71,False,0.0631,679.9,False,62.830941,5682.073389,10.5857,238,63.701465,5742.301807,10.5399,238,61.113672,5570.596289,10.6718,230,61.066113,5552.636816,10.6858,237,92f488ac21c91d561a07485e259c1ae13d084456c5f483040dec575999439441,rd=3 psy-rd=2.00 early-skip rskip mode=1 signhide tmvp b-intra strong-intra-smoothing deblock sao
core,15,4077022415,mt19937,64,64,10,yuv420p,IPB,lossless,,,frame-threads=1:pools=4:log-level=info:keyint=250:min-keyint=25:bframes=4:b-adapt=2:scenecut=0:lossless=1,61440,84984,85935,1.383203125,1.398681640625,1653.56,4.0,1,2,7,4.0,4.0,4.0,True,0.1042,192.38,False,0.000488,0.002409,74.3127,8,0.000586,0.003174,73.115,8,9.8e-05,9.8e-05,88.2338,1,0.000488,0.00166,75.9293,4,966dd4b0f7236704117ccf4571063131a76ea76b3b4ec29355c6d6858a67cf80,rd=3 psy-rd=2.00 early-skip rskip mode=1 signhide tmvp b-intra strong-intra-smoothing deblock sao
core,15,4077022415,mt19937,64,64,10,yuv420p,IPB,cqp,0,,frame-threads=1:pools=4:log-level=info:keyint=250:min-keyint=25:bframes=4:b-adapt=2:scenecut=0:qp=0,61440,94607,,1.5398274739583333,,1846.48,0.0,1,2,7,0.0,0.0,0.0,False,0.0867,262.87,False,0.13724,0.440853,51.6879,48,0.160522,0.485962,51.2648,46,0.083789,0.110547,57.6953,10,0.097559,0.590723,50.417,48,966dd4b0f7236704117ccf4571063131a76ea76b3b4ec29355c6d6858a67cf80,rd=3 psy-rd=2.00 early-skip rskip mode=1 signhide tmvp b-intra strong-intra-smoothing deblock sao
core,15,4077022415,mt19937,64,64,10,yuv420p,IPB,cqp,4,,frame-threads=1:pools=4:log-level=info:keyint=250:min-keyint=25:bframes=4:b-adapt=2:scenecut=0:qp=4,61440,80893,,1.3166178385416667,,1571.68,4.9,1,2,7,1.0,4.0,5.71,False,0.0981,256.15,False,0.319482,0.689404,49.7461,105,0.331348,0.781396,49.2021,105,0.294727,0.332813,52.9088,13,0.296777,0.678027,49.8183,62,966dd4b0f7236704117ccf4571063131a76ea76b3b4ec29355c6d6858a67cf80,rd=3 psy-rd=2.00 early-skip rskip mode=1 signhide tmvp b-intra strong-intra-smoothing deblock sao
core,15,4077022415,mt19937,64,64,10,yuv420p,IPB,cqp,8,,frame-threads=1:pools=4:log-level=info:keyint=250:min-keyint=25:bframes=4:b-adapt=2:scenecut=0:qp=8,61440,69848,,1.1368489583333334,,1350.78,8.9,1,2,7,5.0,8.0,9.71,False,0.1079,204.48,False,0.580745,0.836442,48.9064,46,0.58916,0.889111,48.6412,46,0.570117,0.769531,49.2685,22,0.557715,0.692676,49.7255,7,966dd4b0f7236704117ccf4571063131a76ea76b3b4ec29355c6d6858a67cf80,rd=3 psy-rd=2.00 early-skip rskip mode=1 signhide tmvp b-intra strong-intra-smoothing deblock sao
core,15,4077022415,mt19937,64,64,10,yuv420p,IPB,cqp,10,,frame-threads=1:pools=4:log-level=info:keyint=250:min-keyint=25:bframes=4:b-adapt=2:scenecut=0:qp=10,61440,66236,,1.0780598958333334,,1278.52,10.9,1,2,7,7.0,10.0,11.71,False,0.106,195.91,False,0.704883,1.014518,48.0682,23,0.713159,1.037231,47.972,23,0.685449,0.964941,48.2858,7,0.691211,0.973242,48.2486,6,966dd4b0f7236704117ccf4571063131a76ea76b3b4ec29355c6d6858a67cf80,rd=3 psy-rd=2.00 early-skip rskip mode=1 signhide tmvp b-intra strong-intra-smoothing deblock sao
core,15,4077022415,mt19937,64,64,10,yuv420p,IPB,cqp,12,,frame-threads=1:pools=4:log-level=info:keyint=250:min-keyint=25:bframes=4:b-adapt=2:scenecut=0:qp=12,61440,61522,,1.0013346354166666,,1184.24,12.9,1,2,7,9.0,12.0,13.71,False,0.0969,206.94,False,0.903109,1.519059,46.3151,6,0.904932,1.525537,46.2966,6,0.905762,1.52373,46.3017,5,0.893164,1.488477,46.4034,5,966dd4b0f7236704117ccf4571063131a76ea76b3b4ec29355c6d6858a67cf80,rd=3 psy-rd=2.00 early-skip rskip mode=1 signhide tmvp b-intra strong-intra-smoothing deblock sao
core,15,4077022415,mt19937,64,64,10,yuv420p,IPB,cqp,14,,frame-threads=1:pools=4:log-level=info:keyint=250:min-keyint=25:bframes=4:b-adapt=2:scenecut=0:qp=14,61440,58381,,0.9502115885416667,,1121.42,14.9,1,2,7,11.0,14.0,15.71,False,0.092,220.41,False,1.177881,3.681234,42.4709,64,1.172095,3.809595,42.322,64,1.207617,4.367383,41.7286,62,1.171289,2.481641,44.1834,13,966dd4b0f7236704117ccf4571063131a76ea76b3b4ec29355c6d6858a67cf80,rd=3 psy-rd=2.00 early-skip rskip mode=1 signhide tmvp b-intra strong-intra-smoothing deblock sao
core,15,4077022415,mt19937,64,64,10,yuv420p,IPB,cqp,16,,frame-threads=1:pools=4:log-level=info:keyint=250:min-keyint=25:bframes=4:b-adapt=2:scenecut=0:qp=16,61440,55350,,0.90087890625,,1060.8,16.9,1,2,7,13.0,16.0,17.71,False,0.1056,206.28,False,1.49056,8.189909,38.998,114,1.477954,8.962622,38.6065,109,1.558105,9.39209,38.4032,114,1.473437,3.896875,42.2236,21,966dd4b0f7236704117ccf4571063131a76ea76b3b4ec29355c6d6858a67cf80,rd=3 psy-rd=2.00 early-skip rskip mode=1 signhide tmvp b-intra strong-intra-smoothing deblock sao
core,15,4077022415,mt19937,64,64,10,yuv420p,IPB,cqp,18,,frame-threads=1:pools=4:log-level=info:keyint=250:min-keyint=25:bframes=4:b-adapt=2:scenecut=0:qp=18,61440,51671,,0.8409993489583333,,987.22,18.9,1,2,7,15.0,18.0,19.71,False,0.1134,156.21,False,1.829248,6.354932,40.0997,99,1.816235,6.468384,40.0228,99,1.851074,5.988379,40.3577,48,1.859473,6.267676,40.1597,56,966dd4b0f7236704117ccf4571063131a76ea76b3b4ec29355c6d6858a67cf80,rd=3 psy-rd=2.00 early-skip rskip mode=1 signhide tmvp b-intra strong-intra-smoothing deblock sao
core,15,4077022415,mt19937,64,64,10,yuv420p,IPB,cqp,20,,frame-threads=1:pools=4:log-level=info:keyint=250:min-keyint=25:bframes=4:b-adapt=2:scenecut=0:qp=20,61440,48405,,0.787841796875,,921.9,20.9,1,2,7,17.0,20.0,21.71,False,0.1031,203.46,False,2.289323,9.899609,38.1746,64,2.271313,9.933325,38.1599,61,2.352148,10.957031,37.7339,64,2.298535,8.707324,38.732,13,966dd4b0f7236704117ccf4571063131a76ea76b3b4ec29355c6d6858a67cf80,rd=3 psy-rd=2.00 early-skip rskip mode=1 signhide tmvp b-intra strong-intra-smoothing deblock sao
core,15,4077022415,mt19937,64,64,10,yuv420p,IPB,cqp,24,,frame-threads=1:pools=4:log-level=info:keyint=250:min-keyint=25:bframes=4:b-adapt=2:scenecut=0:qp=24,61440,41820,,0.6806640625,,790.2,24.9,1,2,7,21.0,24.0,25.71,False,0.1084,186.43,False,3.551025,20.84738,34.9403,59,3.522388,20.475073,35.0185,59,3.618945,21.689453,34.7683,25,3.597656,21.494531,34.8075,45,966dd4b0f7236704117ccf4571063131a76ea76b3b4ec29355c6d6858a67cf80,rd=3 psy-rd=2.00 early-skip rskip mode=1 signhide tmvp b-intra strong-intra-smoothing deblock sao
core,15,4077022415,mt19937,64,64,10,yuv420p,IPB,cqp,28,,frame-threads=1:pools=4:log-level=info:keyint=250:min-keyint=25:bframes=4:b-adapt=2:scenecut=0:qp=28,61440,36164,,0.5886067708333333,,677.08,28.9,1,2,7,25.0,28.0,29.71,False,0.1151,161.21,False,5.512012,49.257454,31.2061,30,5.582495,50.530151,31.0953,30,5.38457,47.212695,31.3902,27,5.35752,46.211426,31.4833,28,966dd4b0f7236704117ccf4571063131a76ea76b3b4ec29355c6d6858a67cf80,rd=3 psy-rd=2.00 early-skip rskip mode=1 signhide tmvp b-intra strong-intra-smoothing deblock sao
core,15,4077022415,mt19937,64,64,10,yuv420p,IPB,cqp,32,,frame-threads=1:pools=4:log-level=info:keyint=250:min-keyint=25:bframes=4:b-adapt=2:scenecut=0:qp=32,61440,30293,,0.4930501302083333,,559.66,32.9,1,2,7,29.0,32.0,33.71,False,0.1138,179.16,False,8.621891,121.80555,27.2741,115,8.877075,129.156616,27.0196,115,8.10625,107.670508,27.8098,96,8.116797,106.536328,27.8558,63,966dd4b0f7236704117ccf4571063131a76ea76b3b4ec29355c6d6858a67cf80,rd=3 psy-rd=2.00 early-skip rskip mode=1 signhide tmvp b-intra strong-intra-smoothing deblock sao
core,15,4077022415,mt19937,64,64,10,yuv420p,IPB,cqp,36,,frame-threads=1:pools=4:log-level=info:keyint=250:min-keyint=25:bframes=4:b-adapt=2:scenecut=0:qp=36,61440,25086,,0.40830078125,,455.52,36.9,1,2,7,33.0,36.0,37.71,False,0.0987,221.75,False,12.850814,271.6986,23.7899,111,14.021802,318.749438,23.0963,98,10.518066,177.520996,25.6383,111,10.499609,177.672852,25.6346,100,966dd4b0f7236704117ccf4571063131a76ea76b3b4ec29355c6d6858a67cf80,rd=3 psy-rd=2.00 early-skip rskip mode=1 signhide tmvp b-intra strong-intra-smoothing deblock sao
core,15,4077022415,mt19937,64,64,10,yuv420p,IPB,cqp,40,,frame-threads=1:pools=4:log-level=info:keyint=250:min-keyint=25:bframes=4:b-adapt=2:scenecut=0:qp=40,61440,19744,,0.32135416666666666,,348.68,40.9,1,2,7,37.0,40.0,41.71,False,0.1093,207.11,False,19.084782,613.204769,20.2547,141,22.044092,782.560303,19.1956,141,13.201074,274.656348,23.7429,69,13.13125,274.331055,23.7481,66,966dd4b0f7236704117ccf4571063131a76ea76b3b4ec29355c6d6858a67cf80,rd=3 psy-rd=2.00 early-skip rskip mode=1 signhide tmvp b-intra strong-intra-smoothing deblock sao
core,15,4077022415,mt19937,64,64,10,yuv420p,IPB,cqp,44,,frame-threads=1:pools=4:log-level=info:keyint=250:min-keyint=25:bframes=4:b-adapt=2:scenecut=0:qp=44,61440,14148,,0.2302734375,,236.76,44.9,1,2,7,41.0,44.0,45.71,False,0.114,185.97,False,29.341569,1474.843522,16.4433,185,34.943848,1946.830518,15.2375,185,18.183203,531.216406,20.8781,96,18.09082,530.522656,20.8838,90,966dd4b0f7236704117ccf4571063131a76ea76b3b4ec29355c6d6858a67cf80,rd=3 psy-rd=2.00 early-skip rskip mode=1 signhide tmvp b-intra strong-intra-smoothing deblock sao
core,15,4077022415,mt19937,64,64,10,yuv420p,IPB,cqp,48,,frame-threads=1:pools=4:log-level=info:keyint=250:min-keyint=25:bframes=4:b-adapt=2:scenecut=0:qp=48,61440,6283,,0.10226236979166667,,79.46,48.9,1,2,7,45.0,48.0,49.71,False,0.0692,466.4,False,53.730941,4436.56473,11.6603,225,53.699048,4357.526782,11.7384,225,54.396484,4660.493164,11.4465,194,53.192969,4528.788086,11.571,213,966dd4b0f7236704117ccf4571063131a76ea76b3b4ec29355c6d6858a67cf80,rd=3 psy-rd=2.00 early-skip rskip mode=1 signhide tmvp b-intra strong-intra-smoothing deblock sao
core,15,4077022415,mt19937,64,64,10,yuv420p,IPB,cqp,51,,frame-threads=1:pools=4:log-level=info:keyint=250:min-keyint=25:bframes=4:b-adapt=2:scenecut=0:qp=51,61440,3646,,0.059342447916666666,,26.72,51.9,1,2,7,48.0,51.0,52.71,False,0.0612,694.73,False,65.033301,6204.579687,10.2037,243,65.105518,6163.746045,10.2324,234,65.26709,6340.618066,10.1095,233,64.510645,6231.875879,10.1846,243,966dd4b0f7236704117ccf4571063131a76ea76b3b4ec29355c6d6858a67cf80,rd=3 psy-rd=2.00 early-skip rskip mode=1 signhide tmvp b-intra strong-intra-smoothing deblock sao
core,16,3696415784,mt19937,64,64,10,yuv420p,IPB,lossless,,,frame-threads=1:pools=4:log-level=info:keyint=250:min-keyint=25:bframes=4:b-adapt=2:scenecut=0:lossless=1,61440,84861,85812,1.381201171875,1.3966796875,1651.1,4.0,1,2,7,4.0,4.0,4.0,True,0.1,191.13,True,0.0,0.0,inf,0,0.0,0.0,inf,0,0.0,0.0,inf,0,0.0,0.0,inf,0,d323d9e2a674883234fc59f1a7dac4902e99cd845f9951f5988c7be4b8146aa7,rd=3 psy-rd=2.00 early-skip rskip mode=1 signhide tmvp b-intra strong-intra-smoothing deblock sao
core,16,3696415784,mt19937,64,64,10,yuv420p,IPB,cqp,0,,frame-threads=1:pools=4:log-level=info:keyint=250:min-keyint=25:bframes=4:b-adapt=2:scenecut=0:qp=0,61440,94458,,1.53740234375,,1843.5,0.0,1,2,7,0.0,0.0,0.0,False,0.0976,242.21,False,0.138167,1.232178,47.2241,144,0.159839,1.446655,46.5272,144,0.086914,0.556836,50.6735,49,0.102734,1.049609,47.9205,71,d323d9e2a674883234fc59f1a7dac4902e99cd845f9951f5988c7be4b8146aa7,rd=3 psy-rd=2.00 early-skip rskip mode=1 signhide tmvp b-intra strong-intra-smoothing deblock sao
core,16,3696415784,mt19937,64,64,10,yuv420p,IPB,cqp,4,,frame-threads=1:pools=4:log-level=info:keyint=250:min-keyint=25:bframes=4:b-adapt=2:scenecut=0:qp=4,61440,80736,,1.3140625,,1568.54,4.9,1,2,7,1.0,4.0,5.71,False,0.092,267.89,False,0.366536,3.269206,42.9864,143,0.385034,3.937231,42.1789,143,0.325684,1.722559,45.7691,71,0.333398,2.14375,44.8191,71,d323d9e2a674883234fc59f1a7dac4902e99cd845f9951f5988c7be4b8146aa7,rd=3 psy-rd=2.00 early-skip rskip mode=1 signhide tmvp b-intra strong-intra-smoothing deblock sao
core,16,3696415784,mt19937,64,64,10,yuv420p,IPB,cqp,8,,frame-threads=1:pools=4:log-level=info:keyint=250:min-keyint=25:bframes=4:b-adapt=2:scenecut=0:qp=8,61440,70386,,1.14560546875,,1361.54,8.9,1,2,7,5.0,8.0,9.71,False,0.0899,274.82,False,0.578825,2.627002,43.9362,144,0.592822,3.227881,43.0416,144,0.557715,1.18623,47.3891,49,0.543945,1.664258,45.9186,70,d323d9e2a674883234fc59f1a7dac4902e99cd845f9951f5988c7be4b8146aa7,rd=3 psy-rd=2.00 early-skip rskip mode=1 signhide tmvp b-intra strong-intra-smoothing deblock sao
core,16,3696415784,mt19937,64,64,10,yuv420p,IPB,cqp,10,,frame-threads=1:pools=4:log-level=info:keyint=250:min-keyint=25:bframes=4:b-adapt=2:scenecut=0:qp=10,61440,66253,,1.0783365885416667,,1278.86,10.9,1,2,7,7.0,10.0,11.71,False,0.1097,204.66,False,0.742367,2.722217,43.7816,109,0.750903,3.022534,43.3271,109,0.727539,1.817773,45.5354,48,0.723047,2.425391,44.283,61,d323d9e2a674883234fc59f1a7dac4902e99cd845f9951f5988c7be4b8146aa7,rd=3 psy-rd=2.00 early-skip rskip mode=1 signhide tmvp b-intra strong-intra-smoothing deblock sao
core,16,3696415784,mt19937,64,64,10,yuv420p,IPB,cqp,12,,frame-threads=1:pools=4:log-level=info:keyint=250:min-keyint=25:bframes=4:b-adapt=2:scenecut=0:qp=12,61440,61555,,1.0018717447916667,,1184.9,12.9,1,2,7,9.0,12.0,13.71,False,0.1095,200.16,False,0.906217,1.536784,46.2647,10,0.90332,1.527783,46.2902,8,0.90957,1.537695,46.2621,9,0.914453,1.571875,46.1666,10,d323d9e2a674883234fc59f1a7dac4902e99cd845f9951f5988c7be4b8146aa7,rd=3 psy-rd=2.00 early-skip rskip mode=1 signhide tmvp b-intra strong-intra-smoothing deblock sao
core,16,3696415784,mt19937,64,64,10,yuv420p,IPB,cqp,14,,frame-threads=1:pools=4:log-level=info:keyint=250:min-keyint=25:bframes=4:b-adapt=2:scenecut=0:qp=14,61440,58418,,0.9508138020833333,,1122.16,14.9,1,2,7,11.0,14.0,15.71,False,0.1067,220.58,False,1.138086,2.324316,44.4679,32,1.128638,2.297583,44.5181,32,1.148047,2.357422,44.4064,7,1.165918,2.398145,44.3321,12,d323d9e2a674883234fc59f1a7dac4902e99cd845f9951f5988c7be4b8146aa7,rd=3 psy-rd=2.00 early-skip rskip mode=1 signhide tmvp b-intra strong-intra-smoothing deblock sao
core,16,3696415784,mt19937,64,64,10,yuv420p,IPB,cqp,16,,frame-threads=1:pools=4:log-level=info:keyint=250:min-keyint=25:bframes=4:b-adapt=2:scenecut=0:qp=16,61440,55150,,0.8976236979166666,,1056.8,16.9,1,2,7,13.0,16.0,17.71,False,0.0988,201.19,False,1.442529,4.004606,42.1052,75,1.421729,4.076611,42.0278,75,1.484473,3.937207,42.1789,31,1.483789,3.783984,42.3513,10,d323d9e2a674883234fc59f1a7dac4902e99cd845f9951f5988c7be4b8146aa7,rd=3 psy-rd=2.00 early-skip rskip mode=1 signhide tmvp b-intra strong-intra-smoothing deblock sao
core,16,3696415784,mt19937,64,64,10,yuv420p,IPB,cqp,18,,frame-threads=1:pools=4:log-level=info:keyint=250:min-keyint=25:bframes=4:b-adapt=2:scenecut=0:qp=18,61440,51671,,0.8409993489583333,,987.22,18.9,1,2,7,15.0,18.0,19.71,False,0.0918,241.5,False,1.812809,6.220492,40.1926,100,1.798779,6.317529,40.1253,100,1.84248,6.136426,40.2516,61,1.839258,5.916406,40.4102,51,d323d9e2a674883234fc59f1a7dac4902e99cd845f9951f5988c7be4b8146aa7,rd=3 psy-rd=2.00 early-skip rskip mode=1 signhide tmvp b-intra strong-intra-smoothing deblock sao
core,16,3696415784,mt19937,64,64,10,yuv420p,IPB,cqp,20,,frame-threads=1:pools=4:log-level=info:keyint=250:min-keyint=25:bframes=4:b-adapt=2:scenecut=0:qp=20,61440,48888,,0.795703125,,931.56,20.9,1,2,7,17.0,20.0,21.71,False,0.098,208.93,False,2.276204,10.188086,38.0499,112,2.258447,10.517969,37.9115,112,2.319824,9.64873,38.2861,43,2.303613,9.40791,38.3959,51,d323d9e2a674883234fc59f1a7dac4902e99cd845f9951f5988c7be4b8146aa7,rd=3 psy-rd=2.00 early-skip rskip mode=1 signhide tmvp b-intra strong-intra-smoothing deblock sao
core,16,3696415784,mt19937,64,64,10,yuv420p,IPB,cqp,24,,frame-threads=1:pools=4:log-level=info:keyint=250:min-keyint=25:bframes=4:b-adapt=2:scenecut=0:qp=24,61440,41970,,0.68310546875,,793.2,24.9,1,2,7,21.0,24.0,25.71,False,0.0962,216.7,False,3.637663,25.632943,34.0428,119,3.610791,25.703076,34.031,119,3.67627,25.818652,34.0115,91,3.706543,25.166699,34.1225,82,d323d9e2a674883234fc59f1a7dac4902e99cd845f9951f5988c7be4b8146aa7,rd=3 psy-rd=2.00 early-skip rskip mode=1 signhide tmvp b-intra strong-intra-smoothing deblock sao
core,16,3696415784,mt19937,64,64,10,yuv420p,IPB,cqp,28,,frame-threads=1:pools=4:log-level=info:keyint=250:min-keyint=25:bframes=4:b-adapt=2:scenecut=0:qp=28,61440,36158,,0.5885091145833333,,676.96,28.9,1,2,7,25.0,28.0,29.71,False,0.099,214.79,False,5.52238,49.344808,31.1984,32,5.579126,50.441821,31.1029,32,5.435937,47.700781,31.3455,28,5.381836,46.600781,31.4469,27,d323d9e2a674883234fc59f1a7dac4902e99cd845f9951f5988c7be4b8146aa7,rd=3 psy-rd=2.00 early-skip rskip mode=1 signhide tmvp b-intra strong-intra-smoothing deblock sao
core,16,3696415784,mt19937,64,64,10,yuv420p,IPB,cqp,32,,frame-threads=1:pools=4:log-level=info:keyint=250:min-keyint=25:bframes=4:b-adapt=2:scenecut=0:qp=32,61440,29885,,0.4864095052083333,,551.5,32.9,1,2,7,29.0,32.0,33.71,False,0.1088,184.19,False,8.637646,121.145557,27.2977,53,8.891504,128.089648,27.0557,51,8.118262,106.939355,27.8394,47,8.141602,107.575391,27.8137,53,d323d9e2a674883234fc59f1a7dac4902e99cd845f9951f5988c7be4b8146aa7,rd=3 psy-rd=2.00 early-skip rskip mode=1 signhide tmvp b-intra strong-intra-smoothing deblock sao
core,16,3696415784,mt19937,64,64,10,yuv420p,IPB,cqp,36,,frame-threads=1:pools=4:log-level=info:keyint=250:min-keyint=25:bframes=4:b-adapt=2:scenecut=0:qp=36,61440,25084,,0.40826822916666666,,455.48,36.9,1,2,7,33.0,36.0,37.71,False,0.1089,192.23,False,12.823893,269.418164,23.8265,85,13.995532,316.74397,23.1237,85,10.376465,172.481543,25.7634,59,10.584766,177.051562,25.6498,53,d323d9e2a674883234fc59f1a7dac4902e99cd845f9951f5988c7be4b8146aa7,rd=3 psy-rd=2.00 early-skip rskip mode=1 signhide tmvp b-intra strong-intra-smoothing deblock sao
core,16,3696415784,mt19937,64,64,10,yuv420p,IPB,cqp,40,,frame-threads=1:pools=4:log-level=info:keyint=250:min-keyint=25:bframes=4:b-adapt=2:scenecut=0:qp=40,61440,19651,,0.31984049479166665,,346.82,40.9,1,2,7,37.0,40.0,41.71,False,0.0944,234.57,False,19.02793,613.398633,20.2534,119,22.003174,783.018262,19.1931,119,13.070117,275.132617,23.7354,74,13.084766,273.186133,23.7662,70,d323d9e2a674883234fc59f1a7dac4902e99cd845f9951f5988c7be4b8146aa7,rd=3 psy-rd=2.00 early-skip rskip mode=1 signhide tmvp b-intra strong-intra-smoothing deblock sao
core,16,3696415784,mt19937,64,64,10,yuv420p,IPB,cqp,44,,frame-threads=1:pools=4:log-level=info:keyint=250:min-keyint=25:bframes=4:b-adapt=2:scenecut=0:qp=44,61440,14150,,0.23030598958333334,,236.8,44.9,1,2,7,41.0,44.0,45.71,False,0.088,245.87,False,29.222868,1457.361442,16.4951,180,34.78606,1924.561743,15.2875,180,18.121387,524.386426,20.9343,87,18.071582,521.535254,20.958,99,d323d9e2a674883234fc59f1a7dac4902e99cd845f9951f5988c7be4b8146aa7,rd=3 psy-rd=2.00 early-skip rskip mode=1 signhide tmvp b-intra strong-intra-smoothing deblock sao
core,16,3696415784,mt19937,64,64,10,yuv420p,IPB,cqp,48,,frame-threads=1:pools=4:log-level=info:keyint=250:min-keyint=25:bframes=4:b-adapt=2:scenecut=0:qp=48,61440,6080,,0.09895833333333333,,75.4,48.9,1,2,7,45.0,48.0,49.71,False,0.0868,324.92,False,54.286051,4517.295296,11.582,234,55.213574,4557.056934,11.544,234,52.445508,4438.573438,11.6584,216,52.416504,4436.970605,11.6599,195,d323d9e2a674883234fc59f1a7dac4902e99cd845f9951f5988c7be4b8146aa7,rd=3 psy-rd=2.00 early-skip rskip mode=1 signhide tmvp b-intra strong-intra-smoothing deblock sao
core,16,3696415784,mt19937,64,64,10,yuv420p,IPB,cqp,51,,frame-threads=1:pools=4:log-level=info:keyint=250:min-keyint=25:bframes=4:b-adapt=2:scenecut=0:qp=51,61440,3701,,0.06023763020833333,,27.82,51.9,1,2,7,48.0,51.0,52.71,False,0.0659,816.66,False,63.636344,5881.171924,10.4362,236,63.469214,5767.994409,10.5206,235,64.423828,6175.842578,10.2238,235,63.517383,6039.211328,10.321,236,d323d9e2a674883234fc59f1a7dac4902e99cd845f9951f5988c7be4b8146aa7,rd=3 psy-rd=2.00 early-skip rskip mode=1 signhide tmvp b-intra strong-intra-smoothing deblock sao
core,17,1068986618,mt19937,64,64,10,yuv420p,IPB,lossless,,,frame-threads=1:pools=4:log-level=info:keyint=250:min-keyint=25:bframes=4:b-adapt=2:scenecut=0:lossless=1,61440,84961,85912,1.3828287760416667,1.3983072916666666,1653.1,4.0,1,2,7,4.0,4.0,4.0,True,0.1009,248.99,False,0.001579,0.013688,66.7674,15,0.00188,0.017749,65.6391,15,0.00127,0.008691,68.7399,8,0.000684,0.002441,74.2544,4,78b94a17da802ef880015c77485233d467c9dc82176f4b5a1334cdd6545b32cc,rd=3 psy-rd=2.00 early-skip rskip mode=1 signhide tmvp b-intra strong-intra-smoothing deblock sao
core,17,1068986618,mt19937,64,64,10,yuv420p,IPB,cqp,0,,frame-threads=1:pools=4:log-level=info:keyint=250:min-keyint=25:bframes=4:b-adapt=2:scenecut=0:qp=0,61440,94689,,1.541162109375,,1848.12,0.0,1,2,7,0.0,0.0,0.0,False,0.0801,300.67,False,0.156576,2.022721,45.0714,128,0.176172,2.00376,45.1123,128,0.116504,1.764746,45.664,102,0.118262,2.356543,44.408,111,78b94a17da802ef880015c77485233d467c9dc82176f4b5a1334cdd6545b32cc,rd=3 psy-rd=2.00 early-skip rskip mode=1 signhide tmvp b-intra strong-intra-smoothing deblock sao
core,17,1068986618,mt19937,64,64,10,yuv420p,IPB,cqp,4,,frame-threads=1:pools=4:log-level=info:keyint=250:min-keyint=25:bframes=4:b-adapt=2:scenecut=0:qp=4,61440,80830,,1.3155924479166667,,1570.42,4.9,1,2,7,1.0,4.0,5.71,False,0.0879,259.87,False,0.32959,0.855404,48.8091,58,0.341138,0.980151,48.2179,58,0.308984,0.685742,49.7692,31,0.304004,0.526074,50.9203,24,78b94a17da802ef880015c77485233d467c9dc82176f4b5a1334cdd6545b32cc,rd=3 psy-rd=2.00 early-skip rskip mode=1 signhide tmvp b-intra strong-intra-smoothing deblock sao
core,17,1068986618,mt19937,64,64,10,yuv420p,IPB,cqp,8,,frame-threads=1:pools=4:log-level=info:keyint=250:min-keyint=25:bframes=4:b-adapt=2:scenecut=0:qp=8,61440,70209,,1.142724609375,,1358.0,8.9,1,2,7,5.0,8.0,9.71,False,0.0929,254.05,False,0.581868,1.60166,46.0851,102,0.593701,1.78623,45.6114,102,0.5625,1.721875,45.7708,79,0.553906,0.743164,49.42,21,78b94a17da802ef880015c77485233d467c9dc82176f4b5a1334cdd6545b32cc,rd=3 psy-rd=2.00 early-skip rskip mode=1 signhide tmvp b-intra strong-intra-smoothing deblock sao
core,17,1068986618,mt19937,64,64,10,yuv420p,IPB,cqp,10,,frame-threads=1:pools=4:log-level=info:keyint=250:min-keyint=25:bframes=4:b-adapt=2:scenecut=0:qp=10,61440,65622,,1.06806640625,,1266.24,10.9,1,2,7,7.0,10.0,11.71,False,0.0866,256.41,False,0.751156,2.007178,45.1049,84,0.752173,1.595435,46.102,42,0.753516,3.481055,42.7137,84,0.744727,2.180273,44.7457,47,78b94a17da802ef880015c77485233d467c9dc82176f4b5a1334cdd6545b32cc,rd=3 psy-rd=2.00 early-skip rskip mode=1 signhide tmvp b-intra strong-intra-smoothing deblock sao
core,17,1068986618,mt19937,64,64,10,yuv420p,IPB,cqp,12,,frame-threads=1:pools=4:log-level=info:keyint=250:min-keyint=25:bframes=4:b-adapt=2:scenecut=0:qp=12,61440,61888,,1.0072916666666667,,1191.56,12.9,1,2,7,9.0,12.0,13.71,False,0.1047,192.19,False,0.901367,1.521973,46.3067,26,0.902612,1.529077,46.2865,26,0.888965,1.483301,46.4185,6,0.908789,1.532227,46.2776,5,78b94a17da802ef880015c77485233d467c9dc82176f4b5a1334cdd6545b32cc,rd=3 psy-rd=2.00 early-skip rskip mode=1 signhide tmvp b-intra strong-intra-smoothing deblock sao
core,17,1068986618,mt19937,64,64,10,yuv420p,IPB,cqp,14,,frame-threads=1:pools=4:log-level=info:keyint=250:min-keyint=25:bframes=4:b-adapt=2:scenecut=0:qp=14,61440,58286,,0.9486653645833333,,1119.52,14.9,1,2,7,11.0,14.0,15.71,False,0.1201,161.77,False,1.187402,4.961296,41.1749,141,1.177197,4.624854,41.4798,109,1.219727,7.517383,39.3701,141,1.195898,3.750977,42.3894,70,78b94a17da802ef880015c77485233d467c9dc82176f4b5a1334cdd6545b32cc,rd=3 psy-rd=2.00 early-skip rskip mode=1 signhide tmvp b-intra strong-intra-smoothing deblock sao
core,17,1068986618,mt19937,64,64,10,yuv420p,IPB,cqp,16,,frame-threads=1:pools=4:log-level=info:keyint=250:min-keyint=25:bframes=4:b-adapt=2:scenecut=0:qp=16,61440,55185,,0.898193359375,,1057.5,16.9,1,2,7,13.0,16.0,17.71,False,0.1151,165.47,False,1.435238,3.52124,42.6638,8,1.411255,3.414429,42.7976,8,1.491602,3.781445,42.3542,7,1.474805,3.688281,42.4626,8,78b94a17da802ef880015c77485233d467c9dc82176f4b5a1334cdd6545b32cc,rd=3 psy-rd=2.00 early-skip rskip mode=1 signhide tmvp b-intra strong-intra-smoothing deblock sao
core,17,1068986618,mt19937,64,64,10,yuv420p,IPB,cqp,18,,frame-threads=1:pools=4:log-level=info:keyint=250:min-keyint=25:bframes=4:b-adapt=2:scenecut=0:qp=18,61440,51864,,0.844140625,,991.08,18.9,1,2,7,15.0,18.0,19.71,False,0.0966,242.74,False,1.802832,5.47666,40.7456,13,1.78313,5.375366,40.8267,10,1.833496,5.665527,40.5984,12,1.850977,5.692969,40.5774,13,78b94a17da802ef880015c77485233d467c9dc82176f4b5a1334cdd6545b32cc,rd=3 psy-rd=2.00 early-skip rskip mode=1 signhide tmvp b-intra strong-intra-smoothing deblock sao
core,17,1068986618,mt19937,64,64,10,yuv420p,IPB,cqp,20,,frame-threads=1:pools=4:log-level=info:keyint=250:min-keyint=25:bframes=4:b-adapt=2:scenecut=0:qp=20,61440,48111,,0.783056640625,,916.02,20.9,1,2,7,17.0,20.0,21.71,False,0.1033,180.99,False,2.248258,8.340934,38.9187,14,2.223022,8.178784,39.0039,14,2.302246,8.689551,38.7408,12,2.295215,8.640918,38.7652,11,78b94a17da802ef880015c77485233d467c9dc82176f4b5a1334cdd6545b32cc,rd=3 psy-rd=2.00 early-skip rskip mode=1 signhide tmvp b-intra strong-intra-smoothing deblock sao
core,17,1068986618,mt19937,64,64,10,yuv420p,IPB,cqp,24,,frame-threads=1:pools=4:log-level=info:keyint=250:min-keyint=25:bframes=4:b-adapt=2:scenecut=0:qp=24,61440,41875,,0.6815592447916666,,791.3,24.9,1,2,7,21.0,24.0,25.71,False,0.1121,179.42,False,3.576172,22.424414,34.6236,100,3.546021,22.662085,34.5778,100,3.655664,22.2875,34.6502,54,3.617285,21.610645,34.7841,34,78b94a17da802ef880015c77485233d467c9dc82176f4b5a1334cdd6545b32cc,rd=3 psy-rd=2.00 early-skip rskip mode=1 signhide tmvp b-intra strong-intra-smoothing deblock sao
core,17,1068986618,mt19937,64,64,10,yuv420p,IPB,cqp,28,,frame-threads=1:pools=4:log-level=info:keyint=250:min-keyint=25:bframes=4:b-adapt=2:scenecut=0:qp=28,61440,36413,,0.5926595052083333,,682.06,28.9,1,2,7,25.0,28.0,29.71,False,0.124,159.06,False,5.529508,50.156331,31.1275,78,5.573096,51.031836,31.0524,78,5.453906,48.408398,31.2816,42,5.430762,48.402246,31.2821,71,78b94a17da802ef880015c77485233d467c9dc82176f4b5a1334cdd6545b32cc,rd=3 psy-rd=2.00 early-skip rskip mode=1 signhide tmvp b-intra strong-intra-smoothing deblock sao
core,17,1068986618,mt19937,64,64,10,yuv420p,IPB,cqp,32,,frame-threads=1:pools=4:log-level=info:keyint=250:min-keyint=25:bframes=4:b-adapt=2:scenecut=0:qp=32,61440,30155,,0.4908040364583333,,556.9,32.9,1,2,7,29.0,32.0,33.71,False,0.1024,180.94,False,8.642529,122.96027,27.2332,110,8.87937,129.686353,27.0019,110,8.136914,107.942969,27.7989,68,8.200781,111.073242,27.6747,80,78b94a17da802ef880015c77485233d467c9dc82176f4b5a1334cdd6545b32cc,rd=3 psy-rd=2.00 early-skip rskip mode=1 signhide tmvp b-intra strong-intra-smoothing deblock sao
core,17,1068986618,mt19937,64,64,10,yuv420p,IPB,cqp,36,,frame-threads=1:pools=4:log-level=info:keyint=250:min-keyint=25:bframes=4:b-adapt=2:scenecut=0:qp=36,61440,25241,,0.41082356770833334,,458.62,36.9,1,2,7,33.0,36.0,37.71,False,0.1117,193.28,False,12.838298,270.150765,23.8147,121,14.007739,317.142212,23.1183,121,10.491309,177.210645,25.6459,69,10.50752,175.125098,25.6973,50,78b94a17da802ef880015c77485233d467c9dc82176f4b5a1334cdd6545b32cc,rd=3 psy-rd=2.00 early-skip rskip mode=1 signhide tmvp b-intra strong-intra-smoothing deblock sao
core,17,1068986618,mt19937,64,64,10,yuv420p,IPB,cqp,40,,frame-threads=1:pools=4:log-level=info:keyint=250:min-keyint=25:bframes=4:b-adapt=2:scenecut=0:qp=40,61440,19577,,0.31863606770833336,,345.34,40.9,1,2,7,37.0,40.0,41.71,False,0.0985,195.88,False,19.163379,614.274382,20.2472,122,22.154858,783.99397,19.1877,122,13.202734,277.091211,23.7046,69,13.158105,272.579199,23.7759,70,78b94a17da802ef880015c77485233d467c9dc82176f4b5a1334cdd6545b32cc,rd=3 psy-rd=2.00 early-skip rskip mode=1 signhide tmvp b-intra strong-intra-smoothing deblock sao
core,17,1068986618,mt19937,64,64,10,yuv420p,IPB,cqp,44,,frame-threads=1:pools=4:log-level=info:keyint=250:min-keyint=25:bframes=4:b-adapt=2:scenecut=0:qp=44,61440,14178,,0.23076171875,,237.36,44.9,1,2,7,41.0,44.0,45.71,False,0.1053,192.56,False,29.276628,1463.809505,16.476,213,34.794995,1930.243042,15.2747,213,18.302734,534.92793,20.8479,89,18.177051,526.956934,20.9131,99,78b94a17da802ef880015c77485233d467c9dc82176f4b5a1334cdd6545b32cc,rd=3 psy-rd=2.00 early-skip rskip mode=1 signhide tmvp b-intra strong-intra-smoothing deblock sao
core,17,1068986618,mt19937,64,64,10,yuv420p,IPB,cqp,48,,frame-threads=1:pools=4:log-level=info:keyint=250:min-keyint=25:bframes=4:b-adapt=2:scenecut=0:qp=48,61440,6166,,0.10035807291666667,,77.12,48.9,1,2,7,45.0,48.0,49.71,False,0.0774,380.42,False,54.249137,4522.44777,11.5771,232,54.465894,4437.982202,11.6589,232,53.698145,4668.090332,11.4394,226,53.933105,4714.66748,11.3963,215,78b94a17da802ef880015c77485233d467c9dc82176f4b5a1334cdd6545b32cc,rd=3 psy-rd=2.00 early-skip rskip mode=1 signhide tmvp b-intra strong-intra-smoothing deblock sao
core,17,1068986618,mt19937,64,64,10,yuv420p,IPB,cqp,51,,frame-threads=1:pools=4:log-level=info:keyint=250:min-keyint=25:bframes=4:b-adapt=2:scenecut=0:qp=51,61440,3768,,0.061328125,,29.16,51.9,1,2,7,48.0,51.0,52.71,False,0.0656,768.29,False,62.873291,5669.661019,10.5952,233,63.452661,5659.367749,10.6031,233,61.790234,5737.279492,10.5437,212,61.638867,5643.215625,10.6155,231,78b94a17da802ef880015c77485233d467c9dc82176f4b5a1334cdd6545b32cc,rd=3 psy-rd=2.00 early-skip rskip mode=1 signhide tmvp b-intra strong-intra-smoothing deblock sao
core,18,688379987,mt19937,64,64,10,yuv420p,IPB,lossless,,,frame-threads=1:pools=4:log-level=info:keyint=250:min-keyint=25:bframes=4:b-adapt=2:scenecut=0:lossless=1,61440,84832,85783,1.3807291666666666,1.3962076822916667,1650.52,4.0,1,2,7,4.0,4.0,4.0,True,0.0863,292.14,False,0.00026,0.000618,80.2175,5,0.000293,0.000781,79.2029,5,0.000293,0.000488,81.2441,2,9.8e-05,9.8e-05,88.2338,1,6837a312002e8e230cbc2c4270b99adf434a85589b45688f11484850d220bd9e,rd=3 psy-rd=2.00 early-skip rskip mode=1 signhide tmvp b-intra strong-intra-smoothing deblock sao
core,18,688379987,mt19937,64,64,10,yuv420p,IPB,cqp,0,,frame-threads=1:pools=4:log-level=info:keyint=250:min-keyint=25:bframes=4:b-adapt=2:scenecut=0:qp=0,61440,94480,,1.5377604166666667,,1843.94,0.0,1,2,7,0.0,0.0,0.0,False,0.0969,242.28,False,0.153548,1.072949,47.825,70,0.17019,0.692065,49.7293,45,0.108398,1.196875,47.3503,41,0.132129,2.472559,44.1993,70,6837a312002e8e230cbc2c4270b99adf434a85589b45688f11484850d220bd9e,rd=3 psy-rd=2.00 early-skip rskip mode=1 signhide tmvp b-intra strong-intra-smoothing deblock sao
core,18,688379987,mt19937,64,64,10,yuv420p,IPB,cqp,4,,frame-threads=1:pools=4:log-level=info:keyint=250:min-keyint=25:bframes=4:b-adapt=2:scenecut=0:qp=4,61440,80714,,1.3137044270833333,,1568.1,4.9,1,2,7,1.0,4.0,5.71,False,0.0892,277.82,False,0.335775,1.22793,47.2391,78,0.339526,0.832837,48.9252,56,0.324805,2.039648,45.0353,78,0.331738,1.996582,45.1279,76,6837a312002e8e230cbc2c4270b99adf434a85589b45688f11484850d220bd9e,rd=3 psy-rd=2.00 early-skip rskip mode=1 signhide tmvp b-intra strong-intra-smoothing deblock sao
core,18,688379987,mt19937,64,64,10,yuv420p,IPB,cqp,8,,frame-threads=1:pools=4:log-level=info:keyint=250:min-keyint=25:bframes=4:b-adapt=2:scenecut=0:qp=8,61440,70161,,1.141943359375,,1357.04,8.9,1,2,7,5.0,8.0,9.71,False,0.101,221.59,False,0.57041,0.761068,49.3166,26,0.58374,0.781738,49.2002,21,0.539258,0.733789,49.4751,26,0.548242,0.705664,49.6448,13,6837a312002e8e230cbc2c4270b99adf434a85589b45688f11484850d220bd9e,rd=3 psy-rd=2.00 early-skip rskip mode=1 signhide tmvp b-intra strong-intra-smoothing deblock sao
core,18,688379987,mt19937,64,64,10,yuv420p,IPB,cqp,10,,frame-threads=1:pools=4:log-level=info:keyint=250:min-keyint=25:bframes=4:b-adapt=2:scenecut=0:qp=10,61440,65373,,1.064013671875,,1261.26,10.9,1,2,7,7.0,10.0,11.71,False,0.097,212.28,False,0.763232,2.383545,44.3586,134,0.759351,1.763989,45.6658,46,0.761621,3.594629,42.5743,134,0.780371,3.650684,42.5071,68,6837a312002e8e230cbc2c4270b99adf434a85589b45688f11484850d220bd9e,rd=3 psy-rd=2.00 early-skip rskip mode=1 signhide tmvp b-intra strong-intra-smoothing deblock sao
core,18,688379987,mt19937,64,64,10,yuv420p,IPB,cqp,12,,frame-threads=1:pools=4:log-level=info:keyint=250:min-keyint=25:bframes=4:b-adapt=2:scenecut=0:qp=12,61440,61614,,1.00283203125,,1186.08,12.9,1,2,7,9.0,12.0,13.71,False,0.1118,192.9,False,0.915446,1.709521,45.8021,56,0.91543,1.630518,46.0075,32,0.911719,1.724609,45.7639,34,0.919238,2.010449,45.0979,56,6837a312002e8e230cbc2c4270b99adf434a85589b45688f11484850d220bd9e,rd=3 psy-rd=2.00 early-skip rskip mode=1 signhide tmvp b-intra strong-intra-smoothing deblock sao
core,18,688379987,mt19937,64,64,10,yuv420p,IPB,cqp,14,,frame-threads=1:pools=4:log-level=info:keyint=250:min-keyint=25:bframes=4:b-adapt=2:scenecut=0:qp=14,61440,58336,,0.9494791666666667,,1120.52,14.9,1,2,7,11.0,14.0,15.71,False,0.1028,209.82,False,1.14432,2.426025,44.2819,45,1.134888,2.360132,44.4014,29,1.157715,2.495605,44.159,31,1.168652,2.62002,43.9478,45,6837a312002e8e230cbc2c4270b99adf434a85589b45688f11484850d220bd9e,rd=3 psy-rd=2.00 early-skip rskip mode=1 signhide tmvp b-intra strong-intra-smoothing deblock sao
core,18,688379987,mt19937,64,64,10,yuv420p,IPB,cqp,16,,frame-threads=1:pools=4:log-level=info:keyint=250:min-keyint=25:bframes=4:b-adapt=2:scenecut=0:qp=16,61440,54883,,0.8932779947916667,,1051.46,16.9,1,2,7,13.0,16.0,17.71,False,0.1056,181.35,False,1.431478,3.573893,42.5994,34,1.403882,3.430493,42.7772,33,1.485449,3.859863,42.2651,34,1.487891,3.861523,42.2632,32,6837a312002e8e230cbc2c4270b99adf434a85589b45688f11484850d220bd9e,rd=3 psy-rd=2.00 early-skip rskip mode=1 signhide tmvp b-intra strong-intra-smoothing deblock sao
core,18,688379987,mt19937,64,64,10,yuv420p,IPB,cqp,18,,frame-threads=1:pools=4:log-level=info:keyint=250:min-keyint=25:bframes=4:b-adapt=2:scenecut=0:qp=18,61440,51620,,0.8401692708333334,,986.2,18.9,1,2,7,15.0,18.0,19.71,False,0.1034,221.48,False,1.790381,5.451318,40.7658,14,1.766699,5.31001,40.8799,14,1.83457,5.700781,40.5715,10,1.840918,5.76709,40.5212,13,6837a312002e8e230cbc2c4270b99adf434a85589b45688f11484850d220bd9e,rd=3 psy-rd=2.00 early-skip rskip mode=1 signhide tmvp b-intra strong-intra-smoothing deblock sao
core,18,688379987,mt19937,64,64,10,yuv420p,IPB,cqp,20,,frame-threads=1:pools=4:log-level=info:keyint=250:min-keyint=25:bframes=4:b-adapt=2:scenecut=0:qp=20,61440,48011,,0.7814290364583333,,914.02,20.9,1,2,7,17.0,20.0,21.71,False,0.1286,179.38,False,2.254508,8.388005,38.8942,13,2.246265,8.310132,38.9347,12,2.268066,8.50752,38.8328,11,2.273926,8.57998,38.7959,13,6837a312002e8e230cbc2c4270b99adf434a85589b45688f11484850d220bd9e,rd=3 psy-rd=2.00 early-skip rskip mode=1 signhide tmvp b-intra strong-intra-smoothing deblock sao
core,18,688379987,mt19937,64,64,10,yuv420p,IPB,cqp,24,,frame-threads=1:pools=4:log-level=info:keyint=250:min-keyint=25:bframes=4:b-adapt=2:scenecut=0:qp=24,61440,41809,,0.6804850260416667,,789.98,24.9,1,2,7,21.0,24.0,25.71,False,0.1024,204.8,False,3.552458,20.737907,34.9632,45,3.529492,20.416357,35.031,27,3.611133,21.482617,34.8099,34,3.585645,21.279395,34.8512,45,6837a312002e8e230cbc2c4270b99adf434a85589b45688f11484850d220bd9e,rd=3 psy-rd=2.00 early-skip rskip mode=1 signhide tmvp b-intra strong-intra-smoothing deblock sao
core,18,688379987,mt19937,64,64,10,yuv420p,IPB,cqp,28,,frame-threads=1:pools=4:log-level=info:keyint=250:min-keyint=25:bframes=4:b-adapt=2:scenecut=0:qp=28,61440,35800,,0.5826822916666666,,669.8,28.9,1,2,7,25.0,28.0,29.71,False,0.1103,182.71,False,5.52168,49.202214,31.211,31,5.595996,50.558203,31.0929,31,5.370117,46.581445,31.4487,28,5.375977,46.399023,31.4657,29,6837a312002e8e230cbc2c4270b99adf434a85589b45688f11484850d220bd9e,rd=3 psy-rd=2.00 early-skip rskip mode=1 signhide tmvp b-intra strong-intra-smoothing deblock sao
core,18,688379987,mt19937,64,64,10,yuv420p,IPB,cqp,32,,frame-threads=1:pools=4:log-level=info:keyint=250:min-keyint=25:bframes=4:b-adapt=2:scenecut=0:qp=32,61440,30216,,0.491796875,,558.12,32.9,1,2,7,29.0,32.0,33.71,False,0.106,189.19,False,8.590348,120.40083,27.3245,90,8.850195,127.957666,27.0601,55,8.086914,105.443555,27.9006,49,8.054395,105.130762,27.9135,90,6837a312002e8e230cbc2c4270b99adf434a85589b45688f11484850d220bd9e,rd=3 psy-rd=2.00 early-skip rskip mode=1 signhide tmvp b-intra strong-intra-smoothing deblock sao
core,18,688379987,mt19937,64,64,10,yuv420p,IPB,cqp,36,,frame-threads=1:pools=4:log-level=info:keyint=250:min-keyint=25:bframes=4:b-adapt=2:scenecut=0:qp=36,61440,25167,,0.409619140625,,457.14,36.9,1,2,7,33.0,36.0,37.71,False,0.121,152.32,False,12.835661,271.142855,23.7988,97,13.975757,317.594507,23.1121,97,10.701074,183.657715,25.4907,68,10.409863,172.821387,25.7548,52,6837a312002e8e230cbc2c4270b99adf434a85589b45688f11484850d220bd9e,rd=3 psy-rd=2.00 early-skip rskip mode=1 signhide tmvp b-intra strong-intra-smoothing deblock sao
core,18,688379987,mt19937,64,64,10,yuv420p,IPB,cqp,40,,frame-threads=1:pools=4:log-level=info:keyint=250:min-keyint=25:bframes=4:b-adapt=2:scenecut=0:qp=40,61440,19598,,0.3189778645833333,,345.76,40.9,1,2,7,37.0,40.0,41.71,False,0.1148,153.55,False,19.078369,612.595166,20.2591,116,21.987378,779.831763,19.2108,116,13.242285,275.94248,23.7226,64,13.278418,280.301465,23.6545,71,6837a312002e8e230cbc2c4270b99adf434a85589b45688f11484850d220bd9e,rd=3 psy-rd=2.00 early-skip rskip mode=1 signhide tmvp b-intra strong-intra-smoothing deblock sao
core,18,688379987,mt19937,64,64,10,yuv420p,IPB,cqp,44,,frame-threads=1:pools=4:log-level=info:keyint=250:min-keyint=25:bframes=4:b-adapt=2:scenecut=0:qp=44,61440,14171,,0.23064778645833334,,237.22,44.9,1,2,7,41.0,44.0,45.71,False,0.0924,236.98,False,29.160286,1459.474544,16.4888,184,34.722119,1930.197705,15.2748,184,17.980762,512.526465,21.0336,92,18.09248,523.52998,20.9414,96,6837a312002e8e230cbc2c4270b99adf434a85589b45688f11484850d220bd9e,rd=3 psy-rd=2.00 early-skip rskip mode=1 signhide tmvp b-intra strong-intra-smoothing deblock sao
core,18,688379987,mt19937,64,64,10,yuv420p,IPB,cqp,48,,frame-threads=1:pools=4:log-level=info:keyint=250:min-keyint=25:bframes=4:b-adapt=2:scenecut=0:qp=48,61440,6547,,0.10655924479166666,,84.74,48.9,1,2,7,45.0,48.0,49.71,False,0.0903,343.1,False,52.73807,4314.824821,11.7812,244,53.346631,4292.236816,11.804,244,51.870801,4394.533496,11.7017,206,51.171094,4325.468164,11.7705,231,6837a312002e8e230cbc2c4270b99adf434a85589b45688f11484850d220bd9e,rd=3 psy-rd=2.00 early-skip rskip mode=1 signhide tmvp b-intra strong-intra-smoothing deblock sao
core,18,688379987,mt19937,64,64,10,yuv420p,IPB,cqp,51,,frame-threads=1:pools=4:log-level=info:keyint=250:min-keyint=25:bframes=4:b-adapt=2:scenecut=0:qp=51,61440,3714,,0.06044921875,,28.08,51.9,1,2,7,48.0,51.0,52.71,False,0.0609,718.24,False,64.204932,6025.152686,10.3311,241,64.302612,5957.087573,10.3805,234,63.741797,6105.42207,10.2736,241,64.277344,6217.14375,10.1949,241,6837a312002e8e230cbc2c4270b99adf434a85589b45688f11484850d220bd9e,rd=3 psy-rd=2.00 early-skip rskip mode=1 signhide tmvp b-intra strong-intra-smoothing deblock sao
core,19,2455257004,mt19937,64,64,10,yuv420p,IPB,lossless,,,frame-threads=1:pools=4:log-level=info:keyint=250:min-keyint=25:bframes=4:b-adapt=2:scenecut=0:lossless=1,61440,84875,85826,1.3814290364583333,1.3969075520833334,1651.38,4.0,1,2,7,4.0,4.0,4.0,True,0.095,258.22,True,0.0,0.0,inf,0,0.0,0.0,inf,0,0.0,0.0,inf,0,0.0,0.0,inf,0,d6cd1b27aa2bfd698fd1ac5985ab97c0cd5de967a015425931a72c9bfbd38748,rd=3 psy-rd=2.00 early-skip rskip mode=1 signhide tmvp b-intra strong-intra-smoothing deblock sao
core,19,2455257004,mt19937,64,64,10,yuv420p,IPB,cqp,0,,frame-threads=1:pools=4:log-level=info:keyint=250:min-keyint=25:bframes=4:b-adapt=2:scenecut=0:qp=0,61440,94657,,1.5406412760416666,,1847.48,0.0,1,2,7,0.0,0.0,0.0,False,0.0955,265.13,False,0.124007,0.136182,56.7896,10,0.147876,0.164478,55.9697,10,0.075,0.075586,59.3464,3,0.077539,0.083594,58.9091,5,d6cd1b27aa2bfd698fd1ac5985ab97c0cd5de967a015425931a72c9bfbd38748,rd=3 psy-rd=2.00 early-skip rskip mode=1 signhide tmvp b-intra strong-intra-smoothing deblock sao
core,19,2455257004,mt19937,64,64,10,yuv420p,IPB,cqp,4,,frame-threads=1:pools=4:log-level=info:keyint=250:min-keyint=25:bframes=4:b-adapt=2:scenecut=0:qp=4,61440,80827,,1.3155436197916666,,1570.36,4.9,1,2,7,1.0,4.0,5.71,False,0.0929,220.77,False,0.315186,0.342269,52.7871,16,0.324902,0.333594,52.8986,4,0.302441,0.38252,52.3043,15,0.289062,0.336719,52.8581,16,d6cd1b27aa2bfd698fd1ac5985ab97c0cd5de967a015425931a72c9bfbd38748,rd=3 psy-rd=2.00 early-skip rskip mode=1 signhide tmvp b-intra strong-intra-smoothing deblock sao
core,19,2455257004,mt19937,64,64,10,yuv420p,IPB,cqp,8,,frame-threads=1:pools=4:log-level=info:keyint=250:min-keyint=25:bframes=4:b-adapt=2:scenecut=0:qp=8,61440,70695,,1.150634765625,,1367.72,8.9,1,2,7,5.0,8.0,9.71,False,0.1157,178.44,False,0.545898,0.695638,49.707,18,0.556226,0.721265,49.5499,18,0.522363,0.631152,50.1295,8,0.528125,0.657617,49.9511,13,d6cd1b27aa2bfd698fd1ac5985ab97c0cd5de967a015425931a72c9bfbd38748,rd=3 psy-rd=2.00 early-skip rskip mode=1 signhide tmvp b-intra strong-intra-smoothing deblock sao
core,19,2455257004,mt19937,64,64,10,yuv420p,IPB,cqp,10,,frame-threads=1:pools=4:log-level=info:keyint=250:min-keyint=25:bframes=4:b-adapt=2:scenecut=0:qp=10,61440,65649,,1.068505859375,,1266.78,10.9,1,2,7,7.0,10.0,11.71,False,0.0979,246.48,False,0.71971,1.047021,47.9312,20,0.723706,1.06355,47.8632,20,0.711133,1.00957,48.0894,10,0.712305,1.018359,48.0518,12,d6cd1b27aa2bfd698fd1ac5985ab97c0cd5de967a015425931a72c9bfbd38748,rd=3 psy-rd=2.00 early-skip rskip mode=1 signhide tmvp b-intra strong-intra-smoothing deblock sao
core,19,2455257004,mt19937,64,64,10,yuv420p,IPB,cqp,12,,frame-threads=1:pools=4:log-level=info:keyint=250:min-keyint=25:bframes=4:b-adapt=2:scenecut=0:qp=12,61440,62059,,1.0100748697916666,,1194.98,12.9,1,2,7,9.0,12.0,13.71,False,0.1126,179.23,False,0.951188,8.325537,38.9267,226,0.972778,11.259399,37.6157,226,0.89082,1.487109,46.4074,7,0.925195,3.428516,42.7797,70,d6cd1b27aa2bfd698fd1ac5985ab97c0cd5de967a015425931a72c9bfbd38748,rd=3 psy-rd=2.00 early-skip rskip mode=1 signhide tmvp b-intra strong-intra-smoothing deblock sao
core,19,2455257004,mt19937,64,64,10,yuv420p,IPB,cqp,14,,frame-threads=1:pools=4:log-level=info:keyint=250:min-keyint=25:bframes=4:b-adapt=2:scenecut=0:qp=14,61440,58270,,0.9484049479166666,,1119.2,14.9,1,2,7,11.0,14.0,15.71,False,0.1237,159.23,False,1.17277,3.800863,42.332,143,1.16084,3.303223,42.9414,68,1.190332,3.500293,42.6898,72,1.20293,6.091992,40.2832,143,d6cd1b27aa2bfd698fd1ac5985ab97c0cd5de967a015425931a72c9bfbd38748,rd=3 psy-rd=2.00 early-skip rskip mode=1 signhide tmvp b-intra strong-intra-smoothing deblock sao
core,19,2455257004,mt19937,64,64,10,yuv420p,IPB,cqp,16,,frame-threads=1:pools=4:log-level=info:keyint=250:min-keyint=25:bframes=4:b-adapt=2:scenecut=0:qp=16,61440,55114,,0.8970377604166667,,1056.08,16.9,1,2,7,13.0,16.0,17.71,False,0.0986,203.03,False,1.487028,10.434229,37.9462,226,1.481494,13.290625,36.8953,226,1.491113,3.784668,42.3505,8,1.505078,5.658203,40.604,68,d6cd1b27aa2bfd698fd1ac5985ab97c0cd5de967a015425931a72c9bfbd38748,rd=3 psy-rd=2.00 early-skip rskip mode=1 signhide tmvp b-intra strong-intra-smoothing deblock sao
core,19,2455257004,mt19937,64,64,10,yuv420p,IPB,cqp,18,,frame-threads=1:pools=4:log-level=info:keyint=250:min-keyint=25:bframes=4:b-adapt=2:scenecut=0:qp=18,61440,51960,,0.845703125,,993.0,18.9,1,2,7,15.0,18.0,19.71,False,0.1167,173.54,False,1.785156,5.39694,40.8093,18,1.767603,5.314429,40.8762,18,1.831445,5.589258,40.6573,10,1.809082,5.534668,40.6999,10,d6cd1b27aa2bfd698fd1ac5985ab97c0cd5de967a015425931a72c9bfbd38748,rd=3 psy-rd=2.00 early-skip rskip mode=1 signhide tmvp b-intra strong-intra-smoothing deblock sao
core,19,2455257004,mt19937,64,64,10,yuv420p,IPB,cqp,20,,frame-threads=1:pools=4:log-level=info:keyint=250:min-keyint=25:bframes=4:b-adapt=2:scenecut=0:qp=20,61440,48271,,0.7856608072916667,,919.22,20.9,1,2,7,17.0,20.0,21.71,False,0.0976,220.83,False,2.365951,16.907292,35.8501,132,2.348218,17.333081,35.742,132,2.4,15.256836,36.2962,112,2.402832,16.85459,35.8636,120,d6cd1b27aa2bfd698fd1ac5985ab97c0cd5de967a015425931a72c9bfbd38748,rd=3 psy-rd=2.00 early-skip rskip mode=1 signhide tmvp b-intra strong-intra-smoothing deblock sao
core,19,2455257004,mt19937,64,64,10,yuv420p,IPB,cqp,24,,frame-threads=1:pools=4:log-level=info:keyint=250:min-keyint=25:bframes=4:b-adapt=2:scenecut=0:qp=24,61440,41796,,0.6802734375,,789.72,24.9,1,2,7,21.0,24.0,25.71,False,0.1138,149.0,False,3.567692,21.085791,34.8909,69,3.535059,20.753564,34.9599,69,3.653809,22.080762,34.6907,19,3.612109,21.419727,34.8227,19,d6cd1b27aa2bfd698fd1ac5985ab97c0cd5de967a015425931a72c9bfbd38748,rd=3 psy-rd=2.00 early-skip rskip mode=1 signhide tmvp b-intra strong-intra-smoothing deblock sao
core,19,2455257004,mt19937,64,64,10,yuv420p,IPB,cqp,28,,frame-threads=1:pools=4:log-level=info:keyint=250:min-keyint=25:bframes=4:b-adapt=2:scenecut=0:qp=28,61440,36147,,0.588330078125,,676.74,28.9,1,2,7,25.0,28.0,29.71,False,0.1244,166.79,False,5.619645,60.042236,30.3462,158,5.696753,63.345825,30.1136,158,5.493457,52.014551,30.9696,94,5.437402,54.855566,30.7386,132,d6cd1b27aa2bfd698fd1ac5985ab97c0cd5de967a015425931a72c9bfbd38748,rd=3 psy-rd=2.00 early-skip rskip mode=1 signhide tmvp b-intra strong-intra-smoothing deblock sao
core,19,2455257004,mt19937,64,64,10,yuv420p,IPB,cqp,32,,frame-threads=1:pools=4:log-level=info:keyint=250:min-keyint=25:bframes=4:b-adapt=2:scenecut=0:qp=32,61440,30615,,0.498291015625,,566.1,32.9,1,2,7,29.0,32.0,33.71,False,0.1025,181.62,False,8.632096,125.205697,27.1546,144,8.866675,131.891333,26.9286,144,8.158984,110.109961,27.7125,108,8.166895,113.558887,27.5786,131,d6cd1b27aa2bfd698fd1ac5985ab97c0cd5de967a015425931a72c9bfbd38748,rd=3 psy-rd=2.00 early-skip rskip mode=1 signhide tmvp b-intra strong-intra-smoothing deblock sao
core,19,2455257004,mt19937,64,64,10,yuv420p,IPB,cqp,36,,frame-threads=1:pools=4:log-level=info:keyint=250:min-keyint=25:bframes=4:b-adapt=2:scenecut=0:qp=36,61440,24986,,0.40667317708333334,,453.52,36.9,1,2,7,33.0,36.0,37.71,False,0.124,158.13,False,12.844515,270.846436,23.8036,78,14.023315,318.821948,23.0953,78,10.389062,172.007812,25.7753,54,10.584766,177.783008,25.6319,49,d6cd1b27aa2bfd698fd1ac5985ab97c0cd5de967a015425931a72c9bfbd38748,rd=3 psy-rd=2.00 early-skip rskip mode=1 signhide tmvp b-intra strong-intra-smoothing deblock sao
core,19,2455257004,mt19937,64,64,10,yuv420p,IPB,cqp,40,,frame-threads=1:pools=4:log-level=info:keyint=250:min-keyint=25:bframes=4:b-adapt=2:scenecut=0:qp=40,61440,19615,,0.3192545572916667,,346.1,40.9,1,2,7,37.0,40.0,41.71,False,0.1249,160.09,False,19.120931,620.460026,20.2037,121,22.125684,793.787939,19.1338,121,13.008398,269.843945,23.8197,65,13.214453,277.764453,23.694,65,d6cd1b27aa2bfd698fd1ac5985ab97c0cd5de967a015425931a72c9bfbd38748,rd=3 psy-rd=2.00 early-skip rskip mode=1 signhide tmvp b-intra strong-intra-smoothing deblock sao
core,19,2455257004,mt19937,64,64,10,yuv420p,IPB,cqp,44,,frame-threads=1:pools=4:log-level=info:keyint=250:min-keyint=25:bframes=4:b-adapt=2:scenecut=0:qp=44,61440,14149,,0.23028971354166666,,236.78,44.9,1,2,7,41.0,44.0,45.71,False,0.0962,236.21,False,29.115723,1449.283464,16.5193,174,34.650049,1912.098438,15.3157,174,18.072559,524.508105,20.9333,92,18.021582,522.798926,20.9475,91,d6cd1b27aa2bfd698fd1ac5985ab97c0cd5de967a015425931a72c9bfbd38748,rd=3 psy-rd=2.00 early-skip rskip mode=1 signhide tmvp b-intra strong-intra-smoothing deblock sao
core,19,2455257004,mt19937,64,64,10,yuv420p,IPB,cqp,48,,frame-threads=1:pools=4:log-level=info:keyint=250:min-keyint=25:bframes=4:b-adapt=2:scenecut=0:qp=48,61440,6257,,0.10183919270833333,,78.94,48.9,1,2,7,45.0,48.0,49.71,False,0.0955,302.84,False,53.598096,4413.211279,11.6833,229,53.677466,4340.617944,11.7553,229,53.792285,4616.788574,11.4874,218,53.086426,4500.007324,11.5987,197,d6cd1b27aa2bfd698fd1ac5985ab97c0cd5de967a015425931a72c9bfbd38748,rd=3 psy-rd=2.00 early-skip rskip mode=1 signhide tmvp b-intra strong-intra-smoothing deblock sao
core,19,2455257004,mt19937,64,64,10,yuv420p,IPB,cqp,51,,frame-threads=1:pools=4:log-level=info:keyint=250:min-keyint=25:bframes=4:b-adapt=2:scenecut=0:qp=51,61440,3599,,0.058577473958333334,,25.78,51.9,1,2,7,48.0,51.0,52.71,False,0.0747,792.08,False,63.624463,5844.597803,10.4633,254,64.277539,5883.565625,10.4344,239,61.940039,5703.756445,10.5692,232,62.696582,5829.567871,10.4744,254,d6cd1b27aa2bfd698fd1ac5985ab97c0cd5de967a015425931a72c9bfbd38748,rd=3 psy-rd=2.00 early-skip rskip mode=1 signhide tmvp b-intra strong-intra-smoothing deblock sao
core,0,111496418,mt19937,128,128,10,yuv420p,IPB,lossless,,,frame-threads=1:pools=4:log-level=info:keyint=250:min-keyint=25:bframes=4:b-adapt=2:scenecut=0:lossless=1,245760,329661,330614,1.34139404296875,1.3452718098958334,6547.06,4.0,1,2,7,4.0,4.0,4.0,True,0.1825,77.21,True,0.0,0.0,inf,0,0.0,0.0,inf,0,0.0,0.0,inf,0,0.0,0.0,inf,0,0df1cfae6e367a035fe345e288fc0c3dfc8d579f21bb39598201e49fa0efda2a,rd=3 psy-rd=2.00 early-skip rskip mode=1 signhide tmvp b-intra strong-intra-smoothing deblock sao
core,0,111496418,mt19937,128,128,10,yuv420p,IPB,cqp,0,,frame-threads=1:pools=4:log-level=info:keyint=250:min-keyint=25:bframes=4:b-adapt=2:scenecut=0:qp=0,245760,368458,369411,1.4992594401041666,1.50313720703125,7323.46,0.0,1,2,7,0.0,0.0,0.0,False,0.2086,71.03,False,0.120785,0.120793,57.3104,2,0.142761,0.142773,56.5843,2,0.076855,0.076855,59.2741,1,0.076807,0.076807,59.2768,1,0df1cfae6e367a035fe345e288fc0c3dfc8d579f21bb39598201e49fa0efda2a,rd=3 psy-rd=2.00 early-skip rskip mode=1 signhide tmvp b-intra strong-intra-smoothing deblock sao
core,0,111496418,mt19937,128,128,10,yuv420p,IPB,cqp,4,,frame-threads=1:pools=4:log-level=info:keyint=250:min-keyint=25:bframes=4:b-adapt=2:scenecut=0:qp=4,245760,312855,313808,1.27301025390625,1.2768880208333333,6210.88,4.9,1,2,7,1.0,4.0,5.71,False,0.2322,58.29,False,0.311613,0.318726,53.0966,2,0.323212,0.33172,52.9231,2,0.286719,0.291016,53.4916,2,0.290112,0.294458,53.4406,2,0df1cfae6e367a035fe345e288fc0c3dfc8d579f21bb39598201e49fa0efda2a,rd=3 psy-rd=2.00 early-skip rskip mode=1 signhide tmvp b-intra strong-intra-smoothing deblock sao
core,0,111496418,mt19937,128,128,10,yuv420p,IPB,cqp,8,,frame-threads=1:pools=4:log-level=info:keyint=250:min-keyint=25:bframes=4:b-adapt=2:scenecut=0:qp=8,245760,272864,273817,1.1102864583333334,1.1141642252604167,5411.06,8.9,1,2,7,5.0,8.0,9.71,False,0.2627,49.35,False,0.531665,0.636605,50.0921,4,0.541724,0.654944,49.9688,4,0.512573,0.601782,50.3364,3,0.510522,0.598071,50.3633,3,0df1cfae6e367a035fe345e288fc0c3dfc8d579f21bb39598201e49fa0efda2a,rd=3 psy-rd=2.00 early-skip rskip mode=1 signhide tmvp b-intra strong-intra-smoothing deblock sao
core,0,111496418,mt19937,128,128,10,yuv420p,IPB,cqp,10,,frame-threads=1:pools=4:log-level=info:keyint=250:min-keyint=25:bframes=4:b-adapt=2:scenecut=0:qp=10,245760,255360,256313,1.0390625,1.0429402669270833,5060.96,10.9,1,2,7,7.0,10.0,11.71,False,0.2153,59.21,False,0.685099,0.948267,48.3615,5,0.693738,0.968701,48.2689,5,0.665527,0.906201,48.5586,4,0.670117,0.908594,48.5471,4,0df1cfae6e367a035fe345e288fc0c3dfc8d579f21bb39598201e49fa0efda2a,rd=3 psy-rd=2.00 early-skip rskip mode=1 signhide tmvp b-intra strong-intra-smoothing deblock sao
core,0,111496418,mt19937,128,128,10,yuv420p,IPB,cqp,12,,frame-threads=1:pools=4:log-level=info:keyint=250:min-keyint=25:bframes=4:b-adapt=2:scenecut=0:qp=12,245760,238183,239136,0.9691691080729167,0.973046875,4717.42,12.9,1,2,7,9.0,12.0,13.71,False,0.2181,62.52,False,0.892061,1.487862,46.4052,6,0.894305,1.497528,46.3771,6,0.889282,1.470728,46.4555,6,0.885864,1.466333,46.4685,6,0df1cfae6e367a035fe345e288fc0c3dfc8d579f21bb39598201e49fa0efda2a,rd=3 psy-rd=2.00 early-skip rskip mode=1 signhide tmvp b-intra strong-intra-smoothing deblock sao
core,0,111496418,mt19937,128,128,10,yuv420p,IPB,cqp,14,,frame-threads=1:pools=4:log-level=info:keyint=250:min-keyint=25:bframes=4:b-adapt=2:scenecut=0:qp=14,245760,225841,226794,0.9189493815104167,0.9228271484375,4470.58,14.9,1,2,7,11.0,14.0,15.71,False,0.2246,57.44,False,1.131038,2.282129,44.5474,7,1.118512,2.235162,44.6377,7,1.160522,2.38894,44.3488,7,1.15166,2.363184,44.3958,7,0df1cfae6e367a035fe345e288fc0c3dfc8d579f21bb39598201e49fa0efda2a,rd=3 psy-rd=2.00 early-skip rskip mode=1 signhide tmvp b-intra strong-intra-smoothing deblock sao
core,0,111496418,mt19937,128,128,10,yuv420p,IPB,cqp,16,,frame-threads=1:pools=4:log-level=info:keyint=250:min-keyint=25:bframes=4:b-adapt=2:scenecut=0:qp=16,245760,212196,213149,0.863427734375,0.8673055013020833,4197.68,16.9,1,2,7,13.0,16.0,17.71,False,0.2057,65.24,False,1.432292,3.526562,42.6573,9,1.402917,3.391956,42.8263,9,1.486401,3.783765,42.3516,9,1.495679,3.807788,42.3241,9,0df1cfae6e367a035fe345e288fc0c3dfc8d579f21bb39598201e49fa0efda2a,rd=3 psy-rd=2.00 early-skip rskip mode=1 signhide tmvp b-intra strong-intra-smoothing deblock sao
core,0,111496418,mt19937,128,128,10,yuv420p,IPB,cqp,18,,frame-threads=1:pools=4:log-level=info:keyint=250:min-keyint=25:bframes=4:b-adapt=2:scenecut=0:qp=18,245760,198758,199711,0.8087483723958333,0.8126261393229167,3928.92,18.9,1,2,7,15.0,18.0,19.71,False,0.2559,51.75,False,1.787394,5.399406,40.8073,11,1.75675,5.235291,40.9414,11,1.847534,5.741968,40.5402,10,1.849829,5.713306,40.5619,9,0df1cfae6e367a035fe345e288fc0c3dfc8d579f21bb39598201e49fa0efda2a,rd=3 psy-rd=2.00 early-skip rskip mode=1 signhide tmvp b-intra strong-intra-smoothing deblock sao
core,0,111496418,mt19937,128,128,10,yuv420p,IPB,cqp,20,,frame-threads=1:pools=4:log-level=info:keyint=250:min-keyint=25:bframes=4:b-adapt=2:scenecut=0:qp=20,245760,184592,185545,0.7511067708333333,0.7549845377604166,3645.6,20.9,1,2,7,17.0,20.0,21.71,False,0.2396,53.14,False,2.257772,8.411523,38.8821,14,2.234265,8.243665,38.9696,14,2.303076,8.740332,38.7155,13,2.306494,8.75415,38.7087,13,0df1cfae6e367a035fe345e288fc0c3dfc8d579f21bb39598201e49fa0efda2a,rd=3 psy-rd=2.00 early-skip rskip mode=1 signhide tmvp b-intra strong-intra-smoothing deblock sao
core,0,111496418,mt19937,128,128,10,yuv420p,IPB,cqp,24,,frame-threads=1:pools=4:log-level=info:keyint=250:min-keyint=25:bframes=4:b-adapt=2:scenecut=0:qp=24,245760,160053,161006,0.65125732421875,0.6551350911458333,3154.82,24.9,1,2,7,21.0,24.0,25.71,False,0.2604,49.42,False,3.558797,20.698665,34.9714,22,3.518848,20.233521,35.0701,21,3.648706,21.794019,34.7474,21,3.628687,21.463892,34.8137,22,0df1cfae6e367a035fe345e288fc0c3dfc8d579f21bb39598201e49fa0efda2a,rd=3 psy-rd=2.00 early-skip rskip mode=1 signhide tmvp b-intra strong-intra-smoothing deblock sao
core,0,111496418,mt19937,128,128,10,yuv420p,IPB,cqp,28,,frame-threads=1:pools=4:log-level=info:keyint=250:min-keyint=25:bframes=4:b-adapt=2:scenecut=0:qp=28,245760,136447,137400,0.5552042643229167,0.55908203125,2682.7,28.9,1,2,7,25.0,28.0,29.71,False,0.2378,54.08,False,5.522375,49.465833,31.1878,37,5.555115,50.252942,31.1192,37,5.456079,47.920874,31.3256,29,5.457715,47.862354,31.3309,32,0df1cfae6e367a035fe345e288fc0c3dfc8d579f21bb39598201e49fa0efda2a,rd=3 psy-rd=2.00 early-skip rskip mode=1 signhide tmvp b-intra strong-intra-smoothing deblock sao
core,0,111496418,mt19937,128,128,10,yuv420p,IPB,cqp,32,,frame-threads=1:pools=4:log-level=info:keyint=250:min-keyint=25:bframes=4:b-adapt=2:scenecut=0:qp=32,245760,113229,114182,0.46072998046875,0.4646077473958333,2218.34,32.9,1,2,7,29.0,32.0,33.71,False,0.2458,53.41,False,8.593766,119.687858,27.3503,57,8.81568,126.121881,27.1229,57,8.13606,106.598169,27.8533,48,8.163818,107.041455,27.8353,48,0df1cfae6e367a035fe345e288fc0c3dfc8d579f21bb39598201e49fa0efda2a,rd=3 psy-rd=2.00 early-skip rskip mode=1 signhide tmvp b-intra strong-intra-smoothing deblock sao
core,0,111496418,mt19937,128,128,10,yuv420p,IPB,cqp,36,,frame-threads=1:pools=4:log-level=info:keyint=250:min-keyint=25:bframes=4:b-adapt=2:scenecut=0:qp=36,245760,92952,93905,0.37822265625,0.3821004231770833,1812.8,36.9,1,2,7,33.0,36.0,37.71,False,0.2657,47.87,False,12.73975,266.413847,23.8752,87,13.839331,310.851062,23.2053,87,10.519678,177.002002,25.651,57,10.561499,178.076831,25.6247,65,0df1cfae6e367a035fe345e288fc0c3dfc8d579f21bb39598201e49fa0efda2a,rd=3 psy-rd=2.00 early-skip rskip mode=1 signhide tmvp b-intra strong-intra-smoothing deblock sao
core,0,111496418,mt19937,128,128,10,yuv420p,IPB,cqp,40,,frame-threads=1:pools=4:log-level=info:keyint=250:min-keyint=25:bframes=4:b-adapt=2:scenecut=0:qp=40,245760,70511,71464,0.28690999348958335,0.29078776041666665,1363.98,40.9,1,2,7,37.0,40.0,41.71,False,0.2276,55.75,False,19.028206,609.483146,20.2812,128,21.885724,773.687872,19.2451,128,13.303394,280.575366,23.6503,71,13.322949,281.572021,23.6349,72,0df1cfae6e367a035fe345e288fc0c3dfc8d579f21bb39598201e49fa0efda2a,rd=3 psy-rd=2.00 early-skip rskip mode=1 signhide tmvp b-intra strong-intra-smoothing deblock sao
core,0,111496418,mt19937,128,128,10,yuv420p,IPB,cqp,44,,frame-threads=1:pools=4:log-level=info:keyint=250:min-keyint=25:bframes=4:b-adapt=2:scenecut=0:qp=44,245760,47823,48776,0.19459228515625,0.19847005208333332,910.22,44.9,1,2,7,41.0,44.0,45.71,False,0.2309,57.33,False,29.299516,1464.019413,16.4753,203,34.765942,1927.502368,15.2809,203,18.291626,533.883911,20.8563,106,18.441699,540.223096,20.8051,113,0df1cfae6e367a035fe345e288fc0c3dfc8d579f21bb39598201e49fa0efda2a,rd=3 psy-rd=2.00 early-skip rskip mode=1 signhide tmvp b-intra strong-intra-smoothing deblock sao
core,0,111496418,mt19937,128,128,10,yuv420p,IPB,cqp,48,,frame-threads=1:pools=4:log-level=info:keyint=250:min-keyint=25:bframes=4:b-adapt=2:scenecut=0:qp=48,245760,16967,17920,0.06903889973958334,0.07291666666666667,293.1,48.9,1,2,7,45.0,48.0,49.71,False,0.1456,111.13,False,53.625456,4413.808521,11.6827,242,53.810114,4344.416046,11.7515,242,53.269263,4551.729077,11.549,216,53.243018,4553.457861,11.5474,219,0df1cfae6e367a035fe345e288fc0c3dfc8d579f21bb39598201e49fa0efda2a,rd=3 psy-rd=2.00 early-skip rskip mode=1 signhide tmvp b-intra strong-intra-smoothing deblock sao
core,0,111496418,mt19937,128,128,10,yuv420p,IPB,cqp,51,,frame-threads=1:pools=4:log-level=info:keyint=250:min-keyint=25:bframes=4:b-adapt=2:scenecut=0:qp=51,245760,6657,7610,0.02708740234375,0.030965169270833332,86.9,51.9,1,2,7,48.0,51.0,52.71,False,0.0995,299.63,False,64.164884,5988.74047,10.3574,254,64.661261,6001.651227,10.3481,254,63.233887,5966.510938,10.3736,252,63.110376,5959.326978,10.3788,244,0df1cfae6e367a035fe345e288fc0c3dfc8d579f21bb39598201e49fa0efda2a,rd=3 psy-rd=2.00 early-skip rskip mode=1 signhide tmvp b-intra strong-intra-smoothing deblock sao
core,1,4025857083,mt19937,128,128,10,yuv420p,IPB,lossless,,,frame-threads=1:pools=4:log-level=info:keyint=250:min-keyint=25:bframes=4:b-adapt=2:scenecut=0:lossless=1,245760,329748,330701,1.341748046875,1.3456258138020833,6548.8,4.0,1,2,7,4.0,4.0,4.0,True,0.2812,48.37,True,0.0,0.0,inf,0,0.0,0.0,inf,0,0.0,0.0,inf,0,0.0,0.0,inf,0,b0c6ba7f4b7301d02d91d7c073823a1c19a1ae86c9f92fc393cbdeadd494bfa1,rd=3 psy-rd=2.00 early-skip rskip mode=1 signhide tmvp b-intra strong-intra-smoothing deblock sao
core,1,4025857083,mt19937,128,128,10,yuv420p,IPB,cqp,0,,frame-threads=1:pools=4:log-level=info:keyint=250:min-keyint=25:bframes=4:b-adapt=2:scenecut=0:qp=0,245760,368857,,1.5008829752604167,,7331.44,0.0,1,2,7,0.0,0.0,0.0,False,0.2151,68.28,False,0.120374,0.120374,57.3255,1,0.142499,0.142499,56.5927,1,0.077344,0.077344,59.2466,1,0.074902,0.074902,59.3858,1,b0c6ba7f4b7301d02d91d7c073823a1c19a1ae86c9f92fc393cbdeadd494bfa1,rd=3 psy-rd=2.00 early-skip rskip mode=1 signhide tmvp b-intra strong-intra-smoothing deblock sao
core,1,4025857083,mt19937,128,128,10,yuv420p,IPB,cqp,4,,frame-threads=1:pools=4:log-level=info:keyint=250:min-keyint=25:bframes=4:b-adapt=2:scenecut=0:qp=4,245760,313135,,1.2741495768229167,,6216.48,4.9,1,2,7,1.0,4.0,5.71,False,0.2051,66.38,False,0.313192,0.320321,53.075,2,0.325323,0.333759,52.8965,2,0.289038,0.293872,53.4492,2,0.288818,0.293018,53.4619,2,b0c6ba7f4b7301d02d91d7c073823a1c19a1ae86c9f92fc393cbdeadd494bfa1,rd=3 psy-rd=2.00 early-skip rskip mode=1 signhide tmvp b-intra strong-intra-smoothing deblock sao
core,1,4025857083,mt19937,128,128,10,yuv420p,IPB,cqp,8,,frame-threads=1:pools=4:log-level=info:keyint=250:min-keyint=25:bframes=4:b-adapt=2:scenecut=0:qp=8,245760,272605,,1.1092325846354167,,5405.88,8.9,1,2,7,5.0,8.0,9.71,False,0.1991,66.76,False,0.532365,0.638314,50.0805,4,0.54306,0.658051,49.9482,4,0.514526,0.603833,50.3216,3,0.507422,0.593848,50.3941,3,b0c6ba7f4b7301d02d91d7c073823a1c19a1ae86c9f92fc393cbdeadd494bfa1,rd=3 psy-rd=2.00 early-skip rskip mode=1 signhide tmvp b-intra strong-intra-smoothing deblock sao
core,1,4025857083,mt19937,128,128,10,yuv420p,IPB,cqp,10,,frame-threads=1:pools=4:log-level=info:keyint=250:min-keyint=25:bframes=4:b-adapt=2:scenecut=0:qp=10,245760,255303,,1.03883056640625,,5059.82,10.9,1,2,7,7.0,10.0,11.71,False,0.22,60.82,False,0.691447,0.962939,48.2948,5,0.698267,0.982019,48.2096,5,0.681177,0.928198,48.4544,4,0.674438,0.921362,48.4865,4,b0c6ba7f4b7301d02d91d7c073823a1c19a1ae86c9f92fc393cbdeadd494bfa1,rd=3 psy-rd=2.00 early-skip rskip mode=1 signhide tmvp b-intra strong-intra-smoothing deblock sao
core,1,4025857083,mt19937,128,128,10,yuv420p,IPB,cqp,12,,frame-threads=1:pools=4:log-level=info:keyint=250:min-keyint=25:bframes=4:b-adapt=2:scenecut=0:qp=12,245760,239533,,0.9746622721354167,,4744.42,12.9,1,2,7,9.0,12.0,13.71,False,0.2363,54.8,False,0.8863,1.469104,46.4603,6,0.888611,1.480286,46.4273,6,0.880688,1.447876,46.5235,6,0.882666,1.445605,46.5303,5,b0c6ba7f4b7301d02d91d7c073823a1c19a1ae86c9f92fc393cbdeadd494bfa1,rd=3 psy-rd=2.00 early-skip rskip mode=1 signhide tmvp b-intra strong-intra-smoothing deblock sao
core,1,4025857083,mt19937,128,128,10,yuv420p,IPB,cqp,14,,frame-threads=1:pools=4:log-level=info:keyint=250:min-keyint=25:bframes=4:b-adapt=2:scenecut=0:qp=14,245760,225431,,0.9172810872395833,,4462.38,14.9,1,2,7,11.0,14.0,15.71,False,0.2178,61.47,False,1.137374,2.30439,44.5052,8,1.125549,2.260205,44.5893,8,1.162769,2.402075,44.3249,8,1.159277,2.383447,44.3587,7,b0c6ba7f4b7301d02d91d7c073823a1c19a1ae86c9f92fc393cbdeadd494bfa1,rd=3 psy-rd=2.00 early-skip rskip mode=1 signhide tmvp b-intra strong-intra-smoothing deblock sao
core,1,4025857083,mt19937,128,128,10,yuv420p,IPB,cqp,16,,frame-threads=1:pools=4:log-level=info:keyint=250:min-keyint=25:bframes=4:b-adapt=2:scenecut=0:qp=16,245760,211688,,0.8613606770833333,,4187.52,16.9,1,2,7,13.0,16.0,17.71,False,0.2372,53.28,False,1.435571,3.545117,42.6345,9,1.407001,3.41059,42.8025,9,1.495581,3.832983,42.2954,8,1.489844,3.795361,42.3383,9,b0c6ba7f4b7301d02d91d7c073823a1c19a1ae86c9f92fc393cbdeadd494bfa1,rd=3 psy-rd=2.00 early-skip rskip mode=1 signhide tmvp b-intra strong-intra-smoothing deblock sao
core,1,4025857083,mt19937,128,128,10,yuv420p,IPB,cqp,18,,frame-threads=1:pools=4:log-level=info:keyint=250:min-keyint=25:bframes=4:b-adapt=2:scenecut=0:qp=18,245760,197188,,0.8023600260416667,,3897.52,18.9,1,2,7,15.0,18.0,19.71,False,0.2393,52.57,False,1.808622,5.47262,40.7489,11,1.785217,5.337683,40.8573,11,1.857544,5.742993,40.5394,11,1.85332,5.741992,40.5402,11,b0c6ba7f4b7301d02d91d7c073823a1c19a1ae86c9f92fc393cbdeadd494bfa1,rd=3 psy-rd=2.00 early-skip rskip mode=1 signhide tmvp b-intra strong-intra-smoothing deblock sao
core,1,4025857083,mt19937,128,128,10,yuv420p,IPB,cqp,20,,frame-threads=1:pools=4:log-level=info:keyint=250:min-keyint=25:bframes=4:b-adapt=2:scenecut=0:qp=20,245760,184704,,0.7515625,,3647.84,20.9,1,2,7,17.0,20.0,21.71,False,0.2281,56.67,False,2.257353,8.403674,38.8861,15,2.228613,8.212415,38.9861,15,2.325,8.831152,38.6706,12,2.304663,8.741235,38.7151,14,b0c6ba7f4b7301d02d91d7c073823a1c19a1ae86c9f92fc393cbdeadd494bfa1,rd=3 psy-rd=2.00 early-skip rskip mode=1 signhide tmvp b-intra strong-intra-smoothing deblock sao
core,1,4025857083,mt19937,128,128,10,yuv420p,IPB,cqp,24,,frame-threads=1:pools=4:log-level=info:keyint=250:min-keyint=25:bframes=4:b-adapt=2:scenecut=0:qp=24,245760,159678,,0.6497314453125,,3147.32,24.9,1,2,7,21.0,24.0,25.71,False,0.2566,49.59,False,3.556905,20.668176,34.9778,23,3.517786,20.220654,35.0729,23,3.634082,21.615869,34.7831,22,3.636206,21.510571,34.8043,21,b0c6ba7f4b7301d02d91d7c073823a1c19a1ae86c9f92fc393cbdeadd494bfa1,rd=3 psy-rd=2.00 early-skip rskip mode=1 signhide tmvp b-intra strong-intra-smoothing deblock sao
core,1,4025857083,mt19937,128,128,10,yuv420p,IPB,cqp,28,,frame-threads=1:pools=4:log-level=info:keyint=250:min-keyint=25:bframes=4:b-adapt=2:scenecut=0:qp=28,245760,136744,,0.5564127604166667,,2688.64,28.9,1,2,7,25.0,28.0,29.71,False,0.2737,46.31,False,5.504761,49.141504,31.2163,36,5.533344,49.878497,31.1517,36,5.438354,47.560864,31.3583,33,5.456836,47.77417,31.3389,30,b0c6ba7f4b7301d02d91d7c073823a1c19a1ae86c9f92fc393cbdeadd494bfa1,rd=3 psy-rd=2.00 early-skip rskip mode=1 signhide tmvp b-intra strong-intra-smoothing deblock sao
core,1,4025857083,mt19937,128,128,10,yuv420p,IPB,cqp,32,,frame-threads=1:pools=4:log-level=info:keyint=250:min-keyint=25:bframes=4:b-adapt=2:scenecut=0:qp=32,245760,113427,,0.46153564453125,,2222.3,32.9,1,2,7,29.0,32.0,33.71,False,0.2492,52.65,False,8.585616,119.525517,27.3562,54,8.795758,125.459296,27.1458,54,8.16814,107.518677,27.816,43,8.162524,107.797241,27.8047,44,b0c6ba7f4b7301d02d91d7c073823a1c19a1ae86c9f92fc393cbdeadd494bfa1,rd=3 psy-rd=2.00 early-skip rskip mode=1 signhide tmvp b-intra strong-intra-smoothing deblock sao
core,1,4025857083,mt19937,128,128,10,yuv420p,IPB,cqp,36,,frame-threads=1:pools=4:log-level=info:keyint=250:min-keyint=25:bframes=4:b-adapt=2:scenecut=0:qp=36,245760,93448,,0.3802408854166667,,1822.72,36.9,1,2,7,33.0,36.0,37.71,False,0.2211,57.55,False,12.703829,264.141988,23.9124,106,13.80069,308.131085,23.2434,106,10.507129,175.58042,25.686,57,10.513086,176.747168,25.6573,60,b0c6ba7f4b7301d02d91d7c073823a1c19a1ae86c9f92fc393cbdeadd494bfa1,rd=3 psy-rd=2.00 early-skip rskip mode=1 signhide tmvp b-intra strong-intra-smoothing deblock sao
core,1,4025857083,mt19937,128,128,10,yuv420p,IPB,cqp,40,,frame-threads=1:pools=4:log-level=info:keyint=250:min-keyint=25:bframes=4:b-adapt=2:scenecut=0:qp=40,245760,70507,,0.28689371744791664,,1363.9,40.9,1,2,7,37.0,40.0,41.71,False,0.237,53.48,False,19.040238,609.790019,20.279,145,21.909521,774.296655,19.2417,145,13.315479,280.940137,23.6447,73,13.287866,280.613354,23.6497,77,b0c6ba7f4b7301d02d91d7c073823a1c19a1ae86c9f92fc393cbdeadd494bfa1,rd=3 psy-rd=2.00 early-skip rskip mode=1 signhide tmvp b-intra strong-intra-smoothing deblock sao
core,1,4025857083,mt19937,128,128,10,yuv420p,IPB,cqp,44,,frame-threads=1:pools=4:log-level=info:keyint=250:min-keyint=25:bframes=4:b-adapt=2:scenecut=0:qp=44,245760,48123,,0.19581298828125,,916.22,44.9,1,2,7,41.0,44.0,45.71,False,0.204,64.42,False,29.285429,1465.456311,16.4711,199,34.791034,1930.764227,15.2735,199,18.266455,534.516992,20.8512,102,18.281982,535.163965,20.8459,102,b0c6ba7f4b7301d02d91d7c073823a1c19a1ae86c9f92fc393cbdeadd494bfa1,rd=3 psy-rd=2.00 early-skip rskip mode=1 signhide tmvp b-intra strong-intra-smoothing deblock sao
core,1,4025857083,mt19937,128,128,10,yuv420p,IPB,cqp,48,,frame-threads=1:pools=4:log-level=info:keyint=250:min-keyint=25:bframes=4:b-adapt=2:scenecut=0:qp=48,245760,17252,,0.07019856770833334,,298.8,48.9,1,2,7,45.0,48.0,49.71,False,0.1287,124.08,False,53.386747,4374.110917,11.7219,245,53.482684,4293.689642,11.8025,245,53.552222,4585.832056,11.5166,210,52.837524,4484.074878,11.6141,206,b0c6ba7f4b7301d02d91d7c073823a1c19a1ae86c9f92fc393cbdeadd494bfa1,rd=3 psy-rd=2.00 early-skip rskip mode=1 signhide tmvp b-intra strong-intra-smoothing deblock sao
core,1,4025857083,mt19937,128,128,10,yuv420p,IPB,cqp,51,,frame-threads=1:pools=4:log-level=info:keyint=250:min-keyint=25:bframes=4:b-adapt=2:scenecut=0:qp=51,245760,6835,,0.027811686197916668,,90.46,51.9,1,2,7,48.0,51.0,52.71,False,0.0993,268.98,False,63.829769,5908.157723,10.4163,246,64.193402,5876.636444,10.4395,245,63.424609,6013.923437,10.3392,236,62.780396,5928.477124,10.4014,246,b0c6ba7f4b7301d02d91d7c073823a1c19a1ae86c9f92fc393cbdeadd494bfa1,rd=3 psy-rd=2.00 early-skip rskip mode=1 signhide tmvp b-intra strong-intra-smoothing deblock sao
core,2,1398427917,mt19937,128,128,10,yuv420p,IPB,lossless,,,frame-threads=1:pools=4:log-level=info:keyint=250:min-keyint=25:bframes=4:b-adapt=2:scenecut=0:lossless=1,245760,329716,330669,1.3416178385416666,1.34549560546875,6548.16,4.0,1,2,7,4.0,4.0,4.0,True,0.1892,76.91,True,0.0,0.0,inf,0,0.0,0.0,inf,0,0.0,0.0,inf,0,0.0,0.0,inf,0,48761b4690cb43541439542e1e098e7247d34c2173ce81ac726ee99175856155,rd=3 psy-rd=2.00 early-skip rskip mode=1 signhide tmvp b-intra strong-intra-smoothing deblock sao
core,2,1398427917,mt19937,128,128,10,yuv420p,IPB,cqp,0,,frame-threads=1:pools=4:log-level=info:keyint=250:min-keyint=25:bframes=4:b-adapt=2:scenecut=0:qp=0,245760,368408,,1.4990559895833333,,7322.46,0.0,1,2,7,0.0,0.0,0.0,False,0.216,63.98,False,0.119356,0.119364,57.3621,2,0.141541,0.141553,56.6216,2,0.075098,0.075098,59.3745,1,0.074878,0.074878,59.3873,1,48761b4690cb43541439542e1e098e7247d34c2173ce81ac726ee99175856155,rd=3 psy-rd=2.00 early-skip rskip mode=1 signhide tmvp b-intra strong-intra-smoothing deblock sao
core,2,1398427917,mt19937,128,128,10,yuv420p,IPB,cqp,4,,frame-threads=1:pools=4:log-level=info:keyint=250:min-keyint=25:bframes=4:b-adapt=2:scenecut=0:qp=4,245760,313008,,1.2736328125,,6213.94,4.9,1,2,7,1.0,4.0,5.71,False,0.1862,74.61,False,0.312459,0.319946,53.08,2,0.323914,0.332629,52.9112,2,0.289648,0.294385,53.4417,2,0.289453,0.294775,53.4359,2,48761b4690cb43541439542e1e098e7247d34c2173ce81ac726ee99175856155,rd=3 psy-rd=2.00 early-skip rskip mode=1 signhide tmvp b-intra strong-intra-smoothing deblock sao
core,2,1398427917,mt19937,128,128,10,yuv420p,IPB,cqp,8,,frame-threads=1:pools=4:log-level=info:keyint=250:min-keyint=25:bframes=4:b-adapt=2:scenecut=0:qp=8,245760,271883,,1.1062947591145833,,5391.44,8.9,1,2,7,5.0,8.0,9.71,False,0.2161,64.58,False,0.542566,0.658297,49.9466,4,0.550464,0.672156,49.8561,4,0.529858,0.633569,50.1129,3,0.523682,0.627588,50.1541,4,48761b4690cb43541439542e1e098e7247d34c2173ce81ac726ee99175856155,rd=3 psy-rd=2.00 early-skip rskip mode=1 signhide tmvp b-intra strong-intra-smoothing deblock sao
core,2,1398427917,mt19937,128,128,10,yuv420p,IPB,cqp,10,,frame-threads=1:pools=4:log-level=info:keyint=250:min-keyint=25:bframes=4:b-adapt=2:scenecut=0:qp=10,245760,255890,,1.0412190755208333,,5071.56,10.9,1,2,7,7.0,10.0,11.71,False,0.2443,55.1,False,0.683228,0.945492,48.3742,4,0.691583,0.967181,48.2757,4,0.663989,0.89939,48.5913,4,0.669043,0.904834,48.5651,4,48761b4690cb43541439542e1e098e7247d34c2173ce81ac726ee99175856155,rd=3 psy-rd=2.00 early-skip rskip mode=1 signhide tmvp b-intra strong-intra-smoothing deblock sao
core,2,1398427917,mt19937,128,128,10,yuv420p,IPB,cqp,12,,frame-threads=1:pools=4:log-level=info:keyint=250:min-keyint=25:bframes=4:b-adapt=2:scenecut=0:qp=12,245760,238456,,0.9702799479166667,,4722.88,12.9,1,2,7,9.0,12.0,13.71,False,0.2245,56.78,False,0.889913,1.480383,46.4271,6,0.889612,1.484534,46.4149,6,0.892212,1.479175,46.4306,5,0.888818,1.46499,46.4725,5,48761b4690cb43541439542e1e098e7247d34c2173ce81ac726ee99175856155,rd=3 psy-rd=2.00 early-skip rskip mode=1 signhide tmvp b-intra strong-intra-smoothing deblock sao
core,2,1398427917,mt19937,128,128,10,yuv420p,IPB,cqp,14,,frame-threads=1:pools=4:log-level=info:keyint=250:min-keyint=25:bframes=4:b-adapt=2:scenecut=0:qp=14,245760,224537,,0.9136433919270833,,4444.5,14.9,1,2,7,11.0,14.0,15.71,False,0.2188,60.66,False,1.140959,2.318083,44.4795,7,1.126733,2.26637,44.5775,7,1.169849,2.427954,44.2784,7,1.16897,2.415063,44.3015,7,48761b4690cb43541439542e1e098e7247d34c2173ce81ac726ee99175856155,rd=3 psy-rd=2.00 early-skip rskip mode=1 signhide tmvp b-intra strong-intra-smoothing deblock sao
core,2,1398427917,mt19937,128,128,10,yuv420p,IPB,cqp,16,,frame-threads=1:pools=4:log-level=info:keyint=250:min-keyint=25:bframes=4:b-adapt=2:scenecut=0:qp=16,245760,212864,,0.8661458333333333,,4211.04,16.9,1,2,7,13.0,16.0,17.71,False,0.2069,63.59,False,1.428646,3.511068,42.6764,9,1.39848,3.373615,42.8498,9,1.483813,3.764917,42.3732,8,1.494141,3.807031,42.3249,9,48761b4690cb43541439542e1e098e7247d34c2173ce81ac726ee99175856155,rd=3 psy-rd=2.00 early-skip rskip mode=1 signhide tmvp b-intra strong-intra-smoothing deblock sao
core,2,1398427917,mt19937,128,128,10,yuv420p,IPB,cqp,18,,frame-threads=1:pools=4:log-level=info:keyint=250:min-keyint=25:bframes=4:b-adapt=2:scenecut=0:qp=18,245760,199274,,0.8108479817708333,,3939.24,18.9,1,2,7,15.0,18.0,19.71,False,0.2192,59.61,False,1.791817,5.423547,40.788,12,1.765002,5.278979,40.9053,12,1.855103,5.759155,40.5272,11,1.835791,5.666211,40.5979,12,48761b4690cb43541439542e1e098e7247d34c2173ce81ac726ee99175856155,rd=3 psy-rd=2.00 early-skip rskip mode=1 signhide tmvp b-intra strong-intra-smoothing deblock sao
core,2,1398427917,mt19937,128,128,10,yuv420p,IPB,cqp,20,,frame-threads=1:pools=4:log-level=info:keyint=250:min-keyint=25:bframes=4:b-adapt=2:scenecut=0:qp=20,245760,184355,,0.7501424153645834,,3640.86,20.9,1,2,7,17.0,20.0,21.71,False,0.2374,53.32,False,2.259656,8.420146,38.8776,13,2.231903,8.228278,38.9777,13,2.319263,8.795435,38.6882,13,2.31106,8.812329,38.6799,13,48761b4690cb43541439542e1e098e7247d34c2173ce81ac726ee99175856155,rd=3 psy-rd=2.00 early-skip rskip mode=1 signhide tmvp b-intra strong-intra-smoothing deblock sao
core,2,1398427917,mt19937,128,128,10,yuv420p,IPB,cqp,24,,frame-threads=1:pools=4:log-level=info:keyint=250:min-keyint=25:bframes=4:b-adapt=2:scenecut=0:qp=24,245760,159162,,0.6476318359375,,3137.0,24.9,1,2,7,21.0,24.0,25.71,False,0.2585,49.84,False,3.568823,20.843604,34.9411,24,3.522363,20.309253,35.0539,24,3.66543,21.949023,34.7167,22,3.658057,21.875586,34.7312,20,48761b4690cb43541439542e1e098e7247d34c2173ce81ac726ee99175856155,rd=3 psy-rd=2.00 early-skip rskip mode=1 signhide tmvp b-intra strong-intra-smoothing deblock sao
core,2,1398427917,mt19937,128,128,10,yuv420p,IPB,cqp,28,,frame-threads=1:pools=4:log-level=info:keyint=250:min-keyint=25:bframes=4:b-adapt=2:scenecut=0:qp=28,245760,136280,,0.5545247395833334,,2679.36,28.9,1,2,7,25.0,28.0,29.71,False,0.2308,57.91,False,5.505916,49.070272,31.2226,32,5.547809,49.943964,31.146,31,5.414185,47.199487,31.3914,32,5.430078,47.446289,31.3688,30,48761b4690cb43541439542e1e098e7247d34c2173ce81ac726ee99175856155,rd=3 psy-rd=2.00 early-skip rskip mode=1 signhide tmvp b-intra strong-intra-smoothing deblock sao
core,2,1398427917,mt19937,128,128,10,yuv420p,IPB,cqp,32,,frame-threads=1:pools=4:log-level=info:keyint=250:min-keyint=25:bframes=4:b-adapt=2:scenecut=0:qp=32,245760,113536,,0.46197916666666666,,2224.48,32.9,1,2,7,29.0,32.0,33.71,False,0.245,52.48,False,8.574325,118.867725,27.3802,53,8.788794,125.003552,27.1616,53,8.137109,106.298975,27.8655,50,8.153662,106.893164,27.8413,44,48761b4690cb43541439542e1e098e7247d34c2173ce81ac726ee99175856155,rd=3 psy-rd=2.00 early-skip rskip mode=1 signhide tmvp b-intra strong-intra-smoothing deblock sao
core,2,1398427917,mt19937,128,128,10,yuv420p,IPB,cqp,36,,frame-threads=1:pools=4:log-level=info:keyint=250:min-keyint=25:bframes=4:b-adapt=2:scenecut=0:qp=36,245760,93776,,0.38157552083333335,,1829.28,36.9,1,2,7,33.0,36.0,37.71,False,0.2349,55.14,False,12.677836,263.423067,23.9243,85,13.726355,305.926721,23.2746,85,10.592236,178.569727,25.6127,60,10.56936,178.261792,25.6202,55,48761b4690cb43541439542e1e098e7247d34c2173ce81ac726ee99175856155,rd=3 psy-rd=2.00 early-skip rskip mode=1 signhide tmvp b-intra strong-intra-smoothing deblock sao
core,2,1398427917,mt19937,128,128,10,yuv420p,IPB,cqp,40,,frame-threads=1:pools=4:log-level=info:keyint=250:min-keyint=25:bframes=4:b-adapt=2:scenecut=0:qp=40,245760,70325,,0.2861531575520833,,1360.26,40.9,1,2,7,37.0,40.0,41.71,False,0.2499,51.16,False,19.122205,614.213513,20.2476,132,22.01676,780.194299,19.2088,132,13.302979,280.749707,23.6476,74,13.363208,283.754175,23.6014,84,48761b4690cb43541439542e1e098e7247d34c2173ce81ac726ee99175856155,rd=3 psy-rd=2.00 early-skip rskip mode=1 signhide tmvp b-intra strong-intra-smoothing deblock sao
core,2,1398427917,mt19937,128,128,10,yuv420p,IPB,cqp,44,,frame-threads=1:pools=4:log-level=info:keyint=250:min-keyint=25:bframes=4:b-adapt=2:scenecut=0:qp=44,245760,48262,,0.19637858072916667,,919.0,44.9,1,2,7,41.0,44.0,45.71,False,0.2076,67.71,False,29.206901,1455.876375,16.4996,193,34.678394,1917.926111,15.3025,193,18.262964,531.549976,20.8754,107,18.264868,532.003833,20.8717,109,48761b4690cb43541439542e1e098e7247d34c2173ce81ac726ee99175856155,rd=3 psy-rd=2.00 early-skip rskip mode=1 signhide tmvp b-intra strong-intra-smoothing deblock sao
core,2,1398427917,mt19937,128,128,10,yuv420p,IPB,cqp,48,,frame-threads=1:pools=4:log-level=info:keyint=250:min-keyint=25:bframes=4:b-adapt=2:scenecut=0:qp=48,245760,18235,,0.07419840494791667,,318.46,48.9,1,2,7,45.0,48.0,49.71,False,0.1355,115.83,False,52.386194,4244.534102,11.8525,241,52.987683,4230.433838,11.867,241,51.08877,4263.904688,11.8327,236,51.277661,4281.564575,11.8148,211,48761b4690cb43541439542e1e098e7247d34c2173ce81ac726ee99175856155,rd=3 psy-rd=2.00 early-skip rskip mode=1 signhide tmvp b-intra strong-intra-smoothing deblock sao
core,2,1398427917,mt19937,128,128,10,yuv420p,IPB,cqp,51,,frame-threads=1:pools=4:log-level=info:keyint=250:min-keyint=25:bframes=4:b-adapt=2:scenecut=0:qp=51,245760,6432,,0.026171875,,82.4,51.9,1,2,7,48.0,51.0,52.71,False,0.0864,264.42,False,63.999072,5916.248291,10.4103,247,64.488501,5933.325659,10.3978,247,62.86145,5859.619946,10.4521,237,63.178979,5904.567163,10.4189,234,48761b4690cb43541439542e1e098e7247d34c2173ce81ac726ee99175856155,rd=3 psy-rd=2.00 early-skip rskip mode=1 signhide tmvp b-intra strong-intra-smoothing deblock sao
core,3,1017821286,mt19937,128,128,10,yuv420p,IPB,lossless,,,frame-threads=1:pools=4:log-level=info:keyint=250:min-keyint=25:bframes=4:b-adapt=2:scenecut=0:lossless=1,245760,329905,330858,1.3423868815104167,1.3462646484375,6551.94,4.0,1,2,7,4.0,4.0,4.0,True,0.2087,66.35,True,0.0,0.0,inf,0,0.0,0.0,inf,0,0.0,0.0,inf,0,0.0,0.0,inf,0,203ada21d66aa92c3af6ec53bb21d55601ac032362be13c2ffd198e29de4bdcd,rd=3 psy-rd=2.00 early-skip rskip mode=1 signhide tmvp b-intra strong-intra-smoothing deblock sao
core,3,1017821286,mt19937,128,128,10,yuv420p,IPB,cqp,0,,frame-threads=1:pools=4:log-level=info:keyint=250:min-keyint=25:bframes=4:b-adapt=2:scenecut=0:qp=0,245760,368542,,1.4996012369791667,,7325.14,0.0,1,2,7,0.0,0.0,0.0,False,0.2313,58.01,False,0.119963,0.119963,57.3403,1,0.142358,0.142358,56.597,1,0.075537,0.075537,59.3492,1,0.074805,0.074805,59.3915,1,203ada21d66aa92c3af6ec53bb21d55601ac032362be13c2ffd198e29de4bdcd,rd=3 psy-rd=2.00 early-skip rskip mode=1 signhide tmvp b-intra strong-intra-smoothing deblock sao
core,3,1017821286,mt19937,128,128,10,yuv420p,IPB,cqp,4,,frame-threads=1:pools=4:log-level=info:keyint=250:min-keyint=25:bframes=4:b-adapt=2:scenecut=0:qp=4,245760,313039,,1.2737589518229167,,6214.56,4.9,1,2,7,1.0,4.0,5.71,False,0.181,76.25,False,0.313196,0.320601,53.0711,2,0.325519,0.334003,52.8933,2,0.288403,0.293677,53.4521,2,0.288696,0.293921,53.4485,2,203ada21d66aa92c3af6ec53bb21d55601ac032362be13c2ffd198e29de4bdcd,rd=3 psy-rd=2.00 early-skip rskip mode=1 signhide tmvp b-intra strong-intra-smoothing deblock sao
core,3,1017821286,mt19937,128,128,10,yuv420p,IPB,cqp,8,,frame-threads=1:pools=4:log-level=info:keyint=250:min-keyint=25:bframes=4:b-adapt=2:scenecut=0:qp=8,245760,273172,,1.1115397135416667,,5417.22,8.9,1,2,7,5.0,8.0,9.71,False,0.2199,59.31,False,0.532694,0.639205,50.0744,4,0.541168,0.654401,49.9724,4,0.513989,0.605737,50.308,3,0.517505,0.61189,50.2641,3,203ada21d66aa92c3af6ec53bb21d55601ac032362be13c2ffd198e29de4bdcd,rd=3 psy-rd=2.00 early-skip rskip mode=1 signhide tmvp b-intra strong-intra-smoothing deblock sao
core,3,1017821286,mt19937,128,128,10,yuv420p,IPB,cqp,10,,frame-threads=1:pools=4:log-level=info:keyint=250:min-keyint=25:bframes=4:b-adapt=2:scenecut=0:qp=10,245760,255710,,1.0404866536458333,,5067.96,10.9,1,2,7,7.0,10.0,11.71,False,0.2235,60.55,False,0.686271,0.953825,48.3361,5,0.694452,0.974701,48.2421,5,0.673438,0.918115,48.5018,4,0.666382,0.90603,48.5594,5,203ada21d66aa92c3af6ec53bb21d55601ac032362be13c2ffd198e29de4bdcd,rd=3 psy-rd=2.00 early-skip rskip mode=1 signhide tmvp b-intra strong-intra-smoothing deblock sao
core,3,1017821286,mt19937,128,128,10,yuv420p,IPB,cqp,12,,frame-threads=1:pools=4:log-level=info:keyint=250:min-keyint=25:bframes=4:b-adapt=2:scenecut=0:qp=12,245760,238303,,0.9696573893229167,,4719.82,12.9,1,2,7,9.0,12.0,13.71,False,0.2251,56.99,False,0.898372,1.508089,46.3465,7,0.900317,1.514307,46.3287,6,0.89458,1.491406,46.3948,7,0.894385,1.499902,46.3702,7,203ada21d66aa92c3af6ec53bb21d55601ac032362be13c2ffd198e29de4bdcd,rd=3 psy-rd=2.00 early-skip rskip mode=1 signhide tmvp b-intra strong-intra-smoothing deblock sao
core,3,1017821286,mt19937,128,128,10,yuv420p,IPB,cqp,14,,frame-threads=1:pools=4:log-level=info:keyint=250:min-keyint=25:bframes=4:b-adapt=2:scenecut=0:qp=14,245760,225903,,0.91920166015625,,4471.82,14.9,1,2,7,11.0,14.0,15.71,False,0.2038,64.52,False,1.127747,2.26628,44.5777,7,1.117865,2.226202,44.6552,7,1.149561,2.356348,44.4084,7,1.145459,2.336523,44.4451,7,203ada21d66aa92c3af6ec53bb21d55601ac032362be13c2ffd198e29de4bdcd,rd=3 psy-rd=2.00 early-skip rskip mode=1 signhide tmvp b-intra strong-intra-smoothing deblock sao
core,3,1017821286,mt19937,128,128,10,yuv420p,IPB,cqp,16,,frame-threads=1:pools=4:log-level=info:keyint=250:min-keyint=25:bframes=4:b-adapt=2:scenecut=0:qp=16,245760,212124,,0.863134765625,,4196.24,16.9,1,2,7,13.0,16.0,17.71,False,0.2106,61.91,False,1.433793,3.532931,42.6495,9,1.404462,3.397845,42.8188,9,1.498877,3.840137,42.2873,9,1.486035,3.766064,42.3719,8,203ada21d66aa92c3af6ec53bb21d55601ac032362be13c2ffd198e29de4bdcd,rd=3 psy-rd=2.00 early-skip rskip mode=1 signhide tmvp b-intra strong-intra-smoothing deblock sao
core,3,1017821286,mt19937,128,128,10,yuv420p,IPB,cqp,18,,frame-threads=1:pools=4:log-level=info:keyint=250:min-keyint=25:bframes=4:b-adapt=2:scenecut=0:qp=18,245760,198480,,0.8076171875,,3923.36,18.9,1,2,7,15.0,18.0,19.71,False,0.245,52.35,False,1.788932,5.40839,40.8001,11,1.763281,5.263721,40.9179,11,1.839355,5.687744,40.5814,11,1.841113,5.707715,40.5662,10,203ada21d66aa92c3af6ec53bb21d55601ac032362be13c2ffd198e29de4bdcd,rd=3 psy-rd=2.00 early-skip rskip mode=1 signhide tmvp b-intra strong-intra-smoothing deblock sao
core,3,1017821286,mt19937,128,128,10,yuv420p,IPB,cqp,20,,frame-threads=1:pools=4:log-level=info:keyint=250:min-keyint=25:bframes=4:b-adapt=2:scenecut=0:qp=20,245760,184949,,0.7525594075520833,,3652.74,20.9,1,2,7,17.0,20.0,21.71,False,0.2265,58.36,False,2.256637,8.405229,38.8853,15,2.233917,8.231598,38.976,15,2.306567,8.771997,38.6998,13,2.297583,8.732983,38.7192,14,203ada21d66aa92c3af6ec53bb21d55601ac032362be13c2ffd198e29de4bdcd,rd=3 psy-rd=2.00 early-skip rskip mode=1 signhide tmvp b-intra strong-intra-smoothing deblock sao
core,3,1017821286,mt19937,128,128,10,yuv420p,IPB,cqp,24,,frame-threads=1:pools=4:log-level=info:keyint=250:min-keyint=25:bframes=4:b-adapt=2:scenecut=0:qp=24,245760,159231,,0.64791259765625,,3138.38,24.9,1,2,7,21.0,24.0,25.71,False,0.2977,44.58,False,3.561845,20.838578,34.9421,22,3.523822,20.390546,35.0365,22,3.630371,21.706445,34.7649,21,3.64541,21.762842,34.7536,22,203ada21d66aa92c3af6ec53bb21d55601ac032362be13c2ffd198e29de4bdcd,rd=3 psy-rd=2.00 early-skip rskip mode=1 signhide tmvp b-intra strong-intra-smoothing deblock sao
core,3,1017821286,mt19937,128,128,10,yuv420p,IPB,cqp,28,,frame-threads=1:pools=4:log-level=info:keyint=250:min-keyint=25:bframes=4:b-adapt=2:scenecut=0:qp=28,245760,136922,,0.5571370442708333,,2692.2,28.9,1,2,7,25.0,28.0,29.71,False,0.237,55.98,False,5.487659,48.94259,31.2339,35,5.52016,49.671967,31.1697,35,5.397437,47.048364,31.4054,30,5.447876,47.919312,31.3257,30,203ada21d66aa92c3af6ec53bb21d55601ac032362be13c2ffd198e29de4bdcd,rd=3 psy-rd=2.00 early-skip rskip mode=1 signhide tmvp b-intra strong-intra-smoothing deblock sao
core,3,1017821286,mt19937,128,128,10,yuv420p,IPB,cqp,32,,frame-threads=1:pools=4:log-level=info:keyint=250:min-keyint=25:bframes=4:b-adapt=2:scenecut=0:qp=32,245760,114109,,0.46431070963541665,,2235.94,32.9,1,2,7,29.0,32.0,33.71,False,0.2273,56.38,False,8.547404,118.671688,27.3873,56,8.756958,124.756091,27.1702,56,8.129248,106.698047,27.8492,48,8.127344,106.307715,27.8652,55,203ada21d66aa92c3af6ec53bb21d55601ac032362be13c2ffd198e29de4bdcd,rd=3 psy-rd=2.00 early-skip rskip mode=1 signhide tmvp b-intra strong-intra-smoothing deblock sao
core,3,1017821286,mt19937,128,128,10,yuv420p,IPB,cqp,36,,frame-threads=1:pools=4:log-level=info:keyint=250:min-keyint=25:bframes=4:b-adapt=2:scenecut=0:qp=36,245760,92712,,0.37724609375,,1808.0,36.9,1,2,7,33.0,36.0,37.71,False,0.2306,55.24,False,12.74672,266.39974,23.8755,81,13.849585,310.789587,23.2061,81,10.55022,177.724438,25.6333,56,10.531763,177.515649,25.6384,52,203ada21d66aa92c3af6ec53bb21d55601ac032362be13c2ffd198e29de4bdcd,rd=3 psy-rd=2.00 early-skip rskip mode=1 signhide tmvp b-intra strong-intra-smoothing deblock sao
core,3,1017821286,mt19937,128,128,10,yuv420p,IPB,cqp,40,,frame-threads=1:pools=4:log-level=info:keyint=250:min-keyint=25:bframes=4:b-adapt=2:scenecut=0:qp=40,245760,70661,,0.28752034505208335,,1366.98,40.9,1,2,7,37.0,40.0,41.71,False,0.2459,51.55,False,19.058146,612.25883,20.2615,122,21.922064,776.915607,19.2271,122,13.338818,283.319385,23.608,71,13.321802,282.571167,23.6195,74,203ada21d66aa92c3af6ec53bb21d55601ac032362be13c2ffd198e29de4bdcd,rd=3 psy-rd=2.00 early-skip rskip mode=1 signhide tmvp b-intra strong-intra-smoothing deblock sao
core,3,1017821286,mt19937,128,128,10,yuv420p,IPB,cqp,44,,frame-threads=1:pools=4:log-level=info:keyint=250:min-keyint=25:bframes=4:b-adapt=2:scenecut=0:qp=44,245760,47873,,0.19479573567708333,,911.22,44.9,1,2,7,41.0,44.0,45.71,False,0.2051,63.16,False,29.384668,1472.962093,16.4489,190,34.935669,1942.157922,15.248,190,18.323657,536.088306,20.8384,92,18.241675,533.052563,20.8631,119,203ada21d66aa92c3af6ec53bb21d55601ac032362be13c2ffd198e29de4bdcd,rd=3 psy-rd=2.00 early-skip rskip mode=1 signhide tmvp b-intra strong-intra-smoothing deblock sao
core,3,1017821286,mt19937,128,128,10,yuv420p,IPB,cqp,48,,frame-threads=1:pools=4:log-level=info:keyint=250:min-keyint=25:bframes=4:b-adapt=2:scenecut=0:qp=48,245760,18342,,0.0746337890625,,320.6,48.9,1,2,7,45.0,48.0,49.71,False,0.1199,143.82,False,52.456649,4260.044889,11.8367,242,52.812933,4213.806317,11.8841,242,51.913159,4380.995483,11.7151,225,51.575,4324.048584,11.7719,219,203ada21d66aa92c3af6ec53bb21d55601ac032362be13c2ffd198e29de4bdcd,rd=3 psy-rd=2.00 early-skip rskip mode=1 signhide tmvp b-intra strong-intra-smoothing deblock sao
core,3,1017821286,mt19937,128,128,10,yuv420p,IPB,cqp,51,,frame-threads=1:pools=4:log-level=info:keyint=250:min-keyint=25:bframes=4:b-adapt=2:scenecut=0:qp=51,245760,7073,,0.028780110677083335,,95.22,51.9,1,2,7,48.0,51.0,52.71,False,0.0846,358.65,False,63.002669,5717.570329,10.5587,250,63.577985,5724.014618,10.5538,250,61.988965,5731.645703,10.548,234,61.715112,5677.717798,10.5891,229,203ada21d66aa92c3af6ec53bb21d55601ac032362be13c2ffd198e29de4bdcd,rd=3 psy-rd=2.00 early-skip rskip mode=1 signhide tmvp b-intra strong-intra-smoothing deblock sao
core,4,2685359416,mt19937,128,128,10,yuv420p,IPB,lossless,,,frame-threads=1:pools=4:log-level=info:keyint=250:min-keyint=25:bframes=4:b-adapt=2:scenecut=0:lossless=1,245760,330263,331216,1.3438435872395833,1.3477213541666666,6559.1,4.0,1,2,7,4.0,4.0,4.0,True,0.1822,75.14,True,0.0,0.0,inf,0,0.0,0.0,inf,0,0.0,0.0,inf,0,0.0,0.0,inf,0,a6657a7ed5201936e0023c4e727fd05108c9b9e5ebc5172830e738c3cfbc69e7,rd=3 psy-rd=2.00 early-skip rskip mode=1 signhide tmvp b-intra strong-intra-smoothing deblock sao
core,4,2685359416,mt19937,128,128,10,yuv420p,IPB,cqp,0,,frame-threads=1:pools=4:log-level=info:keyint=250:min-keyint=25:bframes=4:b-adapt=2:scenecut=0:qp=0,245760,368517,,1.49949951171875,,7324.64,0.0,1,2,7,0.0,0.0,0.0,False,0.1903,73.71,False,0.121102,0.121126,57.2984,2,0.143738,0.143774,56.554,2,0.075439,0.075439,59.3548,1,0.076221,0.076221,59.3101,1,a6657a7ed5201936e0023c4e727fd05108c9b9e5ebc5172830e738c3cfbc69e7,rd=3 psy-rd=2.00 early-skip rskip mode=1 signhide tmvp b-intra strong-intra-smoothing deblock sao
core,4,2685359416,mt19937,128,128,10,yuv420p,IPB,cqp,4,,frame-threads=1:pools=4:log-level=info:keyint=250:min-keyint=25:bframes=4:b-adapt=2:scenecut=0:qp=4,245760,313241,,1.2745808919270833,,6218.6,4.9,1,2,7,1.0,4.0,5.71,False,0.2048,68.37,False,0.312174,0.319124,53.0912,3,0.323883,0.33172,52.9231,3,0.288525,0.294092,53.446,2,0.288989,0.293774,53.4507,2,a6657a7ed5201936e0023c4e727fd05108c9b9e5ebc5172830e738c3cfbc69e7,rd=3 psy-rd=2.00 early-skip rskip mode=1 signhide tmvp b-intra strong-intra-smoothing deblock sao
core,4,2685359416,mt19937,128,128,10,yuv420p,IPB,cqp,8,,frame-threads=1:pools=4:log-level=info:keyint=250:min-keyint=25:bframes=4:b-adapt=2:scenecut=0:qp=8,245760,272379,,1.10831298828125,,5401.36,8.9,1,2,7,5.0,8.0,9.71,False,0.2138,61.64,False,0.538603,0.649548,50.0047,4,0.548718,0.668164,49.882,4,0.51897,0.615063,50.2416,3,0.517773,0.60957,50.2806,4,a6657a7ed5201936e0023c4e727fd05108c9b9e5ebc5172830e738c3cfbc69e7,rd=3 psy-rd=2.00 early-skip rskip mode=1 signhide tmvp b-intra strong-intra-smoothing deblock sao
core,4,2685359416,mt19937,128,128,10,yuv420p,IPB,cqp,10,,frame-threads=1:pools=4:log-level=info:keyint=250:min-keyint=25:bframes=4:b-adapt=2:scenecut=0:qp=10,245760,255588,,1.039990234375,,5065.52,10.9,1,2,7,7.0,10.0,11.71,False,0.1864,72.47,False,0.68936,0.958508,48.3148,5,0.699799,0.984064,48.2006,5,0.66792,0.909961,48.5406,5,0.669043,0.904834,48.5651,4,a6657a7ed5201936e0023c4e727fd05108c9b9e5ebc5172830e738c3cfbc69e7,rd=3 psy-rd=2.00 early-skip rskip mode=1 signhide tmvp b-intra strong-intra-smoothing deblock sao
core,4,2685359416,mt19937,128,128,10,yuv420p,IPB,cqp,12,,frame-threads=1:pools=4:log-level=info:keyint=250:min-keyint=25:bframes=4:b-adapt=2:scenecut=0:qp=12,245760,239780,,0.9756673177083334,,4749.36,12.9,1,2,7,9.0,12.0,13.71,False,0.2257,56.37,False,0.882182,1.454,46.5052,6,0.884778,1.465417,46.4712,6,0.876978,1.433081,46.5681,5,0.877002,1.429248,46.5797,6,a6657a7ed5201936e0023c4e727fd05108c9b9e5ebc5172830e738c3cfbc69e7,rd=3 psy-rd=2.00 early-skip rskip mode=1 signhide tmvp b-intra strong-intra-smoothing deblock sao
core,4,2685359416,mt19937,128,128,10,yuv420p,IPB,cqp,14,,frame-threads=1:pools=4:log-level=info:keyint=250:min-keyint=25:bframes=4:b-adapt=2:scenecut=0:qp=14,245760,225435,,0.91729736328125,,4462.46,14.9,1,2,7,11.0,14.0,15.71,False,0.2093,62.64,False,1.138135,2.304598,44.5049,8,1.125104,2.25545,44.5985,7,1.160498,2.389063,44.3485,7,1.167896,2.416724,44.2985,8,a6657a7ed5201936e0023c4e727fd05108c9b9e5ebc5172830e738c3cfbc69e7,rd=3 psy-rd=2.00 early-skip rskip mode=1 signhide tmvp b-intra strong-intra-smoothing deblock sao
core,4,2685359416,mt19937,128,128,10,yuv420p,IPB,cqp,16,,frame-threads=1:pools=4:log-level=info:keyint=250:min-keyint=25:bframes=4:b-adapt=2:scenecut=0:qp=16,245760,211951,,0.8624308268229167,,4192.78,16.9,1,2,7,13.0,16.0,17.71,False,0.2019,64.74,False,1.433024,3.539478,42.6414,10,1.400586,3.387195,42.8324,10,1.501685,3.855786,42.2697,8,1.494116,3.8323,42.2962,8,a6657a7ed5201936e0023c4e727fd05108c9b9e5ebc5172830e738c3cfbc69e7,rd=3 psy-rd=2.00 early-skip rskip mode=1 signhide tmvp b-intra strong-intra-smoothing deblock sao
core,4,2685359416,mt19937,128,128,10,yuv420p,IPB,cqp,18,,frame-threads=1:pools=4:log-level=info:keyint=250:min-keyint=25:bframes=4:b-adapt=2:scenecut=0:qp=18,245760,198861,,0.80916748046875,,3930.98,18.9,1,2,7,15.0,18.0,19.71,False,0.2501,52.88,False,1.794108,5.442293,40.773,13,1.761359,5.267413,40.9148,12,1.853076,5.751514,40.533,13,1.866138,5.832593,40.4722,12,a6657a7ed5201936e0023c4e727fd05108c9b9e5ebc5172830e738c3cfbc69e7,rd=3 psy-rd=2.00 early-skip rskip mode=1 signhide tmvp b-intra strong-intra-smoothing deblock sao
core,4,2685359416,mt19937,128,128,10,yuv420p,IPB,cqp,20,,frame-threads=1:pools=4:log-level=info:keyint=250:min-keyint=25:bframes=4:b-adapt=2:scenecut=0:qp=20,245760,184378,,0.7502360026041667,,3641.32,20.9,1,2,7,17.0,20.0,21.71,False,0.2352,55.41,False,2.255595,8.397725,38.8892,13,2.226654,8.191718,38.9971,13,2.319214,8.824536,38.6739,13,2.307739,8.794946,38.6885,13,a6657a7ed5201936e0023c4e727fd05108c9b9e5ebc5172830e738c3cfbc69e7,rd=3 psy-rd=2.00 early-skip rskip mode=1 signhide tmvp b-intra strong-intra-smoothing deblock sao
core,4,2685359416,mt19937,128,128,10,yuv420p,IPB,cqp,24,,frame-threads=1:pools=4:log-level=info:keyint=250:min-keyint=25:bframes=4:b-adapt=2:scenecut=0:qp=24,245760,159362,,0.6484456380208333,,3141.0,24.9,1,2,7,21.0,24.0,25.71,False,0.2523,50.81,False,3.567167,20.806474,34.9488,24,3.527686,20.331287,35.0492,22,3.653589,21.896558,34.727,19,3.638672,21.617139,34.7828,24,a6657a7ed5201936e0023c4e727fd05108c9b9e5ebc5172830e738c3cfbc69e7,rd=3 psy-rd=2.00 early-skip rskip mode=1 signhide tmvp b-intra strong-intra-smoothing deblock sao
core,4,2685359416,mt19937,128,128,10,yuv420p,IPB,cqp,28,,frame-threads=1:pools=4:log-level=info:keyint=250:min-keyint=25:bframes=4:b-adapt=2:scenecut=0:qp=28,245760,136383,,0.55494384765625,,2681.42,28.9,1,2,7,25.0,28.0,29.71,False,0.2348,54.48,False,5.491711,48.963399,31.2321,33,5.525446,49.653925,31.1713,32,5.406494,47.28667,31.3834,33,5.441992,47.878027,31.3294,31,a6657a7ed5201936e0023c4e727fd05108c9b9e5ebc5172830e738c3cfbc69e7,rd=3 psy-rd=2.00 early-skip rskip mode=1 signhide tmvp b-intra strong-intra-smoothing deblock sao
core,4,2685359416,mt19937,128,128,10,yuv420p,IPB,cqp,32,,frame-threads=1:pools=4:log-level=info:keyint=250:min-keyint=25:bframes=4:b-adapt=2:scenecut=0:qp=32,245760,113675,,0.4625447591145833,,2227.26,32.9,1,2,7,29.0,32.0,33.71,False,0.2598,49.36,False,8.56047,119.047945,27.3736,55,8.765845,125.035522,27.1605,55,8.134448,107.015161,27.8364,52,8.16499,107.13042,27.8317,46,a6657a7ed5201936e0023c4e727fd05108c9b9e5ebc5172830e738c3cfbc69e7,rd=3 psy-rd=2.00 early-skip rskip mode=1 signhide tmvp b-intra strong-intra-smoothing deblock sao
core,4,2685359416,mt19937,128,128,10,yuv420p,IPB,cqp,36,,frame-threads=1:pools=4:log-level=info:keyint=250:min-keyint=25:bframes=4:b-adapt=2:scenecut=0:qp=36,245760,92400,,0.3759765625,,1801.76,36.9,1,2,7,33.0,36.0,37.71,False,0.2534,52.92,False,12.802808,268.559432,23.8404,81,13.908368,313.519086,23.1682,81,10.6375,179.815381,25.5825,57,10.545874,177.464868,25.6397,57,a6657a7ed5201936e0023c4e727fd05108c9b9e5ebc5172830e738c3cfbc69e7,rd=3 psy-rd=2.00 early-skip rskip mode=1 signhide tmvp b-intra strong-intra-smoothing deblock sao
core,4,2685359416,mt19937,128,128,10,yuv420p,IPB,cqp,40,,frame-threads=1:pools=4:log-level=info:keyint=250:min-keyint=25:bframes=4:b-adapt=2:scenecut=0:qp=40,245760,70234,,0.28578287760416665,,1358.44,40.9,1,2,7,37.0,40.0,41.71,False,0.2386,52.71,False,19.068424,611.861174,20.2643,125,21.93941,777.073761,19.2262,125,13.321265,281.552954,23.6352,79,13.331641,281.319043,23.6388,70,a6657a7ed5201936e0023c4e727fd05108c9b9e5ebc5172830e738c3cfbc69e7,rd=3 psy-rd=2.00 early-skip rskip mode=1 signhide tmvp b-intra strong-intra-smoothing deblock sao
core,4,2685359416,mt19937,128,128,10,yuv420p,IPB,cqp,44,,frame-threads=1:pools=4:log-level=info:keyint=250:min-keyint=25:bframes=4:b-adapt=2:scenecut=0:qp=44,245760,48368,,0.19680989583333333,,921.12,44.9,1,2,7,41.0,44.0,45.71,False,0.2254,56.82,False,29.228564,1458.392147,16.4921,192,34.676892,1918.777795,15.3006,192,18.354468,539.229321,20.8131,92,18.309351,536.012378,20.8391,100,a6657a7ed5201936e0023c4e727fd05108c9b9e5ebc5172830e738c3cfbc69e7,rd=3 psy-rd=2.00 early-skip rskip mode=1 signhide tmvp b-intra strong-intra-smoothing deblock sao
core,4,2685359416,mt19937,128,128,10,yuv420p,IPB,cqp,48,,frame-threads=1:pools=4:log-level=info:keyint=250:min-keyint=25:bframes=4:b-adapt=2:scenecut=0:qp=48,245760,18351,,0.07467041015625,,320.78,48.9,1,2,7,45.0,48.0,49.71,False,0.1515,111.26,False,52.411629,4242.875659,11.8542,235,52.958545,4225.545227,11.872,235,51.134351,4242.632837,11.8544,226,51.501245,4312.44021,11.7836,221,a6657a7ed5201936e0023c4e727fd05108c9b9e5ebc5172830e738c3cfbc69e7,rd=3 psy-rd=2.00 early-skip rskip mode=1 signhide tmvp b-intra strong-intra-smoothing deblock sao
core,4,2685359416,mt19937,128,128,10,yuv420p,IPB,cqp,51,,frame-threads=1:pools=4:log-level=info:keyint=250:min-keyint=25:bframes=4:b-adapt=2:scenecut=0:qp=51,245760,6748,,0.027457682291666667,,88.72,51.9,1,2,7,48.0,51.0,52.71,False,0.0812,370.33,False,64.421639,6038.364998,10.3216,248,64.991888,6046.51286,10.3158,248,62.979321,5970.329517,10.3708,230,63.582959,6073.809033,10.2962,243,a6657a7ed5201936e0023c4e727fd05108c9b9e5ebc5172830e738c3cfbc69e7,rd=3 psy-rd=2.00 early-skip rskip mode=1 signhide tmvp b-intra strong-intra-smoothing deblock sao
core,5,157269137,mt19937,128,128,10,yuv420p,IPB,lossless,,,frame-threads=1:pools=4:log-level=info:keyint=250:min-keyint=25:bframes=4:b-adapt=2:scenecut=0:lossless=1,245760,329752,330705,1.3417643229166667,1.34564208984375,6548.88,4.0,1,2,7,4.0,4.0,4.0,True,0.2084,65.92,True,0.0,0.0,inf,0,0.0,0.0,inf,0,0.0,0.0,inf,0,0.0,0.0,inf,0,f6cc32cbb23a2916d176222a87cc5dc05edc6b3c186463afd58cb5f4a2b303dc,rd=3 psy-rd=2.00 early-skip rskip mode=1 signhide tmvp b-intra strong-intra-smoothing deblock sao
core,5,157269137,mt19937,128,128,10,yuv420p,IPB,cqp,0,,frame-threads=1:pools=4:log-level=info:keyint=250:min-keyint=25:bframes=4:b-adapt=2:scenecut=0:qp=0,245760,368499,,1.49942626953125,,7324.28,0.0,1,2,7,0.0,0.0,0.0,False,0.2067,67.25,False,0.121065,0.121073,57.3003,2,0.143561,0.143573,56.5601,2,0.077808,0.077808,59.2206,1,0.074341,0.074341,59.4185,1,f6cc32cbb23a2916d176222a87cc5dc05edc6b3c186463afd58cb5f4a2b303dc,rd=3 psy-rd=2.00 early-skip rskip mode=1 signhide tmvp b-intra strong-intra-smoothing deblock sao
core,5,157269137,mt19937,128,128,10,yuv420p,IPB,cqp,4,,frame-threads=1:pools=4:log-level=info:keyint=250:min-keyint=25:bframes=4:b-adapt=2:scenecut=0:qp=4,245760,313127,,1.2741170247395834,,6216.32,4.9,1,2,7,1.0,4.0,5.71,False,0.2135,64.4,False,0.311947,0.318848,53.095,2,0.324554,0.33255,52.9122,2,0.289087,0.293433,53.4557,2,0.284375,0.289453,53.515,2,f6cc32cbb23a2916d176222a87cc5dc05edc6b3c186463afd58cb5f4a2b303dc,rd=3 psy-rd=2.00 early-skip rskip mode=1 signhide tmvp b-intra strong-intra-smoothing deblock sao
core,5,157269137,mt19937,128,128,10,yuv420p,IPB,cqp,8,,frame-threads=1:pools=4:log-level=info:keyint=250:min-keyint=25:bframes=4:b-adapt=2:scenecut=0:qp=8,245760,272682,,1.1095458984375,,5407.42,8.9,1,2,7,5.0,8.0,9.71,False,0.2052,62.81,False,0.533378,0.639709,50.071,4,0.543634,0.657758,49.9501,4,0.512378,0.602271,50.3329,3,0.513354,0.604956,50.3136,3,f6cc32cbb23a2916d176222a87cc5dc05edc6b3c186463afd58cb5f4a2b303dc,rd=3 psy-rd=2.00 early-skip rskip mode=1 signhide tmvp b-intra strong-intra-smoothing deblock sao
core,5,157269137,mt19937,128,128,10,yuv420p,IPB,cqp,10,,frame-threads=1:pools=4:log-level=info:keyint=250:min-keyint=25:bframes=4:b-adapt=2:scenecut=0:qp=10,245760,256337,,1.0430379231770834,,5080.5,10.9,1,2,7,7.0,10.0,11.71,False,0.2175,61.94,False,0.678426,0.935978,48.4181,5,0.685992,0.955585,48.3281,5,0.661914,0.89668,48.6044,4,0.664673,0.896851,48.6036,4,f6cc32cbb23a2916d176222a87cc5dc05edc6b3c186463afd58cb5f4a2b303dc,rd=3 psy-rd=2.00 early-skip rskip mode=1 signhide tmvp b-intra strong-intra-smoothing deblock sao
core,5,157269137,mt19937,128,128,10,yuv420p,IPB,cqp,12,,frame-threads=1:pools=4:log-level=info:keyint=250:min-keyint=25:bframes=4:b-adapt=2:scenecut=0:qp=12,245760,239057,,0.9727254231770833,,4734.9,12.9,1,2,7,9.0,12.0,13.71,False,0.2018,66.57,False,0.894194,1.496057,46.3813,6,0.895538,1.504913,46.3557,6,0.89165,1.480371,46.4271,5,0.891357,1.476318,46.439,6,f6cc32cbb23a2916d176222a87cc5dc05edc6b3c186463afd58cb5f4a2b303dc,rd=3 psy-rd=2.00 early-skip rskip mode=1 signhide tmvp b-intra strong-intra-smoothing deblock sao
core,5,157269137,mt19937,128,128,10,yuv420p,IPB,cqp,14,,frame-threads=1:pools=4:log-level=info:keyint=250:min-keyint=25:bframes=4:b-adapt=2:scenecut=0:qp=14,245760,226261,,0.9206583658854167,,4478.98,14.9,1,2,7,11.0,14.0,15.71,False,0.2158,62.21,False,1.132963,2.284957,44.542,7,1.120947,2.240442,44.6275,7,1.159375,2.381885,44.3616,7,1.154614,2.366089,44.3905,6,f6cc32cbb23a2916d176222a87cc5dc05edc6b3c186463afd58cb5f4a2b303dc,rd=3 psy-rd=2.00 early-skip rskip mode=1 signhide tmvp b-intra strong-intra-smoothing deblock sao
core,5,157269137,mt19937,128,128,10,yuv420p,IPB,cqp,16,,frame-threads=1:pools=4:log-level=info:keyint=250:min-keyint=25:bframes=4:b-adapt=2:scenecut=0:qp=16,245760,211921,,0.8623087565104167,,4192.18,16.9,1,2,7,13.0,16.0,17.71,False,0.2079,65.03,False,1.427197,3.506991,42.6815,9,1.395374,3.351868,42.8779,9,1.491406,3.825391,42.304,8,1.490283,3.809082,42.3226,8,f6cc32cbb23a2916d176222a87cc5dc05edc6b3c186463afd58cb5f4a2b303dc,rd=3 psy-rd=2.00 early-skip rskip mode=1 signhide tmvp b-intra strong-intra-smoothing deblock sao
core,5,157269137,mt19937,128,128,10,yuv420p,IPB,cqp,18,,frame-threads=1:pools=4:log-level=info:keyint=250:min-keyint=25:bframes=4:b-adapt=2:scenecut=0:qp=18,245760,197307,,0.80284423828125,,3899.9,18.9,1,2,7,15.0,18.0,19.71,False,0.2453,51.83,False,1.811788,5.485828,40.7384,11,1.786176,5.331256,40.8625,11,1.85498,5.744287,40.5384,11,1.871045,5.845654,40.4625,11,f6cc32cbb23a2916d176222a87cc5dc05edc6b3c186463afd58cb5f4a2b303dc,rd=3 psy-rd=2.00 early-skip rskip mode=1 signhide tmvp b-intra strong-intra-smoothing deblock sao
core,5,157269137,mt19937,128,128,10,yuv420p,IPB,cqp,20,,frame-threads=1:pools=4:log-level=info:keyint=250:min-keyint=25:bframes=4:b-adapt=2:scenecut=0:qp=20,245760,185972,,0.7567220052083333,,3673.2,20.9,1,2,7,17.0,20.0,21.71,False,0.2157,63.29,False,2.250309,8.41193,38.8818,13,2.218854,8.206244,38.9894,13,2.313037,8.801709,38.6851,13,2.313403,8.844897,38.6639,12,f6cc32cbb23a2916d176222a87cc5dc05edc6b3c186463afd58cb5f4a2b303dc,rd=3 psy-rd=2.00 early-skip rskip mode=1 signhide tmvp b-intra strong-intra-smoothing deblock sao
core,5,157269137,mt19937,128,128,10,yuv420p,IPB,cqp,24,,frame-threads=1:pools=4:log-level=info:keyint=250:min-keyint=25:bframes=4:b-adapt=2:scenecut=0:qp=24,245760,159196,,0.6477701822916667,,3137.68,24.9,1,2,7,21.0,24.0,25.71,False,0.2577,47.52,False,3.576493,20.933752,34.9223,26,3.536652,20.480072,35.0175,23,3.657642,21.845044,34.7373,26,3.654712,21.837183,34.7388,21,f6cc32cbb23a2916d176222a87cc5dc05edc6b3c186463afd58cb5f4a2b303dc,rd=3 psy-rd=2.00 early-skip rskip mode=1 signhide tmvp b-intra strong-intra-smoothing deblock sao
core,5,157269137,mt19937,128,128,10,yuv420p,IPB,cqp,28,,frame-threads=1:pools=4:log-level=info:keyint=250:min-keyint=25:bframes=4:b-adapt=2:scenecut=0:qp=28,245760,136714,,0.5562906901041667,,2688.04,28.9,1,2,7,25.0,28.0,29.71,False,0.2416,51.82,False,5.513822,49.230448,31.2085,34,5.550488,50.080591,31.1341,34,5.43689,47.499146,31.3639,31,5.444092,47.561182,31.3583,33,f6cc32cbb23a2916d176222a87cc5dc05edc6b3c186463afd58cb5f4a2b303dc,rd=3 psy-rd=2.00 early-skip rskip mode=1 signhide tmvp b-intra strong-intra-smoothing deblock sao
core,5,157269137,mt19937,128,128,10,yuv420p,IPB,cqp,32,,frame-threads=1:pools=4:log-level=info:keyint=250:min-keyint=25:bframes=4:b-adapt=2:scenecut=0:qp=32,245760,113303,,0.46103108723958336,,2219.82,32.9,1,2,7,29.0,32.0,33.71,False,0.2302,56.6,False,8.592542,119.551762,27.3552,51,8.820685,126.016571,27.1265,51,8.122339,106.412427,27.8609,49,8.150171,106.83186,27.8438,47,f6cc32cbb23a2916d176222a87cc5dc05edc6b3c186463afd58cb5f4a2b303dc,rd=3 psy-rd=2.00 early-skip rskip mode=1 signhide tmvp b-intra strong-intra-smoothing deblock sao
core,5,157269137,mt19937,128,128,10,yuv420p,IPB,cqp,36,,frame-threads=1:pools=4:log-level=info:keyint=250:min-keyint=25:bframes=4:b-adapt=2:scenecut=0:qp=36,245760,92890,,0.3779703776041667,,1811.56,36.9,1,2,7,33.0,36.0,37.71,False,0.2572,50.19,False,12.777051,267.526367,23.8571,83,13.875317,312.183301,23.1867,83,10.593115,178.447754,25.6157,57,10.56792,177.977246,25.6272,55,f6cc32cbb23a2916d176222a87cc5dc05edc6b3c186463afd58cb5f4a2b303dc,rd=3 psy-rd=2.00 early-skip rskip mode=1 signhide tmvp b-intra strong-intra-smoothing deblock sao
core,5,157269137,mt19937,128,128,10,yuv420p,IPB,cqp,40,,frame-threads=1:pools=4:log-level=info:keyint=250:min-keyint=25:bframes=4:b-adapt=2:scenecut=0:qp=40,245760,70502,,0.2868733723958333,,1363.8,40.9,1,2,7,37.0,40.0,41.71,False,0.237,53.17,False,19.066789,610.565535,20.2735,126,21.913977,774.006604,19.2434,126,13.348682,282.34248,23.623,70,13.396143,285.024316,23.582,76,f6cc32cbb23a2916d176222a87cc5dc05edc6b3c186463afd58cb5f4a2b303dc,rd=3 psy-rd=2.00 early-skip rskip mode=1 signhide tmvp b-intra strong-intra-smoothing deblock sao
core,5,157269137,mt19937,128,128,10,yuv420p,IPB,cqp,44,,frame-threads=1:pools=4:log-level=info:keyint=250:min-keyint=25:bframes=4:b-adapt=2:scenecut=0:qp=44,245760,48011,,0.19535725911458332,,913.98,44.9,1,2,7,41.0,44.0,45.71,False,0.2462,52.53,False,29.323063,1466.146468,16.469,195,34.820801,1931.061938,15.2728,195,18.299292,535.531079,20.843,95,18.355884,537.099976,20.8303,95,f6cc32cbb23a2916d176222a87cc5dc05edc6b3c186463afd58cb5f4a2b303dc,rd=3 psy-rd=2.00 early-skip rskip mode=1 signhide tmvp b-intra strong-intra-smoothing deblock sao
core,5,157269137,mt19937,128,128,10,yuv420p,IPB,cqp,48,,frame-threads=1:pools=4:log-level=info:keyint=250:min-keyint=25:bframes=4:b-adapt=2:scenecut=0:qp=48,245760,18424,,0.07496744791666667,,322.24,48.9,1,2,7,45.0,48.0,49.71,False,0.1309,129.87,False,52.174308,4215.546818,11.8823,233,52.805524,4206.658722,11.8914,233,51.229297,4265.789795,11.8308,212,50.594458,4200.856226,11.8974,223,f6cc32cbb23a2916d176222a87cc5dc05edc6b3c186463afd58cb5f4a2b303dc,rd=3 psy-rd=2.00 early-skip rskip mode=1 signhide tmvp b-intra strong-intra-smoothing deblock sao
core,5,157269137,mt19937,128,128,10,yuv420p,IPB,cqp,51,,frame-threads=1:pools=4:log-level=info:keyint=250:min-keyint=25:bframes=4:b-adapt=2:scenecut=0:qp=51,245760,6920,,0.028157552083333332,,92.16,51.9,1,2,7,48.0,51.0,52.71,False,0.0906,303.97,False,64.155037,5995.126294,10.3528,246,64.224744,5938.257019,10.3942,246,64.114282,6124.8323,10.2599,233,63.916968,6092.897388,10.2826,245,f6cc32cbb23a2916d176222a87cc5dc05edc6b3c186463afd58cb5f4a2b303dc,rd=3 psy-rd=2.00 early-skip rskip mode=1 signhide tmvp b-intra strong-intra-smoothing deblock sao
core,6,1824807267,mt19937,128,128,10,yuv420p,IPB,lossless,,,frame-threads=1:pools=4:log-level=info:keyint=250:min-keyint=25:bframes=4:b-adapt=2:scenecut=0:lossless=1,245760,329711,330664,1.3415974934895833,1.3454752604166667,6548.06,4.0,1,2,7,4.0,4.0,4.0,True,0.1852,74.2,True,0.0,0.0,inf,0,0.0,0.0,inf,0,0.0,0.0,inf,0,0.0,0.0,inf,0,764867e4a8a5504ccf096e5ab70fa969ec0cdfc6d48e39267b3f8dd7be991a30,rd=3 psy-rd=2.00 early-skip rskip mode=1 signhide tmvp b-intra strong-intra-smoothing deblock sao
core,6,1824807267,mt19937,128,128,10,yuv420p,IPB,cqp,0,,frame-threads=1:pools=4:log-level=info:keyint=250:min-keyint=25:bframes=4:b-adapt=2:scenecut=0:qp=0,245760,368922,,1.5011474609375,,7332.74,0.0,1,2,7,0.0,0.0,0.0,False,0.1738,81.36,False,0.119979,0.119979,57.3398,1,0.141949,0.141949,56.6095,1,0.076514,0.076514,59.2934,1,0.075562,0.075562,59.3478,1,764867e4a8a5504ccf096e5ab70fa969ec0cdfc6d48e39267b3f8dd7be991a30,rd=3 psy-rd=2.00 early-skip rskip mode=1 signhide tmvp b-intra strong-intra-smoothing deblock sao
core,6,1824807267,mt19937,128,128,10,yuv420p,IPB,cqp,4,,frame-threads=1:pools=4:log-level=info:keyint=250:min-keyint=25:bframes=4:b-adapt=2:scenecut=0:qp=4,245760,313116,,1.274072265625,,6216.1,4.9,1,2,7,1.0,4.0,5.71,False,0.2167,66.25,False,0.309831,0.317074,53.1192,3,0.322125,0.330219,52.9428,3,0.284692,0.289868,53.5088,2,0.285791,0.291699,53.4815,2,764867e4a8a5504ccf096e5ab70fa969ec0cdfc6d48e39267b3f8dd7be991a30,rd=3 psy-rd=2.00 early-skip rskip mode=1 signhide tmvp b-intra strong-intra-smoothing deblock sao
core,6,1824807267,mt19937,128,128,10,yuv420p,IPB,cqp,8,,frame-threads=1:pools=4:log-level=info:keyint=250:min-keyint=25:bframes=4:b-adapt=2:scenecut=0:qp=8,245760,273144,,1.11142578125,,5416.66,8.9,1,2,7,5.0,8.0,9.71,False,0.1883,70.05,False,0.529806,0.631059,50.1301,4,0.540234,0.649402,50.0057,3,0.507837,0.591724,50.4096,4,0.510059,0.597021,50.3709,3,764867e4a8a5504ccf096e5ab70fa969ec0cdfc6d48e39267b3f8dd7be991a30,rd=3 psy-rd=2.00 early-skip rskip mode=1 signhide tmvp b-intra strong-intra-smoothing deblock sao
core,6,1824807267,mt19937,128,128,10,yuv420p,IPB,cqp,10,,frame-threads=1:pools=4:log-level=info:keyint=250:min-keyint=25:bframes=4:b-adapt=2:scenecut=0:qp=10,245760,255284,,1.0387532552083334,,5059.44,10.9,1,2,7,7.0,10.0,11.71,False,0.2461,53.41,False,0.688477,0.954785,48.3317,5,0.695819,0.973407,48.2479,5,0.671948,0.914331,48.5198,4,0.675635,0.920752,48.4894,4,764867e4a8a5504ccf096e5ab70fa969ec0cdfc6d48e39267b3f8dd7be991a30,rd=3 psy-rd=2.00 early-skip rskip mode=1 signhide tmvp b-intra strong-intra-smoothing deblock sao
core,6,1824807267,mt19937,128,128,10,yuv420p,IPB,cqp,12,,frame-threads=1:pools=4:log-level=info:keyint=250:min-keyint=25:bframes=4:b-adapt=2:scenecut=0:qp=12,245760,239151,,0.97310791015625,,4736.78,12.9,1,2,7,9.0,12.0,13.71,False,0.2108,61.62,False,0.887052,1.474162,46.4454,6,0.888873,1.481451,46.4239,6,0.881665,1.455786,46.4998,5,0.885156,1.463379,46.4772,5,764867e4a8a5504ccf096e5ab70fa969ec0cdfc6d48e39267b3f8dd7be991a30,rd=3 psy-rd=2.00 early-skip rskip mode=1 signhide tmvp b-intra strong-intra-smoothing deblock sao
core,6,1824807267,mt19937,128,128,10,yuv420p,IPB,cqp,14,,frame-threads=1:pools=4:log-level=info:keyint=250:min-keyint=25:bframes=4:b-adapt=2:scenecut=0:qp=14,245760,226023,,0.91968994140625,,4474.22,14.9,1,2,7,11.0,14.0,15.71,False,0.2339,56.37,False,1.132715,2.285758,44.5405,8,1.121619,2.242065,44.6243,8,1.157397,2.383325,44.359,7,1.152417,2.362964,44.3962,7,764867e4a8a5504ccf096e5ab70fa969ec0cdfc6d48e39267b3f8dd7be991a30,rd=3 psy-rd=2.00 early-skip rskip mode=1 signhide tmvp b-intra strong-intra-smoothing deblock sao
core,6,1824807267,mt19937,128,128,10,yuv420p,IPB,cqp,16,,frame-threads=1:pools=4:log-level=info:keyint=250:min-keyint=25:bframes=4:b-adapt=2:scenecut=0:qp=16,245760,214142,,0.8713460286458333,,4236.6,16.9,1,2,7,13.0,16.0,17.71,False,0.1909,69.94,False,1.413741,3.444576,42.7594,9,1.384326,3.313904,42.9274,8,1.472437,3.7177,42.4281,9,1.472705,3.694141,42.4557,9,764867e4a8a5504ccf096e5ab70fa969ec0cdfc6d48e39267b3f8dd7be991a30,rd=3 psy-rd=2.00 early-skip rskip mode=1 signhide tmvp b-intra strong-intra-smoothing deblock sao
core,6,1824807267,mt19937,128,128,10,yuv420p,IPB,cqp,18,,frame-threads=1:pools=4:log-level=info:keyint=250:min-keyint=25:bframes=4:b-adapt=2:scenecut=0:qp=18,245760,198832,,0.8090494791666667,,3930.4,18.9,1,2,7,15.0,18.0,19.71,False,0.2212,59.87,False,1.791484,5.428072,40.7843,12,1.759741,5.255017,40.9251,11,1.854175,5.772388,40.5172,11,1.855762,5.775977,40.5145,12,764867e4a8a5504ccf096e5ab70fa969ec0cdfc6d48e39267b3f8dd7be991a30,rd=3 psy-rd=2.00 early-skip rskip mode=1 signhide tmvp b-intra strong-intra-smoothing deblock sao
core,6,1824807267,mt19937,128,128,10,yuv420p,IPB,cqp,20,,frame-threads=1:pools=4:log-level=info:keyint=250:min-keyint=25:bframes=4:b-adapt=2:scenecut=0:qp=20,245760,185797,,0.7560099283854167,,3669.7,20.9,1,2,7,17.0,20.0,21.71,False,0.2096,64.27,False,2.244743,8.359823,38.9088,15,2.208905,8.129218,39.0303,14,2.311108,8.786548,38.6926,15,2.321729,8.855518,38.6587,13,764867e4a8a5504ccf096e5ab70fa969ec0cdfc6d48e39267b3f8dd7be991a30,rd=3 psy-rd=2.00 early-skip rskip mode=1 signhide tmvp b-intra strong-intra-smoothing deblock sao
core,6,1824807267,mt19937,128,128,10,yuv420p,IPB,cqp,24,,frame-threads=1:pools=4:log-level=info:keyint=250:min-keyint=25:bframes=4:b-adapt=2:scenecut=0:qp=24,245760,160406,,0.6526936848958333,,3161.88,24.9,1,2,7,21.0,24.0,25.71,False,0.2495,51.37,False,3.55411,20.711613,34.9687,21,3.513788,20.26319,35.0637,21,3.647412,21.694287,34.7673,20,3.622095,21.522632,34.8018,21,764867e4a8a5504ccf096e5ab70fa969ec0cdfc6d48e39267b3f8dd7be991a30,rd=3 psy-rd=2.00 early-skip rskip mode=1 signhide tmvp b-intra strong-intra-smoothing deblock sao
core,6,1824807267,mt19937,128,128,10,yuv420p,IPB,cqp,28,,frame-threads=1:pools=4:log-level=info:keyint=250:min-keyint=25:bframes=4:b-adapt=2:scenecut=0:qp=28,245760,136487,,0.5553670247395833,,2683.5,28.9,1,2,7,25.0,28.0,29.71,False,0.2598,47.0,False,5.50033,49.102112,31.2198,35,5.538226,49.935773,31.1467,35,5.432446,47.650854,31.3501,31,5.416626,47.218726,31.3897,29,764867e4a8a5504ccf096e5ab70fa969ec0cdfc6d48e39267b3f8dd7be991a30,rd=3 psy-rd=2.00 early-skip rskip mode=1 signhide tmvp b-intra strong-intra-smoothing deblock sao
core,6,1824807267,mt19937,128,128,10,yuv420p,IPB,cqp,32,,frame-threads=1:pools=4:log-level=info:keyint=250:min-keyint=25:bframes=4:b-adapt=2:scenecut=0:qp=32,245760,113500,,0.4618326822916667,,2223.76,32.9,1,2,7,29.0,32.0,33.71,False,0.227,56.19,False,8.577307,119.39491,27.3609,53,8.779504,125.448474,27.1461,53,8.176929,107.345239,27.823,49,8.168896,107.230322,27.8276,51,764867e4a8a5504ccf096e5ab70fa969ec0cdfc6d48e39267b3f8dd7be991a30,rd=3 psy-rd=2.00 early-skip rskip mode=1 signhide tmvp b-intra strong-intra-smoothing deblock sao
core,6,1824807267,mt19937,128,128,10,yuv420p,IPB,cqp,36,,frame-threads=1:pools=4:log-level=info:keyint=250:min-keyint=25:bframes=4:b-adapt=2:scenecut=0:qp=36,245760,93377,,0.3799519856770833,,1821.3,36.9,1,2,7,33.0,36.0,37.71,False,0.2521,50.29,False,12.70234,265.026713,23.8979,100,13.798883,309.309552,23.2269,100,10.537671,177.083179,25.649,56,10.480835,175.838892,25.6797,59,764867e4a8a5504ccf096e5ab70fa969ec0cdfc6d48e39267b3f8dd7be991a30,rd=3 psy-rd=2.00 early-skip rskip mode=1 signhide tmvp b-intra strong-intra-smoothing deblock sao
core,6,1824807267,mt19937,128,128,10,yuv420p,IPB,cqp,40,,frame-threads=1:pools=4:log-level=info:keyint=250:min-keyint=25:bframes=4:b-adapt=2:scenecut=0:qp=40,245760,70454,,0.28667805989583334,,1362.84,40.9,1,2,7,37.0,40.0,41.71,False,0.2258,56.18,False,19.052222,610.276611,20.2755,125,21.917535,774.512006,19.2405,125,13.327466,282.128052,23.6263,70,13.315723,281.483594,23.6363,71,764867e4a8a5504ccf096e5ab70fa969ec0cdfc6d48e39267b3f8dd7be991a30,rd=3 psy-rd=2.00 early-skip rskip mode=1 signhide tmvp b-intra strong-intra-smoothing deblock sao
core,6,1824807267,mt19937,128,128,10,yuv420p,IPB,cqp,44,,frame-threads=1:pools=4:log-level=info:keyint=250:min-keyint=25:bframes=4:b-adapt=2:scenecut=0:qp=44,245760,48082,,0.19564615885416667,,915.4,44.9,1,2,7,41.0,44.0,45.71,False,0.2327,58.34,False,29.33256,1468.651074,16.4616,205,34.840137,1934.798096,15.2644,205,18.364526,540.299829,20.8045,109,18.270288,532.414233,20.8683,96,764867e4a8a5504ccf096e5ab70fa969ec0cdfc6d48e39267b3f8dd7be991a30,rd=3 psy-rd=2.00 early-skip rskip mode=1 signhide tmvp b-intra strong-intra-smoothing deblock sao
core,6,1824807267,mt19937,128,128,10,yuv420p,IPB,cqp,48,,frame-threads=1:pools=4:log-level=info:keyint=250:min-keyint=25:bframes=4:b-adapt=2:scenecut=0:qp=48,245760,18163,,0.07390543619791666,,317.02,48.9,1,2,7,45.0,48.0,49.71,False,0.1212,137.81,False,52.482023,4247.965723,11.849,235,53.132214,4242.462366,11.8546,235,51.256079,4266.43811,11.8301,224,51.107202,4251.506763,11.8454,231,764867e4a8a5504ccf096e5ab70fa969ec0cdfc6d48e39267b3f8dd7be991a30,rd=3 psy-rd=2.00 early-skip rskip mode=1 signhide tmvp b-intra strong-intra-smoothing deblock sao
core,6,1824807267,mt19937,128,128,10,yuv420p,IPB,cqp,51,,frame-threads=1:pools=4:log-level=info:keyint=250:min-keyint=25:bframes=4:b-adapt=2:scenecut=0:qp=51,245760,7292,,0.029671223958333333,,99.6,51.9,1,2,7,48.0,51.0,52.71,False,0.0745,372.55,False,62.698433,5655.2856,10.6063,246,63.406,5677.439374,10.5893,245,61.356567,5629.749683,10.6259,246,61.210034,5592.206421,10.655,226,764867e4a8a5504ccf096e5ab70fa969ec0cdfc6d48e39267b3f8dd7be991a30,rd=3 psy-rd=2.00 early-skip rskip mode=1 signhide tmvp b-intra strong-intra-smoothing deblock sao
core,7,1444200636,mt19937,128,128,10,yuv420p,IPB,lossless,,,frame-threads=1:pools=4:log-level=info:keyint=250:min-keyint=25:bframes=4:b-adapt=2:scenecut=0:lossless=1,245760,329876,330829,1.3422688802083333,1.3461466471354167,6551.36,4.0,1,2,7,4.0,4.0,4.0,True,0.2109,64.43,True,0.0,0.0,inf,0,0.0,0.0,inf,0,0.0,0.0,inf,0,0.0,0.0,inf,0,163ec37fe475ca93c82b34388e3fc8388ac21213d12ccd172d0fc63d851cccca,rd=3 psy-rd=2.00 early-skip rskip mode=1 signhide tmvp b-intra strong-intra-smoothing deblock sao
core,7,1444200636,mt19937,128,128,10,yuv420p,IPB,cqp,0,,frame-threads=1:pools=4:log-level=info:keyint=250:min-keyint=25:bframes=4:b-adapt=2:scenecut=0:qp=0,245760,368679,,1.50015869140625,,7327.88,0.0,1,2,7,0.0,0.0,0.0,False,0.1897,74.18,False,0.1198,0.119832,57.3451,2,0.141992,0.142041,56.6067,2,0.073584,0.073584,59.463,1,0.077246,0.077246,59.252,1,163ec37fe475ca93c82b34388e3fc8388ac21213d12ccd172d0fc63d851cccca,rd=3 psy-rd=2.00 early-skip rskip mode=1 signhide tmvp b-intra strong-intra-smoothing deblock sao
core,7,1444200636,mt19937,128,128,10,yuv420p,IPB,cqp,4,,frame-threads=1:pools=4:log-level=info:keyint=250:min-keyint=25:bframes=4:b-adapt=2:scenecut=0:qp=4,245760,313208,,1.2744466145833333,,6217.94,4.9,1,2,7,1.0,4.0,5.71,False,0.1795,76.04,False,0.311015,0.318014,53.1063,2,0.323242,0.331384,52.9275,2,0.287939,0.29292,53.4633,2,0.285181,0.289624,53.5125,2,163ec37fe475ca93c82b34388e3fc8388ac21213d12ccd172d0fc63d851cccca,rd=3 psy-rd=2.00 early-skip rskip mode=1 signhide tmvp b-intra strong-intra-smoothing deblock sao
core,7,1444200636,mt19937,128,128,10,yuv420p,IPB,cqp,8,,frame-threads=1:pools=4:log-level=info:keyint=250:min-keyint=25:bframes=4:b-adapt=2:scenecut=0:qp=8,245760,271651,,1.1053507486979166,,5386.8,8.9,1,2,7,5.0,8.0,9.71,False,0.1921,72.59,False,0.546029,0.666748,49.8912,4,0.553467,0.679968,49.8059,4,0.531396,0.642041,50.0552,4,0.530908,0.638574,50.0787,4,163ec37fe475ca93c82b34388e3fc8388ac21213d12ccd172d0fc63d851cccca,rd=3 psy-rd=2.00 early-skip rskip mode=1 signhide tmvp b-intra strong-intra-smoothing deblock sao
core,7,1444200636,mt19937,128,128,10,yuv420p,IPB,cqp,10,,frame-threads=1:pools=4:log-level=info:keyint=250:min-keyint=25:bframes=4:b-adapt=2:scenecut=0:qp=10,245760,255445,,1.0394083658854167,,5062.66,10.9,1,2,7,7.0,10.0,11.71,False,0.2378,53.54,False,0.687874,0.955314,48.3293,5,0.697229,0.977942,48.2277,5,0.668433,0.910864,48.5363,5,0.669897,0.909253,48.544,4,163ec37fe475ca93c82b34388e3fc8388ac21213d12ccd172d0fc63d851cccca,rd=3 psy-rd=2.00 early-skip rskip mode=1 signhide tmvp b-intra strong-intra-smoothing deblock sao
core,7,1444200636,mt19937,128,128,10,yuv420p,IPB,cqp,12,,frame-threads=1:pools=4:log-level=info:keyint=250:min-keyint=25:bframes=4:b-adapt=2:scenecut=0:qp=12,245760,238287,,0.96959228515625,,4719.5,12.9,1,2,7,9.0,12.0,13.71,False,0.1914,69.24,False,0.892782,1.491089,46.3958,6,0.895673,1.503241,46.3605,6,0.88313,1.454858,46.5026,6,0.890869,1.478711,46.432,5,163ec37fe475ca93c82b34388e3fc8388ac21213d12ccd172d0fc63d851cccca,rd=3 psy-rd=2.00 early-skip rskip mode=1 signhide tmvp b-intra strong-intra-smoothing deblock sao
core,7,1444200636,mt19937,128,128,10,yuv420p,IPB,cqp,14,,frame-threads=1:pools=4:log-level=info:keyint=250:min-keyint=25:bframes=4:b-adapt=2:scenecut=0:qp=14,245760,225480,,0.91748046875,,4463.36,14.9,1,2,7,11.0,14.0,15.71,False,0.2388,53.6,False,1.137801,2.307471,44.4994,8,1.124835,2.252777,44.6036,8,1.162451,2.403662,44.3221,7,1.165015,2.430054,44.2746,8,163ec37fe475ca93c82b34388e3fc8388ac21213d12ccd172d0fc63d851cccca,rd=3 psy-rd=2.00 early-skip rskip mode=1 signhide tmvp b-intra strong-intra-smoothing deblock sao
core,7,1444200636,mt19937,128,128,10,yuv420p,IPB,cqp,16,,frame-threads=1:pools=4:log-level=info:keyint=250:min-keyint=25:bframes=4:b-adapt=2:scenecut=0:qp=16,245760,211901,,0.8622273763020833,,4191.78,16.9,1,2,7,13.0,16.0,17.71,False,0.2479,51.32,False,1.433223,3.535722,42.646,10,1.399548,3.38822,42.8311,9,1.496338,3.80625,42.3258,10,1.50481,3.8552,42.2703,8,163ec37fe475ca93c82b34388e3fc8388ac21213d12ccd172d0fc63d851cccca,rd=3 psy-rd=2.00 early-skip rskip mode=1 signhide tmvp b-intra strong-intra-smoothing deblock sao
core,7,1444200636,mt19937,128,128,10,yuv420p,IPB,cqp,18,,frame-threads=1:pools=4:log-level=info:keyint=250:min-keyint=25:bframes=4:b-adapt=2:scenecut=0:qp=18,245760,198439,,0.8074503580729167,,3922.54,18.9,1,2,7,15.0,18.0,19.71,False,0.2305,56.36,False,1.796818,5.463249,40.7563,11,1.77016,5.321503,40.8705,11,1.844141,5.726221,40.5521,11,1.856128,5.767261,40.5211,11,163ec37fe475ca93c82b34388e3fc8388ac21213d12ccd172d0fc63d851cccca,rd=3 psy-rd=2.00 early-skip rskip mode=1 signhide tmvp b-intra strong-intra-smoothing deblock sao
core,7,1444200636,mt19937,128,128,10,yuv420p,IPB,cqp,20,,frame-threads=1:pools=4:log-level=info:keyint=250:min-keyint=25:bframes=4:b-adapt=2:scenecut=0:qp=20,245760,184401,,0.75032958984375,,3641.78,20.9,1,2,7,17.0,20.0,21.71,False,0.2554,51.05,False,2.257178,8.40153,38.8872,14,2.231122,8.219391,38.9824,13,2.296655,8.688794,38.7412,14,2.321924,8.842822,38.6649,13,163ec37fe475ca93c82b34388e3fc8388ac21213d12ccd172d0fc63d851cccca,rd=3 psy-rd=2.00 early-skip rskip mode=1 signhide tmvp b-intra strong-intra-smoothing deblock sao
core,7,1444200636,mt19937,128,128,10,yuv420p,IPB,cqp,24,,frame-threads=1:pools=4:log-level=info:keyint=250:min-keyint=25:bframes=4:b-adapt=2:scenecut=0:qp=24,245760,159951,,0.65084228515625,,3152.78,24.9,1,2,7,21.0,24.0,25.71,False,0.2526,49.29,False,3.553723,20.64224,34.9832,22,3.515228,20.19599,35.0782,21,3.633716,21.508716,34.8047,22,3.62771,21.560767,34.7942,19,163ec37fe475ca93c82b34388e3fc8388ac21213d12ccd172d0fc63d851cccca,rd=3 psy-rd=2.00 early-skip rskip mode=1 signhide tmvp b-intra strong-intra-smoothing deblock sao
core,7,1444200636,mt19937,128,128,10,yuv420p,IPB,cqp,28,,frame-threads=1:pools=4:log-level=info:keyint=250:min-keyint=25:bframes=4:b-adapt=2:scenecut=0:qp=28,245760,136430,,0.5551350911458334,,2682.36,28.9,1,2,7,25.0,28.0,29.71,False,0.2625,48.46,False,5.498751,48.98564,31.2301,39,5.531036,49.689569,31.1682,39,5.422217,47.505664,31.3633,31,5.446143,47.649902,31.3502,29,163ec37fe475ca93c82b34388e3fc8388ac21213d12ccd172d0fc63d851cccca,rd=3 psy-rd=2.00 early-skip rskip mode=1 signhide tmvp b-intra strong-intra-smoothing deblock sao
core,7,1444200636,mt19937,128,128,10,yuv420p,IPB,cqp,32,,frame-threads=1:pools=4:log-level=info:keyint=250:min-keyint=25:bframes=4:b-adapt=2:scenecut=0:qp=32,245760,113575,,0.4621378580729167,,2225.26,32.9,1,2,7,29.0,32.0,33.71,False,0.2295,57.77,False,8.566085,118.753308,27.3843,57,8.764636,124.463892,27.1804,57,8.138794,106.518774,27.8565,41,8.19917,108.145508,27.7907,47,163ec37fe475ca93c82b34388e3fc8388ac21213d12ccd172d0fc63d851cccca,rd=3 psy-rd=2.00 early-skip rskip mode=1 signhide tmvp b-intra strong-intra-smoothing deblock sao
core,7,1444200636,mt19937,128,128,10,yuv420p,IPB,cqp,36,,frame-threads=1:pools=4:log-level=info:keyint=250:min-keyint=25:bframes=4:b-adapt=2:scenecut=0:qp=36,245760,92784,,0.3775390625,,1809.44,36.9,1,2,7,33.0,36.0,37.71,False,0.2674,47.35,False,12.761239,266.761882,23.8696,88,13.870038,311.282623,23.1993,88,10.570215,178.285596,25.6196,54,10.517065,177.1552,25.6473,58,163ec37fe475ca93c82b34388e3fc8388ac21213d12ccd172d0fc63d851cccca,rd=3 psy-rd=2.00 early-skip rskip mode=1 signhide tmvp b-intra strong-intra-smoothing deblock sao
core,7,1444200636,mt19937,128,128,10,yuv420p,IPB,cqp,40,,frame-threads=1:pools=4:log-level=info:keyint=250:min-keyint=25:bframes=4:b-adapt=2:scenecut=0:qp=40,245760,70019,,0.28490804036458334,,1354.14,40.9,1,2,7,37.0,40.0,41.71,False,0.217,58.68,False,19.09255,613.76532,20.2508,138,21.987775,780.508197,19.207,138,13.340625,281.503516,23.636,67,13.263574,279.055615,23.6739,68,163ec37fe475ca93c82b34388e3fc8388ac21213d12ccd172d0fc63d851cccca,rd=3 psy-rd=2.00 early-skip rskip mode=1 signhide tmvp b-intra strong-intra-smoothing deblock sao
core,7,1444200636,mt19937,128,128,10,yuv420p,IPB,cqp,44,,frame-threads=1:pools=4:log-level=info:keyint=250:min-keyint=25:bframes=4:b-adapt=2:scenecut=0:qp=44,245760,48181,,0.19604899088541666,,917.38,44.9,1,2,7,41.0,44.0,45.71,False,0.235,56.81,False,29.324906,1467.456767,16.4652,189,34.834082,1934.056189,15.2661,189,18.240454,530.0552,20.8876,108,18.372656,538.460645,20.8193,106,163ec37fe475ca93c82b34388e3fc8388ac21213d12ccd172d0fc63d851cccca,rd=3 psy-rd=2.00 early-skip rskip mode=1 signhide tmvp b-intra strong-intra-smoothing deblock sao
core,7,1444200636,mt19937,128,128,10,yuv420p,IPB,cqp,48,,frame-threads=1:pools=4:log-level=info:keyint=250:min-keyint=25:bframes=4:b-adapt=2:scenecut=0:qp=48,245760,17526,,0.0713134765625,,304.28,48.9,1,2,7,45.0,48.0,49.71,False,0.1248,127.93,False,53.020447,4335.323621,11.7606,236,53.828064,4343.294592,11.7526,236,51.516821,4343.124146,11.7528,223,51.293604,4295.639209,11.8005,214,163ec37fe475ca93c82b34388e3fc8388ac21213d12ccd172d0fc63d851cccca,rd=3 psy-rd=2.00 early-skip rskip mode=1 signhide tmvp b-intra strong-intra-smoothing deblock sao
core,7,1444200636,mt19937,128,128,10,yuv420p,IPB,cqp,51,,frame-threads=1:pools=4:log-level=info:keyint=250:min-keyint=25:bframes=4:b-adapt=2:scenecut=0:qp=51,245760,6944,,0.028255208333333334,,92.64,51.9,1,2,7,48.0,51.0,52.71,False,0.0848,258.14,False,63.472156,5829.373376,10.4746,244,63.999493,5841.314557,10.4657,244,62.28252,5796.993359,10.4988,226,62.552441,5813.988672,10.4861,233,163ec37fe475ca93c82b34388e3fc8388ac21213d12ccd172d0fc63d851cccca,rd=3 psy-rd=2.00 early-skip rskip mode=1 signhide tmvp b-intra strong-intra-smoothing deblock sao
core,8,1063594005,mt19937,128,128,10,yuv420p,IPB,lossless,,,frame-threads=1:pools=4:log-level=info:keyint=250:min-keyint=25:bframes=4:b-adapt=2:scenecut=0:lossless=1,245760,330542,331495,1.3449788411458334,1.3488566080729167,6564.68,4.0,1,2,7,4.0,4.0,4.0,True,0.2362,55.51,True,0.0,0.0,inf,0,0.0,0.0,inf,0,0.0,0.0,inf,0,0.0,0.0,inf,0,3d3151cd2cbf4c3406982cdfa36070ae6ee2ffa30274bed108cdb66bae650fdd,rd=3 psy-rd=2.00 early-skip rskip mode=1 signhide tmvp b-intra strong-intra-smoothing deblock sao
core,8,1063594005,mt19937,128,128,10,yuv420p,IPB,cqp,0,,frame-threads=1:pools=4:log-level=info:keyint=250:min-keyint=25:bframes=4:b-adapt=2:scenecut=0:qp=0,245760,368755,,1.5004679361979167,,7329.4,0.0,1,2,7,0.0,0.0,0.0,False,0.1737,79.87,False,0.120626,0.120634,57.3161,2,0.14292,0.142932,56.5795,2,0.075415,0.075415,59.3562,1,0.07666,0.07666,59.2851,1,3d3151cd2cbf4c3406982cdfa36070ae6ee2ffa30274bed108cdb66bae650fdd,rd=3 psy-rd=2.00 early-skip rskip mode=1 signhide tmvp b-intra strong-intra-smoothing deblock sao
core,8,1063594005,mt19937,128,128,10,yuv420p,IPB,cqp,4,,frame-threads=1:pools=4:log-level=info:keyint=250:min-keyint=25:bframes=4:b-adapt=2:scenecut=0:qp=4,245760,313486,,1.2755777994791666,,6223.5,4.9,1,2,7,1.0,4.0,5.71,False,0.2132,62.98,False,0.310909,0.318079,53.1055,2,0.323041,0.3315,52.926,2,0.286841,0.291675,53.4818,2,0.28645,0.290796,53.4949,2,3d3151cd2cbf4c3406982cdfa36070ae6ee2ffa30274bed108cdb66bae650fdd,rd=3 psy-rd=2.00 early-skip rskip mode=1 signhide tmvp b-intra strong-intra-smoothing deblock sao
core,8,1063594005,mt19937,128,128,10,yuv420p,IPB,cqp,8,,frame-threads=1:pools=4:log-level=info:keyint=250:min-keyint=25:bframes=4:b-adapt=2:scenecut=0:qp=8,245760,273084,,1.111181640625,,5415.46,8.9,1,2,7,5.0,8.0,9.71,False,0.1972,73.43,False,0.533065,0.638175,50.0814,4,0.54303,0.655798,49.9631,4,0.51145,0.59856,50.3597,3,0.514819,0.6073,50.2968,3,3d3151cd2cbf4c3406982cdfa36070ae6ee2ffa30274bed108cdb66bae650fdd,rd=3 psy-rd=2.00 early-skip rskip mode=1 signhide tmvp b-intra strong-intra-smoothing deblock sao
core,8,1063594005,mt19937,128,128,10,yuv420p,IPB,cqp,10,,frame-threads=1:pools=4:log-level=info:keyint=250:min-keyint=25:bframes=4:b-adapt=2:scenecut=0:qp=10,245760,256446,,1.0434814453125,,5082.68,10.9,1,2,7,7.0,10.0,11.71,False,0.1924,74.77,False,0.680334,0.936454,48.4159,4,0.689362,0.958087,48.3168,4,0.663062,0.896606,48.6048,4,0.661499,0.889771,48.638,4,3d3151cd2cbf4c3406982cdfa36070ae6ee2ffa30274bed108cdb66bae650fdd,rd=3 psy-rd=2.00 early-skip rskip mode=1 signhide tmvp b-intra strong-intra-smoothing deblock sao
core,8,1063594005,mt19937,128,128,10,yuv420p,IPB,cqp,12,,frame-threads=1:pools=4:log-level=info:keyint=250:min-keyint=25:bframes=4:b-adapt=2:scenecut=0:qp=12,245760,239059,,0.9727335611979167,,4734.94,12.9,1,2,7,9.0,12.0,13.71,False,0.2158,62.04,False,0.889954,1.476949,46.4371,6,0.891986,1.485321,46.4126,6,0.887427,1.467114,46.4662,5,0.884351,1.453296,46.5073,6,3d3151cd2cbf4c3406982cdfa36070ae6ee2ffa30274bed108cdb66bae650fdd,rd=3 psy-rd=2.00 early-skip rskip mode=1 signhide tmvp b-intra strong-intra-smoothing deblock sao
core,8,1063594005,mt19937,128,128,10,yuv420p,IPB,cqp,14,,frame-threads=1:pools=4:log-level=info:keyint=250:min-keyint=25:bframes=4:b-adapt=2:scenecut=0:qp=14,245760,225574,,0.9178629557291667,,4465.24,14.9,1,2,7,11.0,14.0,15.71,False,0.2369,56.18,False,1.139718,2.308264,44.4979,8,1.128406,2.26593,44.5783,7,1.160254,2.383887,44.3579,7,1.164429,2.401978,44.3251,8,3d3151cd2cbf4c3406982cdfa36070ae6ee2ffa30274bed108cdb66bae650fdd,rd=3 psy-rd=2.00 early-skip rskip mode=1 signhide tmvp b-intra strong-intra-smoothing deblock sao
core,8,1063594005,mt19937,128,128,10,yuv420p,IPB,cqp,16,,frame-threads=1:pools=4:log-level=info:keyint=250:min-keyint=25:bframes=4:b-adapt=2:scenecut=0:qp=16,245760,212728,,0.8655924479166667,,4208.32,16.9,1,2,7,13.0,16.0,17.71,False,0.2002,65.81,False,1.428316,3.50623,42.6824,10,1.397589,3.367035,42.8583,8,1.492969,3.798242,42.335,10,1.486572,3.770996,42.3662,8,3d3151cd2cbf4c3406982cdfa36070ae6ee2ffa30274bed108cdb66bae650fdd,rd=3 psy-rd=2.00 early-skip rskip mode=1 signhide tmvp b-intra strong-intra-smoothing deblock sao
core,8,1063594005,mt19937,128,128,10,yuv420p,IPB,cqp,18,,frame-threads=1:pools=4:log-level=info:keyint=250:min-keyint=25:bframes=4:b-adapt=2:scenecut=0:qp=18,245760,198243,,0.80665283203125,,3918.62,18.9,1,2,7,15.0,18.0,19.71,False,0.2594,47.24,False,1.790889,5.418656,40.7919,12,1.762354,5.262061,40.9192,11,1.844922,5.727783,40.5509,10,1.851001,5.735913,40.5448,12,3d3151cd2cbf4c3406982cdfa36070ae6ee2ffa30274bed108cdb66bae650fdd,rd=3 psy-rd=2.00 early-skip rskip mode=1 signhide tmvp b-intra strong-intra-smoothing deblock sao
core,8,1063594005,mt19937,128,128,10,yuv420p,IPB,cqp,20,,frame-threads=1:pools=4:log-level=info:keyint=250:min-keyint=25:bframes=4:b-adapt=2:scenecut=0:qp=20,245760,185198,,0.7535725911458333,,3657.72,20.9,1,2,7,17.0,20.0,21.71,False,0.2125,60.47,False,2.252006,8.414001,38.8808,14,2.211932,8.165363,39.011,13,2.344678,8.98623,38.595,13,2.319629,8.836328,38.6681,14,3d3151cd2cbf4c3406982cdfa36070ae6ee2ffa30274bed108cdb66bae650fdd,rd=3 psy-rd=2.00 early-skip rskip mode=1 signhide tmvp b-intra strong-intra-smoothing deblock sao
core,8,1063594005,mt19937,128,128,10,yuv420p,IPB,cqp,24,,frame-threads=1:pools=4:log-level=info:keyint=250:min-keyint=25:bframes=4:b-adapt=2:scenecut=0:qp=24,245760,159198,,0.6477783203125,,3137.72,24.9,1,2,7,21.0,24.0,25.71,False,0.289,43.63,False,3.572896,20.946773,34.9196,24,3.53429,20.500647,35.0131,24,3.645581,21.83562,34.7391,22,3.654639,21.842432,34.7378,21,3d3151cd2cbf4c3406982cdfa36070ae6ee2ffa30274bed108cdb66bae650fdd,rd=3 psy-rd=2.00 early-skip rskip mode=1 signhide tmvp b-intra strong-intra-smoothing deblock sao
core,8,1063594005,mt19937,128,128,10,yuv420p,IPB,cqp,28,,frame-threads=1:pools=4:log-level=info:keyint=250:min-keyint=25:bframes=4:b-adapt=2:scenecut=0:qp=28,245760,136342,,0.5547770182291667,,2680.6,28.9,1,2,7,25.0,28.0,29.71,False,0.2341,56.83,False,5.513489,49.302096,31.2021,33,5.552856,50.156592,31.1275,33,5.427246,47.438672,31.3695,29,5.442261,47.747534,31.3413,33,3d3151cd2cbf4c3406982cdfa36070ae6ee2ffa30274bed108cdb66bae650fdd,rd=3 psy-rd=2.00 early-skip rskip mode=1 signhide tmvp b-intra strong-intra-smoothing deblock sao
core,8,1063594005,mt19937,128,128,10,yuv420p,IPB,cqp,32,,frame-threads=1:pools=4:log-level=info:keyint=250:min-keyint=25:bframes=4:b-adapt=2:scenecut=0:qp=32,245760,114290,,0.4650472005208333,,2239.56,32.9,1,2,7,29.0,32.0,33.71,False,0.233,55.87,False,8.545593,118.504993,27.3934,59,8.774152,124.973749,27.1626,59,8.068311,105.173096,27.9118,51,8.108643,105.961865,27.8793,50,3d3151cd2cbf4c3406982cdfa36070ae6ee2ffa30274bed108cdb66bae650fdd,rd=3 psy-rd=2.00 early-skip rskip mode=1 signhide tmvp b-intra strong-intra-smoothing deblock sao
core,8,1063594005,mt19937,128,128,10,yuv420p,IPB,cqp,36,,frame-threads=1:pools=4:log-level=info:keyint=250:min-keyint=25:bframes=4:b-adapt=2:scenecut=0:qp=36,245760,93710,,0.3813069661458333,,1827.96,36.9,1,2,7,33.0,36.0,37.71,False,0.2155,58.94,False,12.685136,263.7297,23.9192,86,13.740131,306.307953,23.2692,86,10.5823,178.353491,25.618,55,10.567993,178.792896,25.6073,63,3d3151cd2cbf4c3406982cdfa36070ae6ee2ffa30274bed108cdb66bae650fdd,rd=3 psy-rd=2.00 early-skip rskip mode=1 signhide tmvp b-intra strong-intra-smoothing deblock sao
core,8,1063594005,mt19937,128,128,10,yuv420p,IPB,cqp,40,,frame-threads=1:pools=4:log-level=info:keyint=250:min-keyint=25:bframes=4:b-adapt=2:scenecut=0:qp=40,245760,70498,,0.2868570963541667,,1363.72,40.9,1,2,7,37.0,40.0,41.71,False,0.2284,57.86,False,19.1151,614.700777,20.2442,136,21.99212,780.713507,19.2059,136,13.347681,282.386499,23.6224,71,13.374438,282.964136,23.6135,73,3d3151cd2cbf4c3406982cdfa36070ae6ee2ffa30274bed108cdb66bae650fdd,rd=3 psy-rd=2.00 early-skip rskip mode=1 signhide tmvp b-intra strong-intra-smoothing deblock sao
core,8,1063594005,mt19937,128,128,10,yuv420p,IPB,cqp,44,,frame-threads=1:pools=4:log-level=info:keyint=250:min-keyint=25:bframes=4:b-adapt=2:scenecut=0:qp=44,245760,48021,,0.19539794921875,,914.18,44.9,1,2,7,41.0,44.0,45.71,False,0.2058,64.93,False,29.360579,1470.234725,16.4569,203,34.881635,1937.45235,15.2585,203,18.329102,535.690137,20.8417,103,18.307837,535.908813,20.8399,109,3d3151cd2cbf4c3406982cdfa36070ae6ee2ffa30274bed108cdb66bae650fdd,rd=3 psy-rd=2.00 early-skip rskip mode=1 signhide tmvp b-intra strong-intra-smoothing deblock sao
core,8,1063594005,mt19937,128,128,10,yuv420p,IPB,cqp,48,,frame-threads=1:pools=4:log-level=info:keyint=250:min-keyint=25:bframes=4:b-adapt=2:scenecut=0:qp=48,245760,18339,,0.07462158203125,,320.54,48.9,1,2,7,45.0,48.0,49.71,False,0.1291,128.04,False,52.483403,4251.741663,11.8451,229,52.874084,4214.186963,11.8837,227,51.512622,4294.689233,11.8015,229,51.891455,4359.012891,11.7369,207,3d3151cd2cbf4c3406982cdfa36070ae6ee2ffa30274bed108cdb66bae650fdd,rd=3 psy-rd=2.00 early-skip rskip mode=1 signhide tmvp b-intra strong-intra-smoothing deblock sao
core,8,1063594005,mt19937,128,128,10,yuv420p,IPB,cqp,51,,frame-threads=1:pools=4:log-level=info:keyint=250:min-keyint=25:bframes=4:b-adapt=2:scenecut=0:qp=51,245760,7229,,0.029414876302083334,,98.34,51.9,1,2,7,48.0,51.0,52.71,False,0.0967,277.56,False,63.494792,5851.707153,10.458,248,63.896173,5820.193622,10.4814,239,62.782593,5947.567993,10.3874,248,62.601465,5881.900439,10.4356,245,3d3151cd2cbf4c3406982cdfa36070ae6ee2ffa30274bed108cdb66bae650fdd,rd=3 psy-rd=2.00 early-skip rskip mode=1 signhide tmvp b-intra strong-intra-smoothing deblock sao
core,9,583648487,mt19937,128,128,10,yuv420p,IPB,lossless,,,frame-threads=1:pools=4:log-level=info:keyint=250:min-keyint=25:bframes=4:b-adapt=2:scenecut=0:lossless=1,245760,329392,330345,1.3402994791666667,1.34417724609375,6541.68,4.0,1,2,7,4.0,4.0,4.0,True,0.1839,74.08,True,0.0,0.0,inf,0,0.0,0.0,inf,0,0.0,0.0,inf,0,0.0,0.0,inf,0,35807fdd904f1fee9d0d69c76dfb9f918b1bb1f635d04fcf7b0951407287ad65,rd=3 psy-rd=2.00 early-skip rskip mode=1 signhide tmvp b-intra strong-intra-smoothing deblock sao
core,9,583648487,mt19937,128,128,10,yuv420p,IPB,cqp,0,,frame-threads=1:pools=4:log-level=info:keyint=250:min-keyint=25:bframes=4:b-adapt=2:scenecut=0:qp=0,245760,368325,,1.49871826171875,,7320.8,0.0,1,2,7,0.0,0.0,0.0,False,0.2285,59.37,False,0.120996,0.121004,57.3028,2,0.143463,0.143463,56.5634,1,0.076147,0.076196,59.3115,2,0.075977,0.075977,59.324,1,35807fdd904f1fee9d0d69c76dfb9f918b1bb1f635d04fcf7b0951407287ad65,rd=3 psy-rd=2.00 early-skip rskip mode=1 signhide tmvp b-intra strong-intra-smoothing deblock sao
core,9,583648487,mt19937,128,128,10,yuv420p,IPB,cqp,4,,frame-threads=1:pools=4:log-level=info:keyint=250:min-keyint=25:bframes=4:b-adapt=2:scenecut=0:qp=4,245760,312891,,1.27315673828125,,6211.6,4.9,1,2,7,1.0,4.0,5.71,False,0.1866,75.27,False,0.310693,0.31779,53.1094,2,0.322827,0.331018,52.9323,2,0.286401,0.290942,53.4927,2,0.28645,0.291724,53.4811,2,35807fdd904f1fee9d0d69c76dfb9f918b1bb1f635d04fcf7b0951407287ad65,rd=3 psy-rd=2.00 early-skip rskip mode=1 signhide tmvp b-intra strong-intra-smoothing deblock sao
core,9,583648487,mt19937,128,128,10,yuv420p,IPB,cqp,8,,frame-threads=1:pools=4:log-level=info:keyint=250:min-keyint=25:bframes=4:b-adapt=2:scenecut=0:qp=8,245760,273458,,1.1127034505208333,,5422.94,8.9,1,2,7,5.0,8.0,9.71,False,0.2109,61.91,False,0.525016,0.623853,50.18,4,0.53653,0.643878,50.0428,4,0.501831,0.584448,50.4633,3,0.502148,0.583154,50.473,3,35807fdd904f1fee9d0d69c76dfb9f918b1bb1f635d04fcf7b0951407287ad65,rd=3 psy-rd=2.00 early-skip rskip mode=1 signhide tmvp b-intra strong-intra-smoothing deblock sao
core,9,583648487,mt19937,128,128,10,yuv420p,IPB,cqp,10,,frame-threads=1:pools=4:log-level=info:keyint=250:min-keyint=25:bframes=4:b-adapt=2:scenecut=0:qp=10,245760,255284,,1.0387532552083334,,5059.44,10.9,1,2,7,7.0,10.0,11.71,False,0.2356,54.45,False,0.690214,0.958956,48.3128,5,0.699152,0.981268,48.2129,5,0.673486,0.920947,48.4885,4,0.671191,0.907715,48.5513,4,35807fdd904f1fee9d0d69c76dfb9f918b1bb1f635d04fcf7b0951407287ad65,rd=3 psy-rd=2.00 early-skip rskip mode=1 signhide tmvp b-intra strong-intra-smoothing deblock sao
core,9,583648487,mt19937,128,128,10,yuv420p,IPB,cqp,12,,frame-threads=1:pools=4:log-level=info:keyint=250:min-keyint=25:bframes=4:b-adapt=2:scenecut=0:qp=12,245760,238501,,0.9704630533854167,,4723.78,12.9,1,2,7,9.0,12.0,13.71,False,0.2024,65.52,False,0.891842,1.481018,46.4252,6,0.891888,1.487006,46.4077,6,0.886694,1.453687,46.5061,6,0.896802,1.484399,46.4153,5,35807fdd904f1fee9d0d69c76dfb9f918b1bb1f635d04fcf7b0951407287ad65,rd=3 psy-rd=2.00 early-skip rskip mode=1 signhide tmvp b-intra strong-intra-smoothing deblock sao
core,9,583648487,mt19937,128,128,10,yuv420p,IPB,cqp,14,,frame-threads=1:pools=4:log-level=info:keyint=250:min-keyint=25:bframes=4:b-adapt=2:scenecut=0:qp=14,245760,225514,,0.9176188151041667,,4464.04,14.9,1,2,7,11.0,14.0,15.71,False,0.2465,53.27,False,1.133842,2.291272,44.53,8,1.122894,2.249493,44.61,7,1.159741,2.379028,44.3668,8,1.151733,2.37063,44.3822,7,35807fdd904f1fee9d0d69c76dfb9f918b1bb1f635d04fcf7b0951407287ad65,rd=3 psy-rd=2.00 early-skip rskip mode=1 signhide tmvp b-intra strong-intra-smoothing deblock sao
core,9,583648487,mt19937,128,128,10,yuv420p,IPB,cqp,16,,frame-threads=1:pools=4:log-level=info:keyint=250:min-keyint=25:bframes=4:b-adapt=2:scenecut=0:qp=16,245760,211825,,0.8619181315104166,,4190.26,16.9,1,2,7,13.0,16.0,17.71,False,0.2039,63.68,False,1.43099,3.525602,42.6585,10,1.401917,3.390466,42.8282,9,1.475903,3.73894,42.4033,10,1.502368,3.852808,42.273,8,35807fdd904f1fee9d0d69c76dfb9f918b1bb1f635d04fcf7b0951407287ad65,rd=3 psy-rd=2.00 early-skip rskip mode=1 signhide tmvp b-intra strong-intra-smoothing deblock sao
core,9,583648487,mt19937,128,128,10,yuv420p,IPB,cqp,18,,frame-threads=1:pools=4:log-level=info:keyint=250:min-keyint=25:bframes=4:b-adapt=2:scenecut=0:qp=18,245760,199880,,0.8133138020833334,,3951.36,18.9,1,2,7,15.0,18.0,19.71,False,0.2594,49.93,False,1.789185,5.409123,40.7995,13,1.763751,5.271771,40.9112,13,1.832007,5.649634,40.6106,10,1.848096,5.718018,40.5583,11,35807fdd904f1fee9d0d69c76dfb9f918b1bb1f635d04fcf7b0951407287ad65,rd=3 psy-rd=2.00 early-skip rskip mode=1 signhide tmvp b-intra strong-intra-smoothing deblock sao
core,9,583648487,mt19937,128,128,10,yuv420p,IPB,cqp,20,,frame-threads=1:pools=4:log-level=info:keyint=250:min-keyint=25:bframes=4:b-adapt=2:scenecut=0:qp=20,245760,183894,,0.7482666015625,,3631.64,20.9,1,2,7,17.0,20.0,21.71,False,0.2369,54.79,False,2.263729,8.461239,38.8565,15,2.236359,8.251849,38.9653,14,2.316699,8.85376,38.6595,15,2.320239,8.906274,38.6338,13,35807fdd904f1fee9d0d69c76dfb9f918b1bb1f635d04fcf7b0951407287ad65,rd=3 psy-rd=2.00 early-skip rskip mode=1 signhide tmvp b-intra strong-intra-smoothing deblock sao
core,9,583648487,mt19937,128,128,10,yuv420p,IPB,cqp,24,,frame-threads=1:pools=4:log-level=info:keyint=250:min-keyint=25:bframes=4:b-adapt=2:scenecut=0:qp=24,245760,158752,,0.6459635416666667,,3128.8,24.9,1,2,7,21.0,24.0,25.71,False,0.234,56.46,False,3.578662,20.973926,34.914,23,3.534882,20.488544,35.0157,23,3.657739,21.95354,34.7158,23,3.674707,21.93584,34.7193,20,35807fdd904f1fee9d0d69c76dfb9f918b1bb1f635d04fcf7b0951407287ad65,rd=3 psy-rd=2.00 early-skip rskip mode=1 signhide tmvp b-intra strong-intra-smoothing deblock sao
core,9,583648487,mt19937,128,128,10,yuv420p,IPB,cqp,28,,frame-threads=1:pools=4:log-level=info:keyint=250:min-keyint=25:bframes=4:b-adapt=2:scenecut=0:qp=28,245760,136439,,0.5551717122395833,,2682.54,28.9,1,2,7,25.0,28.0,29.71,False,0.2425,54.23,False,5.513875,49.181698,31.2128,37,5.548291,49.931519,31.1471,37,5.45769,47.855151,31.3315,31,5.432397,47.50896,31.363,30,35807fdd904f1fee9d0d69c76dfb9f918b1bb1f635d04fcf7b0951407287ad65,rd=3 psy-rd=2.00 early-skip rskip mode=1 signhide tmvp b-intra strong-intra-smoothing deblock sao
core,9,583648487,mt19937,128,128,10,yuv420p,IPB,cqp,32,,frame-threads=1:pools=4:log-level=info:keyint=250:min-keyint=25:bframes=4:b-adapt=2:scenecut=0:qp=32,245760,112867,,0.45925699869791664,,2211.1,32.9,1,2,7,29.0,32.0,33.71,False,0.2542,49.19,False,8.569759,118.88877,27.3794,56,8.792163,125.365808,27.149,56,8.098242,105.294922,27.9067,46,8.15166,106.574463,27.8543,47,35807fdd904f1fee9d0d69c76dfb9f918b1bb1f635d04fcf7b0951407287ad65,rd=3 psy-rd=2.00 early-skip rskip mode=1 signhide tmvp b-intra strong-intra-smoothing deblock sao
core,9,583648487,mt19937,128,128,10,yuv420p,IPB,cqp,36,,frame-threads=1:pools=4:log-level=info:keyint=250:min-keyint=25:bframes=4:b-adapt=2:scenecut=0:qp=36,245760,93218,,0.37930501302083336,,1818.12,36.9,1,2,7,33.0,36.0,37.71,False,0.2535,48.54,False,12.735388,265.660185,23.8875,83,13.788116,308.679401,23.2357,83,10.609473,179.238623,25.5965,58,10.650391,180.004883,25.578,56,35807fdd904f1fee9d0d69c76dfb9f918b1bb1f635d04fcf7b0951407287ad65,rd=3 psy-rd=2.00 early-skip rskip mode=1 signhide tmvp b-intra strong-intra-smoothing deblock sao
core,9,583648487,mt19937,128,128,10,yuv420p,IPB,cqp,40,,frame-threads=1:pools=4:log-level=info:keyint=250:min-keyint=25:bframes=4:b-adapt=2:scenecut=0:qp=40,245760,70172,,0.2855305989583333,,1357.2,40.9,1,2,7,37.0,40.0,41.71,False,0.2553,48.47,False,19.062638,611.050708,20.27,133,21.925079,775.53161,19.2348,133,13.378491,283.85188,23.5999,72,13.297021,280.325928,23.6542,71,35807fdd904f1fee9d0d69c76dfb9f918b1bb1f635d04fcf7b0951407287ad65,rd=3 psy-rd=2.00 early-skip rskip mode=1 signhide tmvp b-intra strong-intra-smoothing deblock sao
core,9,583648487,mt19937,128,128,10,yuv420p,IPB,cqp,44,,frame-threads=1:pools=4:log-level=info:keyint=250:min-keyint=25:bframes=4:b-adapt=2:scenecut=0:qp=44,245760,47914,,0.19496256510416668,,912.04,44.9,1,2,7,41.0,44.0,45.71,False,0.2152,62.91,False,29.321139,1468.950509,16.4607,187,34.864087,1937.276428,15.2589,187,18.218188,532.401636,20.8684,107,18.252295,532.195703,20.8701,107,35807fdd904f1fee9d0d69c76dfb9f918b1bb1f635d04fcf7b0951407287ad65,rd=3 psy-rd=2.00 early-skip rskip mode=1 signhide tmvp b-intra strong-intra-smoothing deblock sao
core,9,583648487,mt19937,128,128,10,yuv420p,IPB,cqp,48,,frame-threads=1:pools=4:log-level=info:keyint=250:min-keyint=25:bframes=4:b-adapt=2:scenecut=0:qp=48,245760,17621,,0.07170003255208333,,306.18,48.9,1,2,7,45.0,48.0,49.71,False,0.1152,145.87,False,52.939058,4313.778544,11.7822,233,53.408936,4284.90188,11.8114,227,52.337842,4416.458447,11.6801,201,51.660767,4326.605298,11.7693,233,35807fdd904f1fee9d0d69c76dfb9f918b1bb1f635d04fcf7b0951407287ad65,rd=3 psy-rd=2.00 early-skip rskip mode=1 signhide tmvp b-intra strong-intra-smoothing deblock sao
core,9,583648487,mt19937,128,128,10,yuv420p,IPB,cqp,51,,frame-threads=1:pools=4:log-level=info:keyint=250:min-keyint=25:bframes=4:b-adapt=2:scenecut=0:qp=51,245760,7083,,0.02882080078125,,95.42,51.9,1,2,7,48.0,51.0,52.71,False,0.0753,363.44,False,62.999532,5728.198197,10.5506,245,63.524811,5723.731342,10.554,245,61.88667,5730.986816,10.5485,241,62.011279,5743.277002,10.5392,242,35807fdd904f1fee9d0d69c76dfb9f918b1bb1f635d04fcf7b0951407287ad65,rd=3 psy-rd=2.00 early-skip rskip mode=1 signhide tmvp b-intra strong-intra-smoothing deblock sao
core,10,203041856,mt19937,128,128,10,yuv420p,IPB,lossless,,,frame-threads=1:pools=4:log-level=info:keyint=250:min-keyint=25:bframes=4:b-adapt=2:scenecut=0:lossless=1,245760,329690,330643,1.3415120442708333,1.3453898111979166,6547.64,4.0,1,2,7,4.0,4.0,4.0,True,0.212,65.21,True,0.0,0.0,inf,0,0.0,0.0,inf,0,0.0,0.0,inf,0,0.0,0.0,inf,0,79029c6f8fde88badab371cfaa057a1cb174d9c2aec95ef1a79ed3c05d6ebf25,rd=3 psy-rd=2.00 early-skip rskip mode=1 signhide tmvp b-intra strong-intra-smoothing deblock sao
core,10,203041856,mt19937,128,128,10,yuv420p,IPB,cqp,0,,frame-threads=1:pools=4:log-level=info:keyint=250:min-keyint=25:bframes=4:b-adapt=2:scenecut=0:qp=0,245760,368640,,1.5,,7327.1,0.0,1,2,7,0.0,0.0,0.0,False,0.1726,79.8,False,0.120406,0.120406,57.3243,1,0.142694,0.142694,56.5867,1,0.075171,0.075171,59.3703,1,0.076489,0.076489,59.2948,1,79029c6f8fde88badab371cfaa057a1cb174d9c2aec95ef1a79ed3c05d6ebf25,rd=3 psy-rd=2.00 early-skip rskip mode=1 signhide tmvp b-intra strong-intra-smoothing deblock sao
core,10,203041856,mt19937,128,128,10,yuv420p,IPB,cqp,4,,frame-threads=1:pools=4:log-level=info:keyint=250:min-keyint=25:bframes=4:b-adapt=2:scenecut=0:qp=4,245760,313297,,1.2748087565104167,,6219.72,4.9,1,2,7,1.0,4.0,5.71,False,0.2287,59.05,False,0.312077,0.319222,53.0899,2,0.325842,0.333801,52.8959,2,0.281909,0.287134,53.55,2,0.287183,0.292993,53.4622,2,79029c6f8fde88badab371cfaa057a1cb174d9c2aec95ef1a79ed3c05d6ebf25,rd=3 psy-rd=2.00 early-skip rskip mode=1 signhide tmvp b-intra strong-intra-smoothing deblock sao
core,10,203041856,mt19937,128,128,10,yuv420p,IPB,cqp,8,,frame-threads=1:pools=4:log-level=info:keyint=250:min-keyint=25:bframes=4:b-adapt=2:scenecut=0:qp=8,245760,272735,,1.1097615559895833,,5408.48,8.9,1,2,7,5.0,8.0,9.71,False,0.1959,67.11,False,0.536064,0.644169,50.0408,4,0.545782,0.661517,49.9254,4,0.515332,0.60918,50.2833,3,0.51792,0.609766,50.2792,4,79029c6f8fde88badab371cfaa057a1cb174d9c2aec95ef1a79ed3c05d6ebf25,rd=3 psy-rd=2.00 early-skip rskip mode=1 signhide tmvp b-intra strong-intra-smoothing deblock sao
core,10,203041856,mt19937,128,128,10,yuv420p,IPB,cqp,10,,frame-threads=1:pools=4:log-level=info:keyint=250:min-keyint=25:bframes=4:b-adapt=2:scenecut=0:qp=10,245760,255389,,1.0391805013020834,,5061.54,10.9,1,2,7,7.0,10.0,11.71,False,0.2381,56.69,False,0.690776,0.963,48.2945,5,0.697894,0.982452,48.2077,5,0.672241,0.914575,48.5186,4,0.680835,0.933618,48.4291,4,79029c6f8fde88badab371cfaa057a1cb174d9c2aec95ef1a79ed3c05d6ebf25,rd=3 psy-rd=2.00 early-skip rskip mode=1 signhide tmvp b-intra strong-intra-smoothing deblock sao
core,10,203041856,mt19937,128,128,10,yuv420p,IPB,cqp,12,,frame-threads=1:pools=4:log-level=info:keyint=250:min-keyint=25:bframes=4:b-adapt=2:scenecut=0:qp=12,245760,239574,,0.9748291015625,,4745.24,12.9,1,2,7,9.0,12.0,13.71,False,0.2108,61.23,False,0.880351,1.451892,46.5115,6,0.884985,1.468054,46.4634,6,0.876685,1.435522,46.5607,5,0.865479,1.403613,46.6583,5,79029c6f8fde88badab371cfaa057a1cb174d9c2aec95ef1a79ed3c05d6ebf25,rd=3 psy-rd=2.00 early-skip rskip mode=1 signhide tmvp b-intra strong-intra-smoothing deblock sao
core,10,203041856,mt19937,128,128,10,yuv420p,IPB,cqp,14,,frame-threads=1:pools=4:log-level=info:keyint=250:min-keyint=25:bframes=4:b-adapt=2:scenecut=0:qp=14,245760,225561,,0.91781005859375,,4464.98,14.9,1,2,7,11.0,14.0,15.71,False,0.2441,51.51,False,1.137508,2.30992,44.4948,7,1.123206,2.255664,44.5981,7,1.16355,2.40647,44.317,7,1.168677,2.430396,44.274,7,79029c6f8fde88badab371cfaa057a1cb174d9c2aec95ef1a79ed3c05d6ebf25,rd=3 psy-rd=2.00 early-skip rskip mode=1 signhide tmvp b-intra strong-intra-smoothing deblock sao
core,10,203041856,mt19937,128,128,10,yuv420p,IPB,cqp,16,,frame-threads=1:pools=4:log-level=info:keyint=250:min-keyint=25:bframes=4:b-adapt=2:scenecut=0:qp=16,245760,212138,,0.8631917317708333,,4196.52,16.9,1,2,7,13.0,16.0,17.71,False,0.2193,61.46,False,1.435738,3.551444,42.6268,10,1.408252,3.418176,42.7929,9,1.494434,3.83252,42.296,8,1.486987,3.803442,42.329,10,79029c6f8fde88badab371cfaa057a1cb174d9c2aec95ef1a79ed3c05d6ebf25,rd=3 psy-rd=2.00 early-skip rskip mode=1 signhide tmvp b-intra strong-intra-smoothing deblock sao
core,10,203041856,mt19937,128,128,10,yuv420p,IPB,cqp,18,,frame-threads=1:pools=4:log-level=info:keyint=250:min-keyint=25:bframes=4:b-adapt=2:scenecut=0:qp=18,245760,197700,,0.804443359375,,3907.76,18.9,1,2,7,15.0,18.0,19.71,False,0.2479,51.5,False,1.799642,5.445785,40.7702,12,1.776202,5.312262,40.878,12,1.838745,5.660962,40.6019,10,1.854297,5.764697,40.523,12,79029c6f8fde88badab371cfaa057a1cb174d9c2aec95ef1a79ed3c05d6ebf25,rd=3 psy-rd=2.00 early-skip rskip mode=1 signhide tmvp b-intra strong-intra-smoothing deblock sao
core,10,203041856,mt19937,128,128,10,yuv420p,IPB,cqp,20,,frame-threads=1:pools=4:log-level=info:keyint=250:min-keyint=25:bframes=4:b-adapt=2:scenecut=0:qp=20,245760,184141,,0.7492716471354167,,3636.58,20.9,1,2,7,17.0,20.0,21.71,False,0.2347,54.07,False,2.263249,8.441984,38.8664,15,2.231238,8.22196,38.981,15,2.336401,8.944604,38.6152,12,2.31814,8.819458,38.6764,13,79029c6f8fde88badab371cfaa057a1cb174d9c2aec95ef1a79ed3c05d6ebf25,rd=3 psy-rd=2.00 early-skip rskip mode=1 signhide tmvp b-intra strong-intra-smoothing deblock sao
core,10,203041856,mt19937,128,128,10,yuv420p,IPB,cqp,24,,frame-threads=1:pools=4:log-level=info:keyint=250:min-keyint=25:bframes=4:b-adapt=2:scenecut=0:qp=24,245760,159096,,0.64736328125,,3135.68,24.9,1,2,7,21.0,24.0,25.71,False,0.2712,46.69,False,3.570976,20.931832,34.9227,22,3.520178,20.353357,35.0444,22,3.674902,22.096289,34.6876,21,3.670239,22.081274,34.6906,22,79029c6f8fde88badab371cfaa057a1cb174d9c2aec95ef1a79ed3c05d6ebf25,rd=3 psy-rd=2.00 early-skip rskip mode=1 signhide tmvp b-intra strong-intra-smoothing deblock sao
core,10,203041856,mt19937,128,128,10,yuv420p,IPB,cqp,28,,frame-threads=1:pools=4:log-level=info:keyint=250:min-keyint=25:bframes=4:b-adapt=2:scenecut=0:qp=28,245760,136625,,0.5559285481770834,,2686.26,28.9,1,2,7,25.0,28.0,29.71,False,0.2374,53.88,False,5.490356,48.885783,31.239,35,5.527673,49.727258,31.1649,35,5.40835,47.130469,31.3978,30,5.423096,47.275195,31.3845,28,79029c6f8fde88badab371cfaa057a1cb174d9c2aec95ef1a79ed3c05d6ebf25,rd=3 psy-rd=2.00 early-skip rskip mode=1 signhide tmvp b-intra strong-intra-smoothing deblock sao
core,10,203041856,mt19937,128,128,10,yuv420p,IPB,cqp,32,,frame-threads=1:pools=4:log-level=info:keyint=250:min-keyint=25:bframes=4:b-adapt=2:scenecut=0:qp=32,245760,113161,,0.46045328776041666,,2216.98,32.9,1,2,7,29.0,32.0,33.71,False,0.2589,49.81,False,8.570532,119.207349,27.3678,64,8.783997,125.356421,27.1493,64,8.144702,106.640405,27.8516,53,8.142505,107.178003,27.8297,44,79029c6f8fde88badab371cfaa057a1cb174d9c2aec95ef1a79ed3c05d6ebf25,rd=3 psy-rd=2.00 early-skip rskip mode=1 signhide tmvp b-intra strong-intra-smoothing deblock sao
core,10,203041856,mt19937,128,128,10,yuv420p,IPB,cqp,36,,frame-threads=1:pools=4:log-level=info:keyint=250:min-keyint=25:bframes=4:b-adapt=2:scenecut=0:qp=36,245760,93034,,0.37855631510416665,,1814.44,36.9,1,2,7,33.0,36.0,37.71,False,0.2352,53.15,False,12.730204,265.472668,23.8906,85,13.815753,309.396002,23.2257,85,10.537842,177.504785,25.6387,68,10.580371,177.747217,25.6328,58,79029c6f8fde88badab371cfaa057a1cb174d9c2aec95ef1a79ed3c05d6ebf25,rd=3 psy-rd=2.00 early-skip rskip mode=1 signhide tmvp b-intra strong-intra-smoothing deblock sao
core,10,203041856,mt19937,128,128,10,yuv420p,IPB,cqp,40,,frame-threads=1:pools=4:log-level=info:keyint=250:min-keyint=25:bframes=4:b-adapt=2:scenecut=0:qp=40,245760,70319,,0.28612874348958334,,1360.14,40.9,1,2,7,37.0,40.0,41.71,False,0.256,52.0,False,19.065031,611.014681,20.2703,131,21.940314,775.575995,19.2346,131,13.366724,283.400708,23.6068,71,13.262207,280.383398,23.6533,74,79029c6f8fde88badab371cfaa057a1cb174d9c2aec95ef1a79ed3c05d6ebf25,rd=3 psy-rd=2.00 early-skip rskip mode=1 signhide tmvp b-intra strong-intra-smoothing deblock sao
core,10,203041856,mt19937,128,128,10,yuv420p,IPB,cqp,44,,frame-threads=1:pools=4:log-level=info:keyint=250:min-keyint=25:bframes=4:b-adapt=2:scenecut=0:qp=44,245760,47909,,0.19494222005208334,,911.94,44.9,1,2,7,41.0,44.0,45.71,False,0.2295,55.88,False,29.280929,1462.521855,16.4798,201,34.797552,1927.558905,15.2807,201,18.220068,530.54541,20.8836,104,18.275293,534.350098,20.8525,102,79029c6f8fde88badab371cfaa057a1cb174d9c2aec95ef1a79ed3c05d6ebf25,rd=3 psy-rd=2.00 early-skip rskip mode=1 signhide tmvp b-intra strong-intra-smoothing deblock sao
core,10,203041856,mt19937,128,128,10,yuv420p,IPB,cqp,48,,frame-threads=1:pools=4:log-level=info:keyint=250:min-keyint=25:bframes=4:b-adapt=2:scenecut=0:qp=48,245760,17919,,0.07291259765625,,312.14,48.9,1,2,7,45.0,48.0,49.71,False,0.1361,117.28,False,52.782621,4294.063204,11.8021,246,53.386108,4275.994604,11.8204,246,51.893872,4386.958618,11.7092,217,51.257422,4273.442187,11.823,210,79029c6f8fde88badab371cfaa057a1cb174d9c2aec95ef1a79ed3c05d6ebf25,rd=3 psy-rd=2.00 early-skip rskip mode=1 signhide tmvp b-intra strong-intra-smoothing deblock sao
core,10,203041856,mt19937,128,128,10,yuv420p,IPB,cqp,51,,frame-threads=1:pools=4:log-level=info:keyint=250:min-keyint=25:bframes=4:b-adapt=2:scenecut=0:qp=51,245760,6634,,0.026993815104166666,,86.44,51.9,1,2,7,48.0,51.0,52.71,False,0.0923,356.13,False,64.791174,6133.855172,10.2535,252,64.661322,6001.797125,10.348,252,65.054004,6403.71001,10.0665,247,65.047754,6392.23252,10.0743,249,79029c6f8fde88badab371cfaa057a1cb174d9c2aec95ef1a79ed3c05d6ebf25,rd=3 psy-rd=2.00 early-skip rskip mode=1 signhide tmvp b-intra strong-intra-smoothing deblock sao
core,11,1870579986,mt19937,128,128,10,yuv420p,IPB,lossless,,,frame-threads=1:pools=4:log-level=info:keyint=250:min-keyint=25:bframes=4:b-adapt=2:scenecut=0:lossless=1,245760,329630,330583,1.3412679036458333,1.3451456705729166,6546.44,4.0,1,2,7,4.0,4.0,4.0,True,0.1918,71.49,True,0.0,0.0,inf,0,0.0,0.0,inf,0,0.0,0.0,inf,0,0.0,0.0,inf,0,96fa868cf50eedbf45bcb7ac93b18e21b3b46f419b8c84d7673e2716eb6f216f,rd=3 psy-rd=2.00 early-skip rskip mode=1 signhide tmvp b-intra strong-intra-smoothing deblock sao
core,11,1870579986,mt19937,128,128,10,yuv420p,IPB,cqp,0,,frame-threads=1:pools=4:log-level=info:keyint=250:min-keyint=25:bframes=4:b-adapt=2:scenecut=0:qp=0,245760,368594,,1.4998128255208334,,7326.18,0.0,1,2,7,0.0,0.0,0.0,False,0.2159,62.2,False,0.119942,0.119942,57.3411,1,0.142346,0.142346,56.5973,1,0.074756,0.074756,59.3944,1,0.075513,0.075513,59.3506,1,96fa868cf50eedbf45bcb7ac93b18e21b3b46f419b8c84d7673e2716eb6f216f,rd=3 psy-rd=2.00 early-skip rskip mode=1 signhide tmvp b-intra strong-intra-smoothing deblock sao
core,11,1870579986,mt19937,128,128,10,yuv420p,IPB,cqp,4,,frame-threads=1:pools=4:log-level=info:keyint=250:min-keyint=25:bframes=4:b-adapt=2:scenecut=0:qp=4,245760,313135,,1.2741495768229167,,6216.48,4.9,1,2,7,1.0,4.0,5.71,False,0.1926,75.69,False,0.31189,0.318766,53.0961,3,0.323529,0.331622,52.9244,3,0.289429,0.294067,53.4463,2,0.287793,0.292041,53.4764,2,96fa868cf50eedbf45bcb7ac93b18e21b3b46f419b8c84d7673e2716eb6f216f,rd=3 psy-rd=2.00 early-skip rskip mode=1 signhide tmvp b-intra strong-intra-smoothing deblock sao
core,11,1870579986,mt19937,128,128,10,yuv420p,IPB,cqp,8,,frame-threads=1:pools=4:log-level=info:keyint=250:min-keyint=25:bframes=4:b-adapt=2:scenecut=0:qp=8,245760,272846,,1.1102132161458333,,5410.7,8.9,1,2,7,5.0,8.0,9.71,False,0.2007,65.72,False,0.533516,0.639246,50.0741,4,0.543738,0.657825,49.9497,3,0.512793,0.603516,50.3239,4,0.513354,0.600659,50.3445,4,96fa868cf50eedbf45bcb7ac93b18e21b3b46f419b8c84d7673e2716eb6f216f,rd=3 psy-rd=2.00 early-skip rskip mode=1 signhide tmvp b-intra strong-intra-smoothing deblock sao
core,11,1870579986,mt19937,128,128,10,yuv420p,IPB,cqp,10,,frame-threads=1:pools=4:log-level=info:keyint=250:min-keyint=25:bframes=4:b-adapt=2:scenecut=0:qp=10,245760,254336,,1.0348958333333333,,5040.48,10.9,1,2,7,7.0,10.0,11.71,False,0.1996,67.82,False,0.697058,0.977649,48.229,5,0.703619,0.995465,48.1505,5,0.683252,0.941846,48.391,5,0.684619,0.942187,48.3894,5,96fa868cf50eedbf45bcb7ac93b18e21b3b46f419b8c84d7673e2716eb6f216f,rd=3 psy-rd=2.00 early-skip rskip mode=1 signhide tmvp b-intra strong-intra-smoothing deblock sao
core,11,1870579986,mt19937,128,128,10,yuv420p,IPB,cqp,12,,frame-threads=1:pools=4:log-level=info:keyint=250:min-keyint=25:bframes=4:b-adapt=2:scenecut=0:qp=12,245760,238229,,0.9693562825520833,,4718.34,12.9,1,2,7,9.0,12.0,13.71,False,0.2205,59.12,False,0.89294,1.48573,46.4114,6,0.894226,1.491968,46.3932,6,0.888574,1.468018,46.4635,5,0.892163,1.478491,46.4326,6,96fa868cf50eedbf45bcb7ac93b18e21b3b46f419b8c84d7673e2716eb6f216f,rd=3 psy-rd=2.00 early-skip rskip mode=1 signhide tmvp b-intra strong-intra-smoothing deblock sao
core,11,1870579986,mt19937,128,128,10,yuv420p,IPB,cqp,14,,frame-threads=1:pools=4:log-level=info:keyint=250:min-keyint=25:bframes=4:b-adapt=2:scenecut=0:qp=14,245760,224857,,0.9149454752604167,,4450.9,14.9,1,2,7,11.0,14.0,15.71,False,0.2567,50.13,False,1.138928,2.314368,44.4865,8,1.127917,2.269263,44.572,7,1.162524,2.4177,44.2968,8,1.159375,2.391455,44.3442,7,96fa868cf50eedbf45bcb7ac93b18e21b3b46f419b8c84d7673e2716eb6f216f,rd=3 psy-rd=2.00 early-skip rskip mode=1 signhide tmvp b-intra strong-intra-smoothing deblock sao
core,11,1870579986,mt19937,128,128,10,yuv420p,IPB,cqp,16,,frame-threads=1:pools=4:log-level=info:keyint=250:min-keyint=25:bframes=4:b-adapt=2:scenecut=0:qp=16,245760,211820,,0.8618977864583334,,4190.16,16.9,1,2,7,13.0,16.0,17.71,False,0.204,64.17,False,1.42935,3.516386,42.6698,9,1.394238,3.355444,42.8733,9,1.498779,3.844385,42.2825,9,1.500366,3.832153,42.2964,9,96fa868cf50eedbf45bcb7ac93b18e21b3b46f419b8c84d7673e2716eb6f216f,rd=3 psy-rd=2.00 early-skip rskip mode=1 signhide tmvp b-intra strong-intra-smoothing deblock sao
core,11,1870579986,mt19937,128,128,10,yuv420p,IPB,cqp,18,,frame-threads=1:pools=4:log-level=info:keyint=250:min-keyint=25:bframes=4:b-adapt=2:scenecut=0:qp=18,245760,198210,,0.8065185546875,,3917.96,18.9,1,2,7,15.0,18.0,19.71,False,0.2279,58.81,False,1.796147,5.441516,40.7736,11,1.768719,5.298236,40.8895,11,1.847119,5.713672,40.5617,10,1.854883,5.74248,40.5398,10,96fa868cf50eedbf45bcb7ac93b18e21b3b46f419b8c84d7673e2716eb6f216f,rd=3 psy-rd=2.00 early-skip rskip mode=1 signhide tmvp b-intra strong-intra-smoothing deblock sao
core,11,1870579986,mt19937,128,128,10,yuv420p,IPB,cqp,20,,frame-threads=1:pools=4:log-level=info:keyint=250:min-keyint=25:bframes=4:b-adapt=2:scenecut=0:qp=20,245760,185850,,0.7562255859375,,3670.76,20.9,1,2,7,17.0,20.0,21.71,False,0.2151,60.1,False,2.238977,8.338375,38.92,15,2.20274,8.118866,39.0358,13,2.319775,8.821387,38.6754,15,2.303125,8.733398,38.719,14,96fa868cf50eedbf45bcb7ac93b18e21b3b46f419b8c84d7673e2716eb6f216f,rd=3 psy-rd=2.00 early-skip rskip mode=1 signhide tmvp b-intra strong-intra-smoothing deblock sao
core,11,1870579986,mt19937,128,128,10,yuv420p,IPB,cqp,24,,frame-threads=1:pools=4:log-level=info:keyint=250:min-keyint=25:bframes=4:b-adapt=2:scenecut=0:qp=24,245760,159872,,0.6505208333333333,,3151.2,24.9,1,2,7,21.0,24.0,25.71,False,0.2572,49.63,False,3.562769,20.779663,34.9544,25,3.521155,20.27373,35.0615,25,3.652295,21.83667,34.7389,21,3.639697,21.746387,34.7569,23,96fa868cf50eedbf45bcb7ac93b18e21b3b46f419b8c84d7673e2716eb6f216f,rd=3 psy-rd=2.00 early-skip rskip mode=1 signhide tmvp b-intra strong-intra-smoothing deblock sao
core,11,1870579986,mt19937,128,128,10,yuv420p,IPB,cqp,28,,frame-threads=1:pools=4:log-level=info:keyint=250:min-keyint=25:bframes=4:b-adapt=2:scenecut=0:qp=28,245760,136105,,0.5538126627604166,,2675.86,28.9,1,2,7,25.0,28.0,29.71,False,0.2541,50.92,False,5.506169,49.198665,31.2113,34,5.540778,49.924347,31.1477,34,5.447632,47.984985,31.3197,32,5.42627,47.509619,31.363,31,96fa868cf50eedbf45bcb7ac93b18e21b3b46f419b8c84d7673e2716eb6f216f,rd=3 psy-rd=2.00 early-skip rskip mode=1 signhide tmvp b-intra strong-intra-smoothing deblock sao
core,11,1870579986,mt19937,128,128,10,yuv420p,IPB,cqp,32,,frame-threads=1:pools=4:log-level=info:keyint=250:min-keyint=25:bframes=4:b-adapt=2:scenecut=0:qp=32,245760,113075,,0.4601033528645833,,2215.26,32.9,1,2,7,29.0,32.0,33.71,False,0.2518,49.03,False,8.580469,119.154565,27.3697,53,8.806622,125.53255,27.1432,53,8.106079,105.957642,27.8795,44,8.150244,106.839551,27.8435,46,96fa868cf50eedbf45bcb7ac93b18e21b3b46f419b8c84d7673e2716eb6f216f,rd=3 psy-rd=2.00 early-skip rskip mode=1 signhide tmvp b-intra strong-intra-smoothing deblock sao
core,11,1870579986,mt19937,128,128,10,yuv420p,IPB,cqp,36,,frame-threads=1:pools=4:log-level=info:keyint=250:min-keyint=25:bframes=4:b-adapt=2:scenecut=0:qp=36,245760,92758,,0.3774332682291667,,1808.92,36.9,1,2,7,33.0,36.0,37.71,False,0.2255,59.48,False,12.753552,266.592273,23.8723,85,13.825226,310.221759,23.2141,85,10.609058,178.755542,25.6082,57,10.611353,179.91106,25.5802,62,96fa868cf50eedbf45bcb7ac93b18e21b3b46f419b8c84d7673e2716eb6f216f,rd=3 psy-rd=2.00 early-skip rskip mode=1 signhide tmvp b-intra strong-intra-smoothing deblock sao
core,11,1870579986,mt19937,128,128,10,yuv420p,IPB,cqp,40,,frame-threads=1:pools=4:log-level=info:keyint=250:min-keyint=25:bframes=4:b-adapt=2:scenecut=0:qp=40,245760,70195,,0.2856241861979167,,1357.66,40.9,1,2,7,37.0,40.0,41.71,False,0.2243,57.61,False,19.120166,613.780477,20.2507,134,21.992468,778.888098,19.2161,134,13.38645,284.519653,23.5897,78,13.364673,282.610815,23.6189,70,96fa868cf50eedbf45bcb7ac93b18e21b3b46f419b8c84d7673e2716eb6f216f,rd=3 psy-rd=2.00 early-skip rskip mode=1 signhide tmvp b-intra strong-intra-smoothing deblock sao
core,11,1870579986,mt19937,128,128,10,yuv420p,IPB,cqp,44,,frame-threads=1:pools=4:log-level=info:keyint=250:min-keyint=25:bframes=4:b-adapt=2:scenecut=0:qp=44,245760,47895,,0.19488525390625,,911.66,44.9,1,2,7,41.0,44.0,45.71,False,0.2055,67.51,False,29.328406,1467.571139,16.4648,207,34.83714,1933.559222,15.2672,207,18.344995,538.509888,20.8189,106,18.27688,532.680054,20.8661,94,96fa868cf50eedbf45bcb7ac93b18e21b3b46f419b8c84d7673e2716eb6f216f,rd=3 psy-rd=2.00 early-skip rskip mode=1 signhide tmvp b-intra strong-intra-smoothing deblock sao
core,11,1870579986,mt19937,128,128,10,yuv420p,IPB,cqp,48,,frame-threads=1:pools=4:log-level=info:keyint=250:min-keyint=25:bframes=4:b-adapt=2:scenecut=0:qp=48,245760,18758,,0.07632649739583333,,328.92,48.9,1,2,7,45.0,48.0,49.71,False,0.1268,143.52,False,51.954045,4196.58221,11.9018,238,53.29422,4275.109589,11.8213,238,49.407324,4054.270996,12.0517,223,49.140063,4024.783911,12.0834,214,96fa868cf50eedbf45bcb7ac93b18e21b3b46f419b8c84d7673e2716eb6f216f,rd=3 psy-rd=2.00 early-skip rskip mode=1 signhide tmvp b-intra strong-intra-smoothing deblock sao
core,11,1870579986,mt19937,128,128,10,yuv420p,IPB,cqp,51,,frame-threads=1:pools=4:log-level=info:keyint=250:min-keyint=25:bframes=4:b-adapt=2:scenecut=0:qp=51,245760,6939,,0.02823486328125,,92.54,51.9,1,2,7,48.0,51.0,52.71,False,0.0877,249.89,False,63.20933,5765.763033,10.5222,248,63.785504,5784.258063,10.5083,248,62.15061,5751.192749,10.5332,245,61.963354,5706.353198,10.5672,239,96fa868cf50eedbf45bcb7ac93b18e21b3b46f419b8c84d7673e2716eb6f216f,rd=3 psy-rd=2.00 early-skip rskip mode=1 signhide tmvp b-intra strong-intra-smoothing deblock sao
core,12,1489973355,mt19937,128,128,10,yuv420p,IPB,lossless,,,frame-threads=1:pools=4:log-level=info:keyint=250:min-keyint=25:bframes=4:b-adapt=2:scenecut=0:lossless=1,245760,329709,330662,1.34158935546875,1.3454671223958334,6548.02,4.0,1,2,7,4.0,4.0,4.0,True,0.2176,60.78,True,0.0,0.0,inf,0,0.0,0.0,inf,0,0.0,0.0,inf,0,0.0,0.0,inf,0,93a23a26e688999e19b337a1ae12f5ef6d41a2b4c835189e1635cf5412e4f42c,rd=3 psy-rd=2.00 early-skip rskip mode=1 signhide tmvp b-intra strong-intra-smoothing deblock sao
core,12,1489973355,mt19937,128,128,10,yuv420p,IPB,cqp,0,,frame-threads=1:pools=4:log-level=info:keyint=250:min-keyint=25:bframes=4:b-adapt=2:scenecut=0:qp=0,245760,368869,,1.5009318033854167,,7331.68,0.0,1,2,7,0.0,0.0,0.0,False,0.1839,75.74,False,0.12054,0.120549,57.3192,2,0.143182,0.143195,56.5715,2,0.075562,0.075562,59.3478,1,0.074951,0.074951,59.383,1,93a23a26e688999e19b337a1ae12f5ef6d41a2b4c835189e1635cf5412e4f42c,rd=3 psy-rd=2.00 early-skip rskip mode=1 signhide tmvp b-intra strong-intra-smoothing deblock sao
core,12,1489973355,mt19937,128,128,10,yuv420p,IPB,cqp,4,,frame-threads=1:pools=4:log-level=info:keyint=250:min-keyint=25:bframes=4:b-adapt=2:scenecut=0:qp=4,245760,313296,,1.2748046875,,6219.7,4.9,1,2,7,1.0,4.0,5.71,False,0.2238,61.73,False,0.312024,0.319381,53.0877,2,0.323468,0.331866,52.9212,2,0.289062,0.294531,53.4395,2,0.289209,0.294287,53.4431,2,93a23a26e688999e19b337a1ae12f5ef6d41a2b4c835189e1635cf5412e4f42c,rd=3 psy-rd=2.00 early-skip rskip mode=1 signhide tmvp b-intra strong-intra-smoothing deblock sao
core,12,1489973355,mt19937,128,128,10,yuv420p,IPB,cqp,8,,frame-threads=1:pools=4:log-level=info:keyint=250:min-keyint=25:bframes=4:b-adapt=2:scenecut=0:qp=8,245760,273349,,1.1122599283854167,,5420.76,8.9,1,2,7,5.0,8.0,9.71,False,0.2175,58.92,False,0.530261,0.632385,50.121,4,0.540784,0.651953,49.9886,4,0.508936,0.590625,50.4177,3,0.509497,0.595874,50.3793,3,93a23a26e688999e19b337a1ae12f5ef6d41a2b4c835189e1635cf5412e4f42c,rd=3 psy-rd=2.00 early-skip rskip mode=1 signhide tmvp b-intra strong-intra-smoothing deblock sao
core,12,1489973355,mt19937,128,128,10,yuv420p,IPB,cqp,10,,frame-threads=1:pools=4:log-level=info:keyint=250:min-keyint=25:bframes=4:b-adapt=2:scenecut=0:qp=10,245760,255754,,1.0406656901041667,,5068.84,10.9,1,2,7,7.0,10.0,11.71,False,0.2251,62.07,False,0.689339,0.959993,48.3081,5,0.698114,0.980646,48.2157,4,0.670117,0.914893,48.5171,4,0.673462,0.922485,48.4812,5,93a23a26e688999e19b337a1ae12f5ef6d41a2b4c835189e1635cf5412e4f42c,rd=3 psy-rd=2.00 early-skip rskip mode=1 signhide tmvp b-intra strong-intra-smoothing deblock sao
core,12,1489973355,mt19937,128,128,10,yuv420p,IPB,cqp,12,,frame-threads=1:pools=4:log-level=info:keyint=250:min-keyint=25:bframes=4:b-adapt=2:scenecut=0:qp=12,245760,239180,,0.9732259114583334,,4737.36,12.9,1,2,7,9.0,12.0,13.71,False,0.2045,64.24,False,0.889054,1.482446,46.421,6,0.891016,1.489917,46.3992,5,0.885107,1.466504,46.468,6,0.885156,1.468506,46.462,6,93a23a26e688999e19b337a1ae12f5ef6d41a2b4c835189e1635cf5412e4f42c,rd=3 psy-rd=2.00 early-skip rskip mode=1 signhide tmvp b-intra strong-intra-smoothing deblock sao
core,12,1489973355,mt19937,128,128,10,yuv420p,IPB,cqp,14,,frame-threads=1:pools=4:log-level=info:keyint=250:min-keyint=25:bframes=4:b-adapt=2:scenecut=0:qp=14,245760,226114,,0.9200602213541667,,4476.04,14.9,1,2,7,11.0,14.0,15.71,False,0.2288,57.72,False,1.130111,2.270785,44.569,8,1.117932,2.223633,44.6602,8,1.160718,2.380054,44.3649,7,1.148218,2.350122,44.4199,7,93a23a26e688999e19b337a1ae12f5ef6d41a2b4c835189e1635cf5412e4f42c,rd=3 psy-rd=2.00 early-skip rskip mode=1 signhide tmvp b-intra strong-intra-smoothing deblock sao
core,12,1489973355,mt19937,128,128,10,yuv420p,IPB,cqp,16,,frame-threads=1:pools=4:log-level=info:keyint=250:min-keyint=25:bframes=4:b-adapt=2:scenecut=0:qp=16,245760,213879,,0.87027587890625,,4231.34,16.9,1,2,7,13.0,16.0,17.71,False,0.2076,63.12,False,1.422465,3.486047,42.7075,9,1.393097,3.353656,42.8756,9,1.483813,3.757837,42.3814,8,1.478589,3.743823,42.3977,9,93a23a26e688999e19b337a1ae12f5ef6d41a2b4c835189e1635cf5412e4f42c,rd=3 psy-rd=2.00 early-skip rskip mode=1 signhide tmvp b-intra strong-intra-smoothing deblock sao
core,12,1489973355,mt19937,128,128,10,yuv420p,IPB,cqp,18,,frame-threads=1:pools=4:log-level=info:keyint=250:min-keyint=25:bframes=4:b-adapt=2:scenecut=0:qp=18,245760,198081,,0.80599365234375,,3915.38,18.9,1,2,7,15.0,18.0,19.71,False,0.2269,55.92,False,1.793286,5.432845,40.7805,11,1.764655,5.274567,40.9089,11,1.859229,5.796924,40.4988,10,1.84187,5.70188,40.5706,10,93a23a26e688999e19b337a1ae12f5ef6d41a2b4c835189e1635cf5412e4f42c,rd=3 psy-rd=2.00 early-skip rskip mode=1 signhide tmvp b-intra strong-intra-smoothing deblock sao
core,12,1489973355,mt19937,128,128,10,yuv420p,IPB,cqp,20,,frame-threads=1:pools=4:log-level=info:keyint=250:min-keyint=25:bframes=4:b-adapt=2:scenecut=0:qp=20,245760,185104,,0.7531901041666667,,3655.84,20.9,1,2,7,17.0,20.0,21.71,False,0.2221,59.55,False,2.251009,8.410433,38.8826,15,2.216504,8.196899,38.9943,15,2.319702,8.807397,38.6823,12,2.320337,8.867603,38.6527,12,93a23a26e688999e19b337a1ae12f5ef6d41a2b4c835189e1635cf5412e4f42c,rd=3 psy-rd=2.00 early-skip rskip mode=1 signhide tmvp b-intra strong-intra-smoothing deblock sao
core,12,1489973355,mt19937,128,128,10,yuv420p,IPB,cqp,24,,frame-threads=1:pools=4:log-level=info:keyint=250:min-keyint=25:bframes=4:b-adapt=2:scenecut=0:qp=24,245760,159463,,0.6488566080729167,,3143.02,24.9,1,2,7,21.0,24.0,25.71,False,0.2358,53.67,False,3.569145,20.896098,34.9302,23,3.523877,20.378735,35.039,21,3.679248,22.099561,34.687,20,3.640112,21.762085,34.7538,23,93a23a26e688999e19b337a1ae12f5ef6d41a2b4c835189e1635cf5412e4f42c,rd=3 psy-rd=2.00 early-skip rskip mode=1 signhide tmvp b-intra strong-intra-smoothing deblock sao
core,12,1489973355,mt19937,128,128,10,yuv420p,IPB,cqp,28,,frame-threads=1:pools=4:log-level=info:keyint=250:min-keyint=25:bframes=4:b-adapt=2:scenecut=0:qp=28,245760,136256,,0.5544270833333333,,2678.88,28.9,1,2,7,25.0,28.0,29.71,False,0.2668,46.51,False,5.51438,49.291292,31.2031,37,5.556525,50.213239,31.1226,37,5.427515,47.384448,31.3744,28,5.432666,47.510352,31.3629,31,93a23a26e688999e19b337a1ae12f5ef6d41a2b4c835189e1635cf5412e4f42c,rd=3 psy-rd=2.00 early-skip rskip mode=1 signhide tmvp b-intra strong-intra-smoothing deblock sao
core,12,1489973355,mt19937,128,128,10,yuv420p,IPB,cqp,32,,frame-threads=1:pools=4:log-level=info:keyint=250:min-keyint=25:bframes=4:b-adapt=2:scenecut=0:qp=32,245760,113005,,0.4598185221354167,,2213.86,32.9,1,2,7,29.0,32.0,33.71,False,0.2438,50.91,False,8.583911,119.513883,27.3566,54,8.795923,125.746179,27.1359,54,8.133496,106.461523,27.8589,47,8.186279,107.637061,27.8112,45,93a23a26e688999e19b337a1ae12f5ef6d41a2b4c835189e1635cf5412e4f42c,rd=3 psy-rd=2.00 early-skip rskip mode=1 signhide tmvp b-intra strong-intra-smoothing deblock sao
core,12,1489973355,mt19937,128,128,10,yuv420p,IPB,cqp,36,,frame-threads=1:pools=4:log-level=info:keyint=250:min-keyint=25:bframes=4:b-adapt=2:scenecut=0:qp=36,245760,92003,,0.37436116536458336,,1793.82,36.9,1,2,7,33.0,36.0,37.71,False,0.2548,48.77,False,12.874585,271.575358,23.7919,84,13.991815,317.397601,23.1148,84,10.660156,180.650049,25.5624,59,10.620093,179.211694,25.5971,55,93a23a26e688999e19b337a1ae12f5ef6d41a2b4c835189e1635cf5412e4f42c,rd=3 psy-rd=2.00 early-skip rskip mode=1 signhide tmvp b-intra strong-intra-smoothing deblock sao
core,12,1489973355,mt19937,128,128,10,yuv420p,IPB,cqp,40,,frame-threads=1:pools=4:log-level=info:keyint=250:min-keyint=25:bframes=4:b-adapt=2:scenecut=0:qp=40,245760,70302,,0.2860595703125,,1359.8,40.9,1,2,7,37.0,40.0,41.71,False,0.239,53.9,False,19.073857,612.131498,20.2624,131,21.941125,776.498157,19.2294,131,13.343066,283.261084,23.6089,80,13.335571,283.535278,23.6047,73,93a23a26e688999e19b337a1ae12f5ef6d41a2b4c835189e1635cf5412e4f42c,rd=3 psy-rd=2.00 early-skip rskip mode=1 signhide tmvp b-intra strong-intra-smoothing deblock sao
core,12,1489973355,mt19937,128,128,10,yuv420p,IPB,cqp,44,,frame-threads=1:pools=4:log-level=info:keyint=250:min-keyint=25:bframes=4:b-adapt=2:scenecut=0:qp=44,245760,47940,,0.195068359375,,912.56,44.9,1,2,7,41.0,44.0,45.71,False,0.2201,59.15,False,29.369531,1465.848918,16.4699,197,34.87962,1930.729291,15.2736,197,18.310669,535.530542,20.843,101,18.388037,536.645801,20.8339,99,93a23a26e688999e19b337a1ae12f5ef6d41a2b4c835189e1635cf5412e4f42c,rd=3 psy-rd=2.00 early-skip rskip mode=1 signhide tmvp b-intra strong-intra-smoothing deblock sao
core,12,1489973355,mt19937,128,128,10,yuv420p,IPB,cqp,48,,frame-threads=1:pools=4:log-level=info:keyint=250:min-keyint=25:bframes=4:b-adapt=2:scenecut=0:qp=48,245760,17597,,0.07160237630208334,,305.7,48.9,1,2,7,45.0,48.0,49.71,False,0.1298,135.71,False,52.906356,4318.360506,11.7776,236,54.287897,4395.952509,11.7003,236,50.386523,4193.757178,11.9048,214,49.900024,4132.595825,11.9686,215,93a23a26e688999e19b337a1ae12f5ef6d41a2b4c835189e1635cf5412e4f42c,rd=3 psy-rd=2.00 early-skip rskip mode=1 signhide tmvp b-intra strong-intra-smoothing deblock sao
core,12,1489973355,mt19937,128,128,10,yuv420p,IPB,cqp,51,,frame-threads=1:pools=4:log-level=info:keyint=250:min-keyint=25:bframes=4:b-adapt=2:scenecut=0:qp=51,245760,6666,,0.0271240234375,,87.08,51.9,1,2,7,48.0,51.0,52.71,False,0.0875,289.4,False,63.521179,5803.926737,10.4936,252,63.797083,5793.024268,10.5018,252,62.856055,5813.545654,10.4864,244,63.08269,5837.9177,10.4682,252,93a23a26e688999e19b337a1ae12f5ef6d41a2b4c835189e1635cf5412e4f42c,rd=3 psy-rd=2.00 early-skip rskip mode=1 signhide tmvp b-intra strong-intra-smoothing deblock sao
core,13,1010027837,mt19937,128,128,10,yuv420p,IPB,lossless,,,frame-threads=1:pools=4:log-level=info:keyint=250:min-keyint=25:bframes=4:b-adapt=2:scenecut=0:lossless=1,245760,329694,330647,1.3415283203125,1.3454060872395834,6547.72,4.0,1,2,7,4.0,4.0,4.0,True,0.1872,72.94,True,0.0,0.0,inf,0,0.0,0.0,inf,0,0.0,0.0,inf,0,0.0,0.0,inf,0,876f824f45451ec1a5ba18387d85b7f106a04514d6e98c277c1b9a7a8e2b31a2,rd=3 psy-rd=2.00 early-skip rskip mode=1 signhide tmvp b-intra strong-intra-smoothing deblock sao
core,13,1010027837,mt19937,128,128,10,yuv420p,IPB,cqp,0,,frame-threads=1:pools=4:log-level=info:keyint=250:min-keyint=25:bframes=4:b-adapt=2:scenecut=0:qp=0,245760,368947,,1.5012491861979167,,7333.24,0.0,1,2,7,0.0,0.0,0.0,False,0.1989,70.34,False,0.120105,0.120105,57.3352,1,0.142291,0.142291,56.599,1,0.075,0.075,59.3802,1,0.076465,0.076465,59.2962,1,876f824f45451ec1a5ba18387d85b7f106a04514d6e98c277c1b9a7a8e2b31a2,rd=3 psy-rd=2.00 early-skip rskip mode=1 signhide tmvp b-intra strong-intra-smoothing deblock sao
core,13,1010027837,mt19937,128,128,10,yuv420p,IPB,cqp,4,,frame-threads=1:pools=4:log-level=info:keyint=250:min-keyint=25:bframes=4:b-adapt=2:scenecut=0:qp=4,245760,312895,,1.2731730143229167,,6211.68,4.9,1,2,7,1.0,4.0,5.71,False,0.2077,63.1,False,0.312272,0.319645,53.0841,2,0.32417,0.332898,52.9077,2,0.286328,0.291113,53.4902,2,0.290625,0.295166,53.4301,2,876f824f45451ec1a5ba18387d85b7f106a04514d6e98c277c1b9a7a8e2b31a2,rd=3 psy-rd=2.00 early-skip rskip mode=1 signhide tmvp b-intra strong-intra-smoothing deblock sao
core,13,1010027837,mt19937,128,128,10,yuv420p,IPB,cqp,8,,frame-threads=1:pools=4:log-level=info:keyint=250:min-keyint=25:bframes=4:b-adapt=2:scenecut=0:qp=8,245760,272060,,1.1070149739583333,,5394.98,8.9,1,2,7,5.0,8.0,9.71,False,0.2071,62.68,False,0.539091,0.653162,49.9806,4,0.547198,0.669073,49.8761,4,0.517822,0.612793,50.2577,3,0.52793,0.629883,50.1382,4,876f824f45451ec1a5ba18387d85b7f106a04514d6e98c277c1b9a7a8e2b31a2,rd=3 psy-rd=2.00 early-skip rskip mode=1 signhide tmvp b-intra strong-intra-smoothing deblock sao
core,13,1010027837,mt19937,128,128,10,yuv420p,IPB,cqp,10,,frame-threads=1:pools=4:log-level=info:keyint=250:min-keyint=25:bframes=4:b-adapt=2:scenecut=0:qp=10,245760,255276,,1.038720703125,,5059.28,10.9,1,2,7,7.0,10.0,11.71,False,0.2111,65.13,False,0.68752,0.954366,48.3337,4,0.693774,0.970825,48.2594,4,0.673706,0.920825,48.489,4,0.676318,0.92207,48.4832,4,876f824f45451ec1a5ba18387d85b7f106a04514d6e98c277c1b9a7a8e2b31a2,rd=3 psy-rd=2.00 early-skip rskip mode=1 signhide tmvp b-intra strong-intra-smoothing deblock sao
core,13,1010027837,mt19937,128,128,10,yuv420p,IPB,cqp,12,,frame-threads=1:pools=4:log-level=info:keyint=250:min-keyint=25:bframes=4:b-adapt=2:scenecut=0:qp=12,245760,237938,,0.9681722005208333,,4712.52,12.9,1,2,7,9.0,12.0,13.71,False,0.2192,61.7,False,0.896627,1.498254,46.3749,6,0.89704,1.502264,46.3633,6,0.891919,1.478247,46.4333,6,0.899683,1.502222,46.3635,5,876f824f45451ec1a5ba18387d85b7f106a04514d6e98c277c1b9a7a8e2b31a2,rd=3 psy-rd=2.00 early-skip rskip mode=1 signhide tmvp b-intra strong-intra-smoothing deblock sao
core,13,1010027837,mt19937,128,128,10,yuv420p,IPB,cqp,14,,frame-threads=1:pools=4:log-level=info:keyint=250:min-keyint=25:bframes=4:b-adapt=2:scenecut=0:qp=14,245760,224606,,0.9139241536458333,,4445.88,14.9,1,2,7,11.0,14.0,15.71,False,0.2037,67.38,False,1.143852,2.319682,44.4765,8,1.126709,2.256055,44.5973,8,1.176782,2.448364,44.242,7,1.179492,2.445508,44.2471,7,876f824f45451ec1a5ba18387d85b7f106a04514d6e98c277c1b9a7a8e2b31a2,rd=3 psy-rd=2.00 early-skip rskip mode=1 signhide tmvp b-intra strong-intra-smoothing deblock sao
core,13,1010027837,mt19937,128,128,10,yuv420p,IPB,cqp,16,,frame-threads=1:pools=4:log-level=info:keyint=250:min-keyint=25:bframes=4:b-adapt=2:scenecut=0:qp=16,245760,212266,,0.8637125651041667,,4199.08,16.9,1,2,7,13.0,16.0,17.71,False,0.2018,68.93,False,1.432393,3.535518,42.6463,10,1.399506,3.387604,42.8319,10,1.498511,3.835327,42.2928,8,1.497827,3.827368,42.3018,8,876f824f45451ec1a5ba18387d85b7f106a04514d6e98c277c1b9a7a8e2b31a2,rd=3 psy-rd=2.00 early-skip rskip mode=1 signhide tmvp b-intra strong-intra-smoothing deblock sao
core,13,1010027837,mt19937,128,128,10,yuv420p,IPB,cqp,18,,frame-threads=1:pools=4:log-level=info:keyint=250:min-keyint=25:bframes=4:b-adapt=2:scenecut=0:qp=18,245760,199184,,0.8104817708333333,,3937.44,18.9,1,2,7,15.0,18.0,19.71,False,0.2017,64.76,False,1.783533,5.385632,40.8184,12,1.758649,5.240668,40.9369,12,1.842676,5.72168,40.5556,11,1.823926,5.629443,40.6261,11,876f824f45451ec1a5ba18387d85b7f106a04514d6e98c277c1b9a7a8e2b31a2,rd=3 psy-rd=2.00 early-skip rskip mode=1 signhide tmvp b-intra strong-intra-smoothing deblock sao
core,13,1010027837,mt19937,128,128,10,yuv420p,IPB,cqp,20,,frame-threads=1:pools=4:log-level=info:keyint=250:min-keyint=25:bframes=4:b-adapt=2:scenecut=0:qp=20,245760,186381,,0.75838623046875,,3681.38,20.9,1,2,7,17.0,20.0,21.71,False,0.205,63.12,False,2.235494,8.307117,38.9363,14,2.204071,8.111102,39.04,14,2.296948,8.679028,38.7461,12,2.299731,8.719263,38.726,12,876f824f45451ec1a5ba18387d85b7f106a04514d6e98c277c1b9a7a8e2b31a2,rd=3 psy-rd=2.00 early-skip rskip mode=1 signhide tmvp b-intra strong-intra-smoothing deblock sao
core,13,1010027837,mt19937,128,128,10,yuv420p,IPB,cqp,24,,frame-threads=1:pools=4:log-level=info:keyint=250:min-keyint=25:bframes=4:b-adapt=2:scenecut=0:qp=24,245760,159326,,0.6482991536458333,,3140.28,24.9,1,2,7,21.0,24.0,25.71,False,0.2444,51.29,False,3.571818,20.925732,34.924,23,3.531628,20.468018,35.02,23,3.64668,21.733887,34.7594,23,3.657715,21.948438,34.7168,22,876f824f45451ec1a5ba18387d85b7f106a04514d6e98c277c1b9a7a8e2b31a2,rd=3 psy-rd=2.00 early-skip rskip mode=1 signhide tmvp b-intra strong-intra-smoothing deblock sao
core,13,1010027837,mt19937,128,128,10,yuv420p,IPB,cqp,28,,frame-threads=1:pools=4:log-level=info:keyint=250:min-keyint=25:bframes=4:b-adapt=2:scenecut=0:qp=28,245760,136083,,0.55372314453125,,2675.42,28.9,1,2,7,25.0,28.0,29.71,False,0.2643,47.27,False,5.51051,49.251119,31.2066,34,5.55686,50.203015,31.1235,34,5.415747,47.327222,31.3797,30,5.419873,47.367432,31.376,30,876f824f45451ec1a5ba18387d85b7f106a04514d6e98c277c1b9a7a8e2b31a2,rd=3 psy-rd=2.00 early-skip rskip mode=1 signhide tmvp b-intra strong-intra-smoothing deblock sao
core,13,1010027837,mt19937,128,128,10,yuv420p,IPB,cqp,32,,frame-threads=1:pools=4:log-level=info:keyint=250:min-keyint=25:bframes=4:b-adapt=2:scenecut=0:qp=32,245760,113743,,0.4628214518229167,,2228.62,32.9,1,2,7,29.0,32.0,33.71,False,0.2448,53.05,False,8.547058,118.253992,27.4026,56,8.751508,124.299689,27.1861,56,8.147583,106.384009,27.862,45,8.128735,105.941187,27.8802,46,876f824f45451ec1a5ba18387d85b7f106a04514d6e98c277c1b9a7a8e2b31a2,rd=3 psy-rd=2.00 early-skip rskip mode=1 signhide tmvp b-intra strong-intra-smoothing deblock sao
core,13,1010027837,mt19937,128,128,10,yuv420p,IPB,cqp,36,,frame-threads=1:pools=4:log-level=info:keyint=250:min-keyint=25:bframes=4:b-adapt=2:scenecut=0:qp=36,245760,92833,,0.3777384440104167,,1810.42,36.9,1,2,7,33.0,36.0,37.71,False,0.2422,52.37,False,12.741451,266.111886,23.8802,86,13.836865,310.311243,23.2128,86,10.565894,177.824536,25.6309,61,10.535352,177.601807,25.6363,60,876f824f45451ec1a5ba18387d85b7f106a04514d6e98c277c1b9a7a8e2b31a2,rd=3 psy-rd=2.00 early-skip rskip mode=1 signhide tmvp b-intra strong-intra-smoothing deblock sao
core,13,1010027837,mt19937,128,128,10,yuv420p,IPB,cqp,40,,frame-threads=1:pools=4:log-level=info:keyint=250:min-keyint=25:bframes=4:b-adapt=2:scenecut=0:qp=40,245760,70921,,0.28857828776041666,,1372.18,40.9,1,2,7,37.0,40.0,41.71,False,0.2287,55.51,False,19.012301,608.158761,20.2906,139,21.86778,771.454352,19.2577,139,13.274048,280.973022,23.6442,75,13.328638,282.162134,23.6258,78,876f824f45451ec1a5ba18387d85b7f106a04514d6e98c277c1b9a7a8e2b31a2,rd=3 psy-rd=2.00 early-skip rskip mode=1 signhide tmvp b-intra strong-intra-smoothing deblock sao
core,13,1010027837,mt19937,128,128,10,yuv420p,IPB,cqp,44,,frame-threads=1:pools=4:log-level=info:keyint=250:min-keyint=25:bframes=4:b-adapt=2:scenecut=0:qp=44,245760,47825,,0.19460042317708334,,910.26,44.9,1,2,7,41.0,44.0,45.71,False,0.2216,58.74,False,29.370333,1472.802299,16.4494,207,34.915558,1943.457635,15.2451,207,18.285083,532.65354,20.8664,108,18.274683,530.329712,20.8853,98,876f824f45451ec1a5ba18387d85b7f106a04514d6e98c277c1b9a7a8e2b31a2,rd=3 psy-rd=2.00 early-skip rskip mode=1 signhide tmvp b-intra strong-intra-smoothing deblock sao
core,13,1010027837,mt19937,128,128,10,yuv420p,IPB,cqp,48,,frame-threads=1:pools=4:log-level=info:keyint=250:min-keyint=25:bframes=4:b-adapt=2:scenecut=0:qp=48,245760,18945,,0.07708740234375,,332.66,48.9,1,2,7,45.0,48.0,49.71,False,0.1425,119.3,False,51.784526,4164.53245,11.9351,248,53.235083,4251.131177,11.8458,248,49.014111,3993.493408,12.1173,225,48.75271,3989.176587,12.122,213,876f824f45451ec1a5ba18387d85b7f106a04514d6e98c277c1b9a7a8e2b31a2,rd=3 psy-rd=2.00 early-skip rskip mode=1 signhide tmvp b-intra strong-intra-smoothing deblock sao
core,13,1010027837,mt19937,128,128,10,yuv420p,IPB,cqp,51,,frame-threads=1:pools=4:log-level=info:keyint=250:min-keyint=25:bframes=4:b-adapt=2:scenecut=0:qp=51,245760,7005,,0.02850341796875,,93.86,51.9,1,2,7,48.0,51.0,52.71,False,0.0736,371.29,False,63.622262,5873.395544,10.4419,250,64.181165,5878.535962,10.4381,250,62.437158,5857.434326,10.4537,246,62.571753,5868.795093,10.4453,246,876f824f45451ec1a5ba18387d85b7f106a04514d6e98c277c1b9a7a8e2b31a2,rd=3 psy-rd=2.00 early-skip rskip mode=1 signhide tmvp b-intra strong-intra-smoothing deblock sao
core,14,629421206,mt19937,128,128,10,yuv420p,IPB,lossless,,,frame-threads=1:pools=4:log-level=info:keyint=250:min-keyint=25:bframes=4:b-adapt=2:scenecut=0:lossless=1,245760,329575,330528,1.3410441080729167,1.344921875,6545.34,4.0,1,2,7,4.0,4.0,4.0,True,0.2039,66.8,True,0.0,0.0,inf,0,0.0,0.0,inf,0,0.0,0.0,inf,0,0.0,0.0,inf,0,bf008b74fad722f414ffa0f0feb99ebf856cf41c2cc00c4587ecbdb228a25e89,rd=3 psy-rd=2.00 early-skip rskip mode=1 signhide tmvp b-intra strong-intra-smoothing deblock sao
core,14,629421206,mt19937,128,128,10,yuv420p,IPB,cqp,0,,frame-threads=1:pools=4:log-level=info:keyint=250:min-keyint=25:bframes=4:b-adapt=2:scenecut=0:qp=0,245760,368614,,1.4998942057291667,,7326.58,0.0,1,2,7,0.0,0.0,0.0,False,0.1827,78.75,False,0.120394,0.12041,57.3242,2,0.143127,0.143152,56.5728,2,0.076416,0.076416,59.299,1,0.073438,0.073438,59.4716,1,bf008b74fad722f414ffa0f0feb99ebf856cf41c2cc00c4587ecbdb228a25e89,rd=3 psy-rd=2.00 early-skip rskip mode=1 signhide tmvp b-intra strong-intra-smoothing deblock sao
core,14,629421206,mt19937,128,128,10,yuv420p,IPB,cqp,4,,frame-threads=1:pools=4:log-level=info:keyint=250:min-keyint=25:bframes=4:b-adapt=2:scenecut=0:qp=4,245760,313093,,1.2739786783854166,,6215.64,4.9,1,2,7,1.0,4.0,5.71,False,0.2215,60.46,False,0.312288,0.319702,53.0833,3,0.324115,0.332892,52.9078,3,0.287109,0.292529,53.4691,2,0.290161,0.294116,53.4456,2,bf008b74fad722f414ffa0f0feb99ebf856cf41c2cc00c4587ecbdb228a25e89,rd=3 psy-rd=2.00 early-skip rskip mode=1 signhide tmvp b-intra strong-intra-smoothing deblock sao
core,14,629421206,mt19937,128,128,10,yuv420p,IPB,cqp,8,,frame-threads=1:pools=4:log-level=info:keyint=250:min-keyint=25:bframes=4:b-adapt=2:scenecut=0:qp=8,245760,272897,,1.1104207356770834,,5411.72,8.9,1,2,7,5.0,8.0,9.71,False,0.2518,52.1,False,0.531551,0.635734,50.098,4,0.542914,0.656195,49.9605,4,0.509595,0.596313,50.3761,3,0.508057,0.593311,50.398,3,bf008b74fad722f414ffa0f0feb99ebf856cf41c2cc00c4587ecbdb228a25e89,rd=3 psy-rd=2.00 early-skip rskip mode=1 signhide tmvp b-intra strong-intra-smoothing deblock sao
core,14,629421206,mt19937,128,128,10,yuv420p,IPB,cqp,10,,frame-threads=1:pools=4:log-level=info:keyint=250:min-keyint=25:bframes=4:b-adapt=2:scenecut=0:qp=10,245760,256284,,1.042822265625,,5079.44,10.9,1,2,7,7.0,10.0,11.71,False,0.1976,69.36,False,0.680457,0.936186,48.4172,5,0.689282,0.958325,48.3157,5,0.665479,0.894434,48.6153,4,0.660132,0.88938,48.6399,4,bf008b74fad722f414ffa0f0feb99ebf856cf41c2cc00c4587ecbdb228a25e89,rd=3 psy-rd=2.00 early-skip rskip mode=1 signhide tmvp b-intra strong-intra-smoothing deblock sao
core,14,629421206,mt19937,128,128,10,yuv420p,IPB,cqp,12,,frame-threads=1:pools=4:log-level=info:keyint=250:min-keyint=25:bframes=4:b-adapt=2:scenecut=0:qp=12,245760,238199,,0.9692342122395833,,4717.74,12.9,1,2,7,9.0,12.0,13.71,False,0.2111,63.63,False,0.892057,1.489868,46.3993,7,0.892157,1.494586,46.3856,7,0.890869,1.478711,46.432,5,0.892847,1.482153,46.4219,6,bf008b74fad722f414ffa0f0feb99ebf856cf41c2cc00c4587ecbdb228a25e89,rd=3 psy-rd=2.00 early-skip rskip mode=1 signhide tmvp b-intra strong-intra-smoothing deblock sao
core,14,629421206,mt19937,128,128,10,yuv420p,IPB,cqp,14,,frame-threads=1:pools=4:log-level=info:keyint=250:min-keyint=25:bframes=4:b-adapt=2:scenecut=0:qp=14,245760,225161,,0.9161824544270833,,4456.98,14.9,1,2,7,11.0,14.0,15.71,False,0.2218,62.24,False,1.132528,2.286865,44.5384,7,1.11825,2.234509,44.639,7,1.163306,2.399976,44.3287,7,1.158862,2.383179,44.3592,7,bf008b74fad722f414ffa0f0feb99ebf856cf41c2cc00c4587ecbdb228a25e89,rd=3 psy-rd=2.00 early-skip rskip mode=1 signhide tmvp b-intra strong-intra-smoothing deblock sao
core,14,629421206,mt19937,128,128,10,yuv420p,IPB,cqp,16,,frame-threads=1:pools=4:log-level=info:keyint=250:min-keyint=25:bframes=4:b-adapt=2:scenecut=0:qp=16,245760,212193,,0.86341552734375,,4197.62,16.9,1,2,7,13.0,16.0,17.71,False,0.2481,53.49,False,1.426782,3.501351,42.6884,9,1.396405,3.360797,42.8664,9,1.490405,3.784302,42.3509,8,1.484668,3.780615,42.3552,9,bf008b74fad722f414ffa0f0feb99ebf856cf41c2cc00c4587ecbdb228a25e89,rd=3 psy-rd=2.00 early-skip rskip mode=1 signhide tmvp b-intra strong-intra-smoothing deblock sao
core,14,629421206,mt19937,128,128,10,yuv420p,IPB,cqp,18,,frame-threads=1:pools=4:log-level=info:keyint=250:min-keyint=25:bframes=4:b-adapt=2:scenecut=0:qp=18,245760,197201,,0.8024129231770833,,3897.78,18.9,1,2,7,15.0,18.0,19.71,False,0.2394,54.3,False,1.806974,5.464714,40.7551,11,1.784119,5.319934,40.8717,11,1.846875,5.739795,40.5418,11,1.858496,5.76875,40.52,10,bf008b74fad722f414ffa0f0feb99ebf856cf41c2cc00c4587ecbdb228a25e89,rd=3 psy-rd=2.00 early-skip rskip mode=1 signhide tmvp b-intra strong-intra-smoothing deblock sao
core,14,629421206,mt19937,128,128,10,yuv420p,IPB,cqp,20,,frame-threads=1:pools=4:log-level=info:keyint=250:min-keyint=25:bframes=4:b-adapt=2:scenecut=0:qp=20,245760,184403,,0.7503377278645833,,3641.82,20.9,1,2,7,17.0,20.0,21.71,False,0.2429,51.24,False,2.262488,8.436601,38.8691,15,2.233923,8.248596,38.967,14,2.31604,8.783813,38.694,15,2.323193,8.841406,38.6656,13,bf008b74fad722f414ffa0f0feb99ebf856cf41c2cc00c4587ecbdb228a25e89,rd=3 psy-rd=2.00 early-skip rskip mode=1 signhide tmvp b-intra strong-intra-smoothing deblock sao
core,14,629421206,mt19937,128,128,10,yuv420p,IPB,cqp,24,,frame-threads=1:pools=4:log-level=info:keyint=250:min-keyint=25:bframes=4:b-adapt=2:scenecut=0:qp=24,245760,158963,,0.6468221028645833,,3133.02,24.9,1,2,7,21.0,24.0,25.71,False,0.2658,48.36,False,3.570711,20.925057,34.9241,24,3.532196,20.492438,35.0149,21,3.645093,21.745386,34.7571,20,3.650391,21.835205,34.7392,24,bf008b74fad722f414ffa0f0feb99ebf856cf41c2cc00c4587ecbdb228a25e89,rd=3 psy-rd=2.00 early-skip rskip mode=1 signhide tmvp b-intra strong-intra-smoothing deblock sao
core,14,629421206,mt19937,128,128,10,yuv420p,IPB,cqp,28,,frame-threads=1:pools=4:log-level=info:keyint=250:min-keyint=25:bframes=4:b-adapt=2:scenecut=0:qp=28,245760,136040,,0.5535481770833334,,2674.56,28.9,1,2,7,25.0,28.0,29.71,False,0.2941,43.9,False,5.510136,49.274931,31.2045,33,5.554584,50.176459,31.1258,33,5.41062,47.308374,31.3814,30,5.43186,47.635376,31.3515,29,bf008b74fad722f414ffa0f0feb99ebf856cf41c2cc00c4587ecbdb228a25e89,rd=3 psy-rd=2.00 early-skip rskip mode=1 signhide tmvp b-intra strong-intra-smoothing deblock sao
core,14,629421206,mt19937,128,128,10,yuv420p,IPB,cqp,32,,frame-threads=1:pools=4:log-level=info:keyint=250:min-keyint=25:bframes=4:b-adapt=2:scenecut=0:qp=32,245760,113186,,0.46055501302083335,,2217.48,32.9,1,2,7,29.0,32.0,33.71,False,0.2603,48.0,False,8.557983,118.960482,27.3768,51,8.779437,125.224786,27.1539,51,8.118188,106.319946,27.8647,45,8.111963,106.543799,27.8555,48,bf008b74fad722f414ffa0f0feb99ebf856cf41c2cc00c4587ecbdb228a25e89,rd=3 psy-rd=2.00 early-skip rskip mode=1 signhide tmvp b-intra strong-intra-smoothing deblock sao
core,14,629421206,mt19937,128,128,10,yuv420p,IPB,cqp,36,,frame-threads=1:pools=4:log-level=info:keyint=250:min-keyint=25:bframes=4:b-adapt=2:scenecut=0:qp=36,245760,92791,,0.37756754557291666,,1809.58,36.9,1,2,7,33.0,36.0,37.71,False,0.2776,47.06,False,12.75557,266.561641,23.8728,90,13.837891,310.974292,23.2036,90,10.552881,176.540137,25.6624,58,10.628979,178.932544,25.6039,61,bf008b74fad722f414ffa0f0feb99ebf856cf41c2cc00c4587ecbdb228a25e89,rd=3 psy-rd=2.00 early-skip rskip mode=1 signhide tmvp b-intra strong-intra-smoothing deblock sao
core,14,629421206,mt19937,128,128,10,yuv420p,IPB,cqp,40,,frame-threads=1:pools=4:log-level=info:keyint=250:min-keyint=25:bframes=4:b-adapt=2:scenecut=0:qp=40,245760,70324,,0.28614908854166665,,1360.24,40.9,1,2,7,37.0,40.0,41.71,False,0.2877,44.88,False,19.044076,610.25105,20.2757,142,21.916376,775.324176,19.236,142,13.31521,280.277222,23.6549,68,13.28374,279.932373,23.6603,75,bf008b74fad722f414ffa0f0feb99ebf856cf41c2cc00c4587ecbdb228a25e89,rd=3 psy-rd=2.00 early-skip rskip mode=1 signhide tmvp b-intra strong-intra-smoothing deblock sao
core,14,629421206,mt19937,128,128,10,yuv420p,IPB,cqp,44,,frame-threads=1:pools=4:log-level=info:keyint=250:min-keyint=25:bframes=4:b-adapt=2:scenecut=0:qp=44,245760,47894,,0.19488118489583334,,911.64,44.9,1,2,7,41.0,44.0,45.71,False,0.2606,47.46,False,29.29329,1463.336772,16.4774,211,34.808539,1927.694733,15.2804,211,18.325122,536.667651,20.8337,94,18.200464,532.574048,20.867,104,bf008b74fad722f414ffa0f0feb99ebf856cf41c2cc00c4587ecbdb228a25e89,rd=3 psy-rd=2.00 early-skip rskip mode=1 signhide tmvp b-intra strong-intra-smoothing deblock sao
core,14,629421206,mt19937,128,128,10,yuv420p,IPB,cqp,48,,frame-threads=1:pools=4:log-level=info:keyint=250:min-keyint=25:bframes=4:b-adapt=2:scenecut=0:qp=48,245760,18301,,0.07446695963541666,,319.78,48.9,1,2,7,45.0,48.0,49.71,False,0.1474,106.26,False,52.38925,4254.08125,11.8427,233,53.360596,4280.561047,11.8158,233,50.50835,4189.592188,11.9091,211,50.384766,4212.651123,11.8852,223,bf008b74fad722f414ffa0f0feb99ebf856cf41c2cc00c4587ecbdb228a25e89,rd=3 psy-rd=2.00 early-skip rskip mode=1 signhide tmvp b-intra strong-intra-smoothing deblock sao
core,14,629421206,mt19937,128,128,10,yuv420p,IPB,cqp,51,,frame-threads=1:pools=4:log-level=info:keyint=250:min-keyint=25:bframes=4:b-adapt=2:scenecut=0:qp=51,245760,6945,,0.02825927734375,,92.66,51.9,1,2,7,48.0,51.0,52.71,False,0.1111,211.03,False,64.546672,6087.883781,10.2861,243,64.698944,6041.275531,10.3195,238,64.165771,6157.061182,10.2371,243,64.318481,6205.13938,10.2033,240,bf008b74fad722f414ffa0f0feb99ebf856cf41c2cc00c4587ecbdb228a25e89,rd=3 psy-rd=2.00 early-skip rskip mode=1 signhide tmvp b-intra strong-intra-smoothing deblock sao
core,15,248814575,mt19937,128,128,10,yuv420p,IPB,lossless,,,frame-threads=1:pools=4:log-level=info:keyint=250:min-keyint=25:bframes=4:b-adapt=2:scenecut=0:lossless=1,245760,329450,330403,1.3405354817708333,1.3444132486979166,6542.84,4.0,1,2,7,4.0,4.0,4.0,True,0.1931,76.13,True,0.0,0.0,inf,0,0.0,0.0,inf,0,0.0,0.0,inf,0,0.0,0.0,inf,0,0bb9e704cf678bd33300f8b0923d95701bfdc26f4022706a88d34440844d8136,rd=3 psy-rd=2.00 early-skip rskip mode=1 signhide tmvp b-intra strong-intra-smoothing deblock sao
core,15,248814575,mt19937,128,128,10,yuv420p,IPB,cqp,0,,frame-threads=1:pools=4:log-level=info:keyint=250:min-keyint=25:bframes=4:b-adapt=2:scenecut=0:qp=0,245760,368427,,1.49913330078125,,7322.84,0.0,1,2,7,0.0,0.0,0.0,False,0.2198,62.06,False,0.119885,0.119885,57.3431,1,0.141986,0.141986,56.6083,1,0.075977,0.075977,59.324,1,0.075391,0.075391,59.3576,1,0bb9e704cf678bd33300f8b0923d95701bfdc26f4022706a88d34440844d8136,rd=3 psy-rd=2.00 early-skip rskip mode=1 signhide tmvp b-intra strong-intra-smoothing deblock sao
core,15,248814575,mt19937,128,128,10,yuv420p,IPB,cqp,4,,frame-threads=1:pools=4:log-level=info:keyint=250:min-keyint=25:bframes=4:b-adapt=2:scenecut=0:qp=4,245760,313052,,1.2738118489583334,,6214.82,4.9,1,2,7,1.0,4.0,5.71,False,0.1936,70.04,False,0.310181,0.317489,53.1135,3,0.321545,0.329956,52.9462,3,0.287793,0.293408,53.4561,2,0.287109,0.291699,53.4815,2,0bb9e704cf678bd33300f8b0923d95701bfdc26f4022706a88d34440844d8136,rd=3 psy-rd=2.00 early-skip rskip mode=1 signhide tmvp b-intra strong-intra-smoothing deblock sao
core,15,248814575,mt19937,128,128,10,yuv420p,IPB,cqp,8,,frame-threads=1:pools=4:log-level=info:keyint=250:min-keyint=25:bframes=4:b-adapt=2:scenecut=0:qp=8,245760,273033,,1.11097412109375,,5414.44,8.9,1,2,7,5.0,8.0,9.71,False,0.2195,63.98,False,0.531824,0.636072,50.0957,4,0.542365,0.655243,49.9668,4,0.510938,0.598877,50.3574,3,0.510547,0.596582,50.3741,3,0bb9e704cf678bd33300f8b0923d95701bfdc26f4022706a88d34440844d8136,rd=3 psy-rd=2.00 early-skip rskip mode=1 signhide tmvp b-intra strong-intra-smoothing deblock sao
core,15,248814575,mt19937,128,128,10,yuv420p,IPB,cqp,10,,frame-threads=1:pools=4:log-level=info:keyint=250:min-keyint=25:bframes=4:b-adapt=2:scenecut=0:qp=10,245760,255669,,1.04031982421875,,5067.14,10.9,1,2,7,7.0,10.0,11.71,False,0.1963,71.72,False,0.682654,0.943941,48.3814,5,0.690765,0.964703,48.2869,5,0.668091,0.905933,48.5598,4,0.664771,0.898901,48.5937,4,0bb9e704cf678bd33300f8b0923d95701bfdc26f4022706a88d34440844d8136,rd=3 psy-rd=2.00 early-skip rskip mode=1 signhide tmvp b-intra strong-intra-smoothing deblock sao
core,15,248814575,mt19937,128,128,10,yuv420p,IPB,cqp,12,,frame-threads=1:pools=4:log-level=info:keyint=250:min-keyint=25:bframes=4:b-adapt=2:scenecut=0:qp=12,245760,237676,,0.9671061197916667,,4707.28,12.9,1,2,7,9.0,12.0,13.71,False,0.2584,49.02,False,0.89799,1.502995,46.3612,6,0.897791,1.505908,46.3528,6,0.897974,1.496118,46.3811,5,0.898804,1.498218,46.3751,6,0bb9e704cf678bd33300f8b0923d95701bfdc26f4022706a88d34440844d8136,rd=3 psy-rd=2.00 early-skip rskip mode=1 signhide tmvp b-intra strong-intra-smoothing deblock sao
core,15,248814575,mt19937,128,128,10,yuv420p,IPB,cqp,14,,frame-threads=1:pools=4:log-level=info:keyint=250:min-keyint=25:bframes=4:b-adapt=2:scenecut=0:qp=14,245760,224806,,0.9147379557291667,,4449.88,14.9,1,2,7,11.0,14.0,15.71,False,0.1979,67.12,False,1.140812,2.313623,44.4879,7,1.126038,2.259448,44.5908,7,1.171729,2.415234,44.3012,7,1.168994,2.428711,44.277,7,0bb9e704cf678bd33300f8b0923d95701bfdc26f4022706a88d34440844d8136,rd=3 psy-rd=2.00 early-skip rskip mode=1 signhide tmvp b-intra strong-intra-smoothing deblock sao
core,15,248814575,mt19937,128,128,10,yuv420p,IPB,cqp,16,,frame-threads=1:pools=4:log-level=info:keyint=250:min-keyint=25:bframes=4:b-adapt=2:scenecut=0:qp=16,245760,212267,,0.8637166341145833,,4199.1,16.9,1,2,7,13.0,16.0,17.71,False,0.2328,56.5,False,1.429724,3.513196,42.6738,10,1.397363,3.369763,42.8548,10,1.498706,3.807886,42.324,8,1.490186,3.792236,42.3418,9,0bb9e704cf678bd33300f8b0923d95701bfdc26f4022706a88d34440844d8136,rd=3 psy-rd=2.00 early-skip rskip mode=1 signhide tmvp b-intra strong-intra-smoothing deblock sao
core,15,248814575,mt19937,128,128,10,yuv420p,IPB,cqp,18,,frame-threads=1:pools=4:log-level=info:keyint=250:min-keyint=25:bframes=4:b-adapt=2:scenecut=0:qp=18,245760,198419,,0.8073689778645833,,3922.14,18.9,1,2,7,15.0,18.0,19.71,False,0.2161,63.69,False,1.795215,5.439958,40.7748,11,1.768097,5.291534,40.895,11,1.853198,5.733765,40.5464,11,1.845703,5.739844,40.5418,11,0bb9e704cf678bd33300f8b0923d95701bfdc26f4022706a88d34440844d8136,rd=3 psy-rd=2.00 early-skip rskip mode=1 signhide tmvp b-intra strong-intra-smoothing deblock sao
core,15,248814575,mt19937,128,128,10,yuv420p,IPB,cqp,20,,frame-threads=1:pools=4:log-level=info:keyint=250:min-keyint=25:bframes=4:b-adapt=2:scenecut=0:qp=20,245760,184759,,0.7517862955729167,,3648.94,20.9,1,2,7,17.0,20.0,21.71,False,0.2472,52.83,False,2.261991,8.449915,38.8623,15,2.23443,8.251556,38.9654,15,2.312622,8.835474,38.6685,13,2.321606,8.857788,38.6576,13,0bb9e704cf678bd33300f8b0923d95701bfdc26f4022706a88d34440844d8136,rd=3 psy-rd=2.00 early-skip rskip mode=1 signhide tmvp b-intra strong-intra-smoothing deblock sao
core,15,248814575,mt19937,128,128,10,yuv420p,IPB,cqp,24,,frame-threads=1:pools=4:log-level=info:keyint=250:min-keyint=25:bframes=4:b-adapt=2:scenecut=0:qp=24,245760,159304,,0.6482096354166667,,3139.84,24.9,1,2,7,21.0,24.0,25.71,False,0.2366,54.21,False,3.569759,20.866317,34.9363,25,3.531854,20.415948,35.0311,23,3.650928,21.763623,34.7535,25,3.64021,21.770483,34.7521,22,0bb9e704cf678bd33300f8b0923d95701bfdc26f4022706a88d34440844d8136,rd=3 psy-rd=2.00 early-skip rskip mode=1 signhide tmvp b-intra strong-intra-smoothing deblock sao
core,15,248814575,mt19937,128,128,10,yuv420p,IPB,cqp,28,,frame-threads=1:pools=4:log-level=info:keyint=250:min-keyint=25:bframes=4:b-adapt=2:scenecut=0:qp=28,245760,136673,,0.5561238606770833,,2687.22,28.9,1,2,7,25.0,28.0,29.71,False,0.249,50.38,False,5.491345,48.967957,31.2317,38,5.520349,49.695752,31.1676,38,5.443506,47.517139,31.3623,30,5.423169,47.507593,31.3632,29,0bb9e704cf678bd33300f8b0923d95701bfdc26f4022706a88d34440844d8136,rd=3 psy-rd=2.00 early-skip rskip mode=1 signhide tmvp b-intra strong-intra-smoothing deblock sao
core,15,248814575,mt19937,128,128,10,yuv420p,IPB,cqp,32,,frame-threads=1:pools=4:log-level=info:keyint=250:min-keyint=25:bframes=4:b-adapt=2:scenecut=0:qp=32,245760,113484,,0.461767578125,,2223.44,32.9,1,2,7,29.0,32.0,33.71,False,0.2464,52.11,False,8.607003,120.098832,27.3354,53,8.81933,126.205194,27.12,53,8.204834,108.534424,27.7751,51,8.159863,107.237793,27.8273,46,0bb9e704cf678bd33300f8b0923d95701bfdc26f4022706a88d34440844d8136,rd=3 psy-rd=2.00 early-skip rskip mode=1 signhide tmvp b-intra strong-intra-smoothing deblock sao
core,15,248814575,mt19937,128,128,10,yuv420p,IPB,cqp,36,,frame-threads=1:pools=4:log-level=info:keyint=250:min-keyint=25:bframes=4:b-adapt=2:scenecut=0:qp=36,245760,92647,,0.37698160807291664,,1806.7,36.9,1,2,7,33.0,36.0,37.71,False,0.2566,48.55,False,12.754696,266.832463,23.8684,82,13.844574,311.309564,23.1989,82,10.555835,177.416187,25.6409,53,10.594043,178.340332,25.6183,56,0bb9e704cf678bd33300f8b0923d95701bfdc26f4022706a88d34440844d8136,rd=3 psy-rd=2.00 early-skip rskip mode=1 signhide tmvp b-intra strong-intra-smoothing deblock sao
core,15,248814575,mt19937,128,128,10,yuv420p,IPB,cqp,40,,frame-threads=1:pools=4:log-level=info:keyint=250:min-keyint=25:bframes=4:b-adapt=2:scenecut=0:qp=40,245760,70415,,0.2865193684895833,,1362.06,40.9,1,2,7,37.0,40.0,41.71,False,0.2515,51.74,False,19.07985,612.193091,20.2619,132,21.965045,777.500604,19.2238,132,13.281885,281.26167,23.6397,72,13.337036,281.894458,23.6299,75,0bb9e704cf678bd33300f8b0923d95701bfdc26f4022706a88d34440844d8136,rd=3 psy-rd=2.00 early-skip rskip mode=1 signhide tmvp b-intra strong-intra-smoothing deblock sao
core,15,248814575,mt19937,128,128,10,yuv420p,IPB,cqp,44,,frame-threads=1:pools=4:log-level=info:keyint=250:min-keyint=25:bframes=4:b-adapt=2:scenecut=0:qp=44,245760,47968,,0.19518229166666667,,913.12,44.9,1,2,7,41.0,44.0,45.71,False,0.2468,52.39,False,29.353463,1469.859005,16.458,185,34.910876,1939.41521,15.2541,185,18.241626,530.934204,20.8804,104,18.235645,530.558984,20.8835,99,0bb9e704cf678bd33300f8b0923d95701bfdc26f4022706a88d34440844d8136,rd=3 psy-rd=2.00 early-skip rskip mode=1 signhide tmvp b-intra strong-intra-smoothing deblock sao
core,15,248814575,mt19937,128,128,10,yuv420p,IPB,cqp,48,,frame-threads=1:pools=4:log-level=info:keyint=250:min-keyint=25:bframes=4:b-adapt=2:scenecut=0:qp=48,245760,18374,,0.07476399739583334,,321.24,48.9,1,2,7,45.0,48.0,49.71,False,0.1374,127.58,False,52.245011,4221.769214,11.8759,234,53.166901,4241.371613,11.8557,234,50.233179,4162.256519,11.9375,211,50.569287,4202.872314,11.8953,214,0bb9e704cf678bd33300f8b0923d95701bfdc26f4022706a88d34440844d8136,rd=3 psy-rd=2.00 early-skip rskip mode=1 signhide tmvp b-intra strong-intra-smoothing deblock sao
core,15,248814575,mt19937,128,128,10,yuv420p,IPB,cqp,51,,frame-threads=1:pools=4:log-level=info:keyint=250:min-keyint=25:bframes=4:b-adapt=2:scenecut=0:qp=51,245760,7117,,0.028959147135416665,,96.1,51.9,1,2,7,48.0,51.0,52.71,False,0.0824,298.29,False,63.488713,5849.040397,10.46,248,63.98999,5838.903809,10.4675,246,62.44436,5851.597095,10.4581,248,62.527954,5887.030054,10.4318,248,0bb9e704cf678bd33300f8b0923d95701bfdc26f4022706a88d34440844d8136,rd=3 psy-rd=2.00 early-skip rskip mode=1 signhide tmvp b-intra strong-intra-smoothing deblock sao
core,16,1916352705,mt19937,128,128,10,yuv420p,IPB,lossless,,,frame-threads=1:pools=4:log-level=info:keyint=250:min-keyint=25:bframes=4:b-adapt=2:scenecut=0:lossless=1,245760,329924,330877,1.3424641927083334,1.3463419596354167,6552.32,4.0,1,2,7,4.0,4.0,4.0,True,0.2043,65.74,True,0.0,0.0,inf,0,0.0,0.0,inf,0,0.0,0.0,inf,0,0.0,0.0,inf,0,6017709951c574fdf94f10171faae01cb32a94b13351fdc4858281166f4342c2,rd=3 psy-rd=2.00 early-skip rskip mode=1 signhide tmvp b-intra strong-intra-smoothing deblock sao
core,16,1916352705,mt19937,128,128,10,yuv420p,IPB,cqp,0,,frame-threads=1:pools=4:log-level=info:keyint=250:min-keyint=25:bframes=4:b-adapt=2:scenecut=0:qp=0,245760,368490,,1.4993896484375,,7324.1,0.0,1,2,7,0.0,0.0,0.0,False,0.2085,66.8,False,0.120235,0.120235,57.3305,1,0.142133,0.142133,56.6039,1,0.074756,0.074756,59.3944,1,0.078125,0.078125,59.2029,1,6017709951c574fdf94f10171faae01cb32a94b13351fdc4858281166f4342c2,rd=3 psy-rd=2.00 early-skip rskip mode=1 signhide tmvp b-intra strong-intra-smoothing deblock sao
core,16,1916352705,mt19937,128,128,10,yuv420p,IPB,cqp,4,,frame-threads=1:pools=4:log-level=info:keyint=250:min-keyint=25:bframes=4:b-adapt=2:scenecut=0:qp=4,245760,312956,,1.2734212239583333,,6212.9,4.9,1,2,7,1.0,4.0,5.71,False,0.2105,62.6,False,0.310937,0.317839,53.1087,2,0.323053,0.330865,52.9343,2,0.287207,0.292773,53.4655,2,0.286206,0.290796,53.4949,2,6017709951c574fdf94f10171faae01cb32a94b13351fdc4858281166f4342c2,rd=3 psy-rd=2.00 early-skip rskip mode=1 signhide tmvp b-intra strong-intra-smoothing deblock sao
core,16,1916352705,mt19937,128,128,10,yuv420p,IPB,cqp,8,,frame-threads=1:pools=4:log-level=info:keyint=250:min-keyint=25:bframes=4:b-adapt=2:scenecut=0:qp=8,245760,272349,,1.10819091796875,,5400.76,8.9,1,2,7,5.0,8.0,9.71,False,0.2242,59.66,False,0.539339,0.650553,49.998,4,0.549744,0.668884,49.8773,4,0.518555,0.612402,50.2604,3,0.518506,0.615381,50.2394,4,6017709951c574fdf94f10171faae01cb32a94b13351fdc4858281166f4342c2,rd=3 psy-rd=2.00 early-skip rskip mode=1 signhide tmvp b-intra strong-intra-smoothing deblock sao
core,16,1916352705,mt19937,128,128,10,yuv420p,IPB,cqp,10,,frame-threads=1:pools=4:log-level=info:keyint=250:min-keyint=25:bframes=4:b-adapt=2:scenecut=0:qp=10,245760,255843,,1.04102783203125,,5070.62,10.9,1,2,7,7.0,10.0,11.71,False,0.2125,62.64,False,0.682609,0.940812,48.3958,5,0.690125,0.961011,48.3035,5,0.66626,0.896045,48.6075,4,0.668896,0.904785,48.5653,4,6017709951c574fdf94f10171faae01cb32a94b13351fdc4858281166f4342c2,rd=3 psy-rd=2.00 early-skip rskip mode=1 signhide tmvp b-intra strong-intra-smoothing deblock sao
core,16,1916352705,mt19937,128,128,10,yuv420p,IPB,cqp,12,,frame-threads=1:pools=4:log-level=info:keyint=250:min-keyint=25:bframes=4:b-adapt=2:scenecut=0:qp=12,245760,239035,,0.9726359049479166,,4734.46,12.9,1,2,7,9.0,12.0,13.71,False,0.2197,58.44,False,0.890922,1.485364,46.4125,6,0.890161,1.48855,46.4032,6,0.889722,1.476685,46.4379,5,0.895166,1.481299,46.4244,5,6017709951c574fdf94f10171faae01cb32a94b13351fdc4858281166f4342c2,rd=3 psy-rd=2.00 early-skip rskip mode=1 signhide tmvp b-intra strong-intra-smoothing deblock sao
core,16,1916352705,mt19937,128,128,10,yuv420p,IPB,cqp,14,,frame-threads=1:pools=4:log-level=info:keyint=250:min-keyint=25:bframes=4:b-adapt=2:scenecut=0:qp=14,245760,226429,,0.9213419596354167,,4482.34,14.9,1,2,7,11.0,14.0,15.71,False,0.2086,61.73,False,1.127283,2.268111,44.5742,7,1.114795,2.221497,44.6643,7,1.155957,2.369971,44.3834,7,1.14856,2.35271,44.4151,7,6017709951c574fdf94f10171faae01cb32a94b13351fdc4858281166f4342c2,rd=3 psy-rd=2.00 early-skip rskip mode=1 signhide tmvp b-intra strong-intra-smoothing deblock sao
core,16,1916352705,mt19937,128,128,10,yuv420p,IPB,cqp,16,,frame-threads=1:pools=4:log-level=info:keyint=250:min-keyint=25:bframes=4:b-adapt=2:scenecut=0:qp=16,245760,212109,,0.86307373046875,,4195.94,16.9,1,2,7,13.0,16.0,17.71,False,0.2407,55.77,False,1.423714,3.496598,42.6943,9,1.392297,3.35365,42.8756,8,1.488208,3.788208,42.3465,9,1.484888,3.776782,42.3596,9,6017709951c574fdf94f10171faae01cb32a94b13351fdc4858281166f4342c2,rd=3 psy-rd=2.00 early-skip rskip mode=1 signhide tmvp b-intra strong-intra-smoothing deblock sao
core,16,1916352705,mt19937,128,128,10,yuv420p,IPB,cqp,18,,frame-threads=1:pools=4:log-level=info:keyint=250:min-keyint=25:bframes=4:b-adapt=2:scenecut=0:qp=18,245760,198926,,0.8094319661458333,,3932.28,18.9,1,2,7,15.0,18.0,19.71,False,0.2173,60.33,False,1.791349,5.426481,40.7856,11,1.76333,5.267603,40.9147,11,1.837524,5.678052,40.5888,11,1.857251,5.810425,40.4887,11,6017709951c574fdf94f10171faae01cb32a94b13351fdc4858281166f4342c2,rd=3 psy-rd=2.00 early-skip rskip mode=1 signhide tmvp b-intra strong-intra-smoothing deblock sao
core,16,1916352705,mt19937,128,128,10,yuv420p,IPB,cqp,20,,frame-threads=1:pools=4:log-level=info:keyint=250:min-keyint=25:bframes=4:b-adapt=2:scenecut=0:qp=20,245760,183928,,0.7484049479166667,,3632.32,20.9,1,2,7,17.0,20.0,21.71,False,0.2522,50.48,False,2.260758,8.418628,38.8784,14,2.237256,8.242139,38.9704,14,2.306738,8.780029,38.6958,14,2.308789,8.763184,38.7042,13,6017709951c574fdf94f10171faae01cb32a94b13351fdc4858281166f4342c2,rd=3 psy-rd=2.00 early-skip rskip mode=1 signhide tmvp b-intra strong-intra-smoothing deblock sao
core,16,1916352705,mt19937,128,128,10,yuv420p,IPB,cqp,24,,frame-threads=1:pools=4:log-level=info:keyint=250:min-keyint=25:bframes=4:b-adapt=2:scenecut=0:qp=24,245760,159845,,0.6504109700520834,,3150.66,24.9,1,2,7,21.0,24.0,25.71,False,0.2269,59.4,False,3.561251,20.770675,34.9563,25,3.522241,20.294763,35.057,23,3.653442,21.859497,34.7344,25,3.625098,21.585498,34.7892,21,6017709951c574fdf94f10171faae01cb32a94b13351fdc4858281166f4342c2,rd=3 psy-rd=2.00 early-skip rskip mode=1 signhide tmvp b-intra strong-intra-smoothing deblock sao
core,16,1916352705,mt19937,128,128,10,yuv420p,IPB,cqp,28,,frame-threads=1:pools=4:log-level=info:keyint=250:min-keyint=25:bframes=4:b-adapt=2:scenecut=0:qp=28,245760,136863,,0.55689697265625,,2691.02,28.9,1,2,7,25.0,28.0,29.71,False,0.2283,56.48,False,5.479293,48.720121,31.2537,35,5.515234,49.50321,31.1845,35,5.42251,47.436377,31.3697,29,5.39231,46.871509,31.4217,28,6017709951c574fdf94f10171faae01cb32a94b13351fdc4858281166f4342c2,rd=3 psy-rd=2.00 early-skip rskip mode=1 signhide tmvp b-intra strong-intra-smoothing deblock sao
core,16,1916352705,mt19937,128,128,10,yuv420p,IPB,cqp,32,,frame-threads=1:pools=4:log-level=info:keyint=250:min-keyint=25:bframes=4:b-adapt=2:scenecut=0:qp=32,245760,113839,,0.46321207682291665,,2230.54,32.9,1,2,7,29.0,32.0,33.71,False,0.2242,58.29,False,8.538314,118.092887,27.4086,50,8.741327,123.896173,27.2002,50,8.117163,106.269409,27.8667,48,8.147412,106.703223,27.849,49,6017709951c574fdf94f10171faae01cb32a94b13351fdc4858281166f4342c2,rd=3 psy-rd=2.00 early-skip rskip mode=1 signhide tmvp b-intra strong-intra-smoothing deblock sao
core,16,1916352705,mt19937,128,128,10,yuv420p,IPB,cqp,36,,frame-threads=1:pools=4:log-level=info:keyint=250:min-keyint=25:bframes=4:b-adapt=2:scenecut=0:qp=36,245760,93167,,0.3790974934895833,,1817.1,36.9,1,2,7,33.0,36.0,37.71,False,0.2643,46.64,False,12.732943,266.650065,23.8714,82,13.833173,311.298053,23.199,82,10.558032,177.924341,25.6284,57,10.506934,176.783838,25.6564,64,6017709951c574fdf94f10171faae01cb32a94b13351fdc4858281166f4342c2,rd=3 psy-rd=2.00 early-skip rskip mode=1 signhide tmvp b-intra strong-intra-smoothing deblock sao
core,16,1916352705,mt19937,128,128,10,yuv420p,IPB,cqp,40,,frame-threads=1:pools=4:log-level=info:keyint=250:min-keyint=25:bframes=4:b-adapt=2:scenecut=0:qp=40,245760,70648,,0.2874674479166667,,1366.72,40.9,1,2,7,37.0,40.0,41.71,False,0.2585,49.49,False,19.053845,609.484851,20.2812,129,21.916565,773.135864,19.2482,129,13.288354,280.796753,23.6469,66,13.368457,283.568896,23.6042,69,6017709951c574fdf94f10171faae01cb32a94b13351fdc4858281166f4342c2,rd=3 psy-rd=2.00 early-skip rskip mode=1 signhide tmvp b-intra strong-intra-smoothing deblock sao
core,16,1916352705,mt19937,128,128,10,yuv420p,IPB,cqp,44,,frame-threads=1:pools=4:log-level=info:keyint=250:min-keyint=25:bframes=4:b-adapt=2:scenecut=0:qp=44,245760,48040,,0.19547526041666666,,914.56,44.9,1,2,7,41.0,44.0,45.71,False,0.2272,56.38,False,29.288529,1467.317322,16.4656,206,34.803888,1934.292938,15.2656,206,18.203516,531.645752,20.8746,102,18.312109,535.086426,20.8466,99,6017709951c574fdf94f10171faae01cb32a94b13351fdc4858281166f4342c2,rd=3 psy-rd=2.00 early-skip rskip mode=1 signhide tmvp b-intra strong-intra-smoothing deblock sao
core,16,1916352705,mt19937,128,128,10,yuv420p,IPB,cqp,48,,frame-threads=1:pools=4:log-level=info:keyint=250:min-keyint=25:bframes=4:b-adapt=2:scenecut=0:qp=48,245760,17939,,0.07299397786458334,,312.54,48.9,1,2,7,45.0,48.0,49.71,False,0.1375,130.8,False,52.544613,4251.71123,11.8452,243,52.984229,4221.184619,11.8765,243,51.585327,4311.262769,11.7848,207,51.745435,4314.266138,11.7817,212,6017709951c574fdf94f10171faae01cb32a94b13351fdc4858281166f4342c2,rd=3 psy-rd=2.00 early-skip rskip mode=1 signhide tmvp b-intra strong-intra-smoothing deblock sao
core,16,1916352705,mt19937,128,128,10,yuv420p,IPB,cqp,51,,frame-threads=1:pools=4:log-level=info:keyint=250:min-keyint=25:bframes=4:b-adapt=2:scenecut=0:qp=51,245760,6854,,0.027888997395833334,,90.84,51.9,1,2,7,48.0,51.0,52.71,False,0.0806,302.56,False,63.572135,5842.101164,10.4651,247,64.148779,5853.595691,10.4566,247,62.371021,5797.346606,10.4985,244,62.466675,5840.877612,10.466,241,6017709951c574fdf94f10171faae01cb32a94b13351fdc4858281166f4342c2,rd=3 psy-rd=2.00 early-skip rskip mode=1 signhide tmvp b-intra strong-intra-smoothing deblock sao
core,17,3683229722,mt19937,128,128,10,yuv420p,IPB,lossless,,,frame-threads=1:pools=4:log-level=info:keyint=250:min-keyint=25:bframes=4:b-adapt=2:scenecut=0:lossless=1,245760,329361,330314,1.34017333984375,1.3440511067708334,6541.06,4.0,1,2,7,4.0,4.0,4.0,True,0.2076,67.79,True,0.0,0.0,inf,0,0.0,0.0,inf,0,0.0,0.0,inf,0,0.0,0.0,inf,0,eee653d14e77d257a65cb47572c7d524a793af3b0b1643dec3a348cbb1fb7fdd,rd=3 psy-rd=2.00 early-skip rskip mode=1 signhide tmvp b-intra strong-intra-smoothing deblock sao
core,17,3683229722,mt19937,128,128,10,yuv420p,IPB,cqp,0,,frame-threads=1:pools=4:log-level=info:keyint=250:min-keyint=25:bframes=4:b-adapt=2:scenecut=0:qp=0,245760,368518,,1.4995035807291666,,7324.66,0.0,1,2,7,0.0,0.0,0.0,False,0.179,81.63,False,0.120431,0.120439,57.3231,2,0.142279,0.142291,56.599,2,0.078638,0.078638,59.1745,1,0.074829,0.074829,59.3901,1,eee653d14e77d257a65cb47572c7d524a793af3b0b1643dec3a348cbb1fb7fdd,rd=3 psy-rd=2.00 early-skip rskip mode=1 signhide tmvp b-intra strong-intra-smoothing deblock sao
core,17,3683229722,mt19937,128,128,10,yuv420p,IPB,cqp,4,,frame-threads=1:pools=4:log-level=info:keyint=250:min-keyint=25:bframes=4:b-adapt=2:scenecut=0:qp=4,245760,312951,,1.27340087890625,,6212.8,4.9,1,2,7,1.0,4.0,5.71,False,0.1893,71.43,False,0.312069,0.319157,53.0908,2,0.323389,0.331836,52.9216,2,0.290112,0.294604,53.4384,2,0.288745,0.292993,53.4622,2,eee653d14e77d257a65cb47572c7d524a793af3b0b1643dec3a348cbb1fb7fdd,rd=3 psy-rd=2.00 early-skip rskip mode=1 signhide tmvp b-intra strong-intra-smoothing deblock sao
core,17,3683229722,mt19937,128,128,10,yuv420p,IPB,cqp,8,,frame-threads=1:pools=4:log-level=info:keyint=250:min-keyint=25:bframes=4:b-adapt=2:scenecut=0:qp=8,245760,272973,,1.11072998046875,,5413.24,8.9,1,2,7,5.0,8.0,9.71,False,0.1804,76.87,False,0.52642,0.627795,50.1526,4,0.537775,0.647528,50.0182,4,0.501807,0.587988,50.4371,3,0.505615,0.588672,50.4321,3,eee653d14e77d257a65cb47572c7d524a793af3b0b1643dec3a348cbb1fb7fdd,rd=3 psy-rd=2.00 early-skip rskip mode=1 signhide tmvp b-intra strong-intra-smoothing deblock sao
core,17,3683229722,mt19937,128,128,10,yuv420p,IPB,cqp,10,,frame-threads=1:pools=4:log-level=info:keyint=250:min-keyint=25:bframes=4:b-adapt=2:scenecut=0:qp=10,245760,255895,,1.0412394205729167,,5071.66,10.9,1,2,7,7.0,10.0,11.71,False,0.1928,70.38,False,0.683895,0.944059,48.3808,5,0.694012,0.967975,48.2722,5,0.66416,0.897852,48.5988,4,0.663159,0.894604,48.6145,5,eee653d14e77d257a65cb47572c7d524a793af3b0b1643dec3a348cbb1fb7fdd,rd=3 psy-rd=2.00 early-skip rskip mode=1 signhide tmvp b-intra strong-intra-smoothing deblock sao
core,17,3683229722,mt19937,128,128,10,yuv420p,IPB,cqp,12,,frame-threads=1:pools=4:log-level=info:keyint=250:min-keyint=25:bframes=4:b-adapt=2:scenecut=0:qp=12,245760,240221,,0.9774617513020833,,4758.18,12.9,1,2,7,9.0,12.0,13.71,False,0.2238,59.17,False,0.870581,1.423511,46.5972,7,0.876312,1.442413,46.5399,5,0.855005,1.37522,46.7471,7,0.863232,1.396191,46.6814,6,eee653d14e77d257a65cb47572c7d524a793af3b0b1643dec3a348cbb1fb7fdd,rd=3 psy-rd=2.00 early-skip rskip mode=1 signhide tmvp b-intra strong-intra-smoothing deblock sao
core,17,3683229722,mt19937,128,128,10,yuv420p,IPB,cqp,14,,frame-threads=1:pools=4:log-level=info:keyint=250:min-keyint=25:bframes=4:b-adapt=2:scenecut=0:qp=14,245760,226180,,0.9203287760416666,,4477.36,14.9,1,2,7,11.0,14.0,15.71,False,0.2058,66.55,False,1.127938,2.273942,44.563,7,1.117474,2.23526,44.6375,7,1.148071,2.344604,44.4301,7,1.149658,2.358008,44.4054,7,eee653d14e77d257a65cb47572c7d524a793af3b0b1643dec3a348cbb1fb7fdd,rd=3 psy-rd=2.00 early-skip rskip mode=1 signhide tmvp b-intra strong-intra-smoothing deblock sao
core,17,3683229722,mt19937,128,128,10,yuv420p,IPB,cqp,16,,frame-threads=1:pools=4:log-level=info:keyint=250:min-keyint=25:bframes=4:b-adapt=2:scenecut=0:qp=16,245760,211878,,0.8621337890625,,4191.32,16.9,1,2,7,13.0,16.0,17.71,False,0.233,57.41,False,1.427645,3.50603,42.6826,9,1.395789,3.362634,42.864,9,1.495557,3.821289,42.3087,8,1.487158,3.764355,42.3739,8,eee653d14e77d257a65cb47572c7d524a793af3b0b1643dec3a348cbb1fb7fdd,rd=3 psy-rd=2.00 early-skip rskip mode=1 signhide tmvp b-intra strong-intra-smoothing deblock sao
core,17,3683229722,mt19937,128,128,10,yuv420p,IPB,cqp,18,,frame-threads=1:pools=4:log-level=info:keyint=250:min-keyint=25:bframes=4:b-adapt=2:scenecut=0:qp=18,245760,198383,,0.8072224934895833,,3921.42,18.9,1,2,7,15.0,18.0,19.71,False,0.2311,55.69,False,1.793656,5.436365,40.7777,12,1.762952,5.276904,40.907,11,1.847949,5.717383,40.5588,12,1.862183,5.793188,40.5016,11,eee653d14e77d257a65cb47572c7d524a793af3b0b1643dec3a348cbb1fb7fdd,rd=3 psy-rd=2.00 early-skip rskip mode=1 signhide tmvp b-intra strong-intra-smoothing deblock sao
core,17,3683229722,mt19937,128,128,10,yuv420p,IPB,cqp,20,,frame-threads=1:pools=4:log-level=info:keyint=250:min-keyint=25:bframes=4:b-adapt=2:scenecut=0:qp=20,245760,185533,,0.7549357096354167,,3664.42,20.9,1,2,7,17.0,20.0,21.71,False,0.2117,60.72,False,2.23999,8.343213,38.9175,14,2.207257,8.127582,39.0312,14,2.310156,8.826465,38.6729,14,2.300757,8.722485,38.7244,13,eee653d14e77d257a65cb47572c7d524a793af3b0b1643dec3a348cbb1fb7fdd,rd=3 psy-rd=2.00 early-skip rskip mode=1 signhide tmvp b-intra strong-intra-smoothing deblock sao
core,17,3683229722,mt19937,128,128,10,yuv420p,IPB,cqp,24,,frame-threads=1:pools=4:log-level=info:keyint=250:min-keyint=25:bframes=4:b-adapt=2:scenecut=0:qp=24,245760,159198,,0.6477783203125,,3137.72,24.9,1,2,7,21.0,24.0,25.71,False,0.2629,48.95,False,3.567053,20.824565,34.945,26,3.522729,20.292468,35.0575,21,3.664429,21.988159,34.7089,22,3.646973,21.789355,34.7484,26,eee653d14e77d257a65cb47572c7d524a793af3b0b1643dec3a348cbb1fb7fdd,rd=3 psy-rd=2.00 early-skip rskip mode=1 signhide tmvp b-intra strong-intra-smoothing deblock sao
core,17,3683229722,mt19937,128,128,10,yuv420p,IPB,cqp,28,,frame-threads=1:pools=4:log-level=info:keyint=250:min-keyint=25:bframes=4:b-adapt=2:scenecut=0:qp=28,245760,136314,,0.5546630859375,,2680.04,28.9,1,2,7,25.0,28.0,29.71,False,0.245,52.76,False,5.506812,49.14471,31.216,34,5.544196,49.875702,31.1519,34,5.451416,48.082275,31.311,28,5.412671,47.283179,31.3837,30,eee653d14e77d257a65cb47572c7d524a793af3b0b1643dec3a348cbb1fb7fdd,rd=3 psy-rd=2.00 early-skip rskip mode=1 signhide tmvp b-intra strong-intra-smoothing deblock sao
core,17,3683229722,mt19937,128,128,10,yuv420p,IPB,cqp,32,,frame-threads=1:pools=4:log-level=info:keyint=250:min-keyint=25:bframes=4:b-adapt=2:scenecut=0:qp=32,245760,114092,,0.4642415364583333,,2235.6,32.9,1,2,7,29.0,32.0,33.71,False,0.2657,46.67,False,8.510583,117.568787,27.4279,54,8.720221,123.571893,27.2116,54,8.050024,104.733081,27.93,49,8.132593,106.392065,27.8617,49,eee653d14e77d257a65cb47572c7d524a793af3b0b1643dec3a348cbb1fb7fdd,rd=3 psy-rd=2.00 early-skip rskip mode=1 signhide tmvp b-intra strong-intra-smoothing deblock sao
core,17,3683229722,mt19937,128,128,10,yuv420p,IPB,cqp,36,,frame-threads=1:pools=4:log-level=info:keyint=250:min-keyint=25:bframes=4:b-adapt=2:scenecut=0:qp=36,245760,93164,,0.37908528645833334,,1817.04,36.9,1,2,7,33.0,36.0,37.71,False,0.2332,53.7,False,12.738802,265.876115,23.884,84,13.820911,309.647388,23.2221,84,10.587378,178.900024,25.6047,56,10.561792,177.767114,25.6323,54,eee653d14e77d257a65cb47572c7d524a793af3b0b1643dec3a348cbb1fb7fdd,rd=3 psy-rd=2.00 early-skip rskip mode=1 signhide tmvp b-intra strong-intra-smoothing deblock sao
core,17,3683229722,mt19937,128,128,10,yuv420p,IPB,cqp,40,,frame-threads=1:pools=4:log-level=info:keyint=250:min-keyint=25:bframes=4:b-adapt=2:scenecut=0:qp=40,245760,70108,,0.2852701822916667,,1355.92,40.9,1,2,7,37.0,40.0,41.71,False,0.2324,55.53,False,19.10179,614.005216,20.2491,143,22.009784,780.179657,19.2089,143,13.304565,283.206519,23.6098,76,13.267041,280.106152,23.6576,71,eee653d14e77d257a65cb47572c7d524a793af3b0b1643dec3a348cbb1fb7fdd,rd=3 psy-rd=2.00 early-skip rskip mode=1 signhide tmvp b-intra strong-intra-smoothing deblock sao
core,17,3683229722,mt19937,128,128,10,yuv420p,IPB,cqp,44,,frame-threads=1:pools=4:log-level=info:keyint=250:min-keyint=25:bframes=4:b-adapt=2:scenecut=0:qp=44,245760,47676,,0.193994140625,,907.28,44.9,1,2,7,41.0,44.0,45.71,False,0.2123,63.3,False,29.431409,1475.999491,16.4399,217,34.971387,1944.814478,15.242,217,18.324146,538.360815,20.8201,100,18.37876,538.378223,20.8199,97,eee653d14e77d257a65cb47572c7d524a793af3b0b1643dec3a348cbb1fb7fdd,rd=3 psy-rd=2.00 early-skip rskip mode=1 signhide tmvp b-intra strong-intra-smoothing deblock sao
core,17,3683229722,mt19937,128,128,10,yuv420p,IPB,cqp,48,,frame-threads=1:pools=4:log-level=info:keyint=250:min-keyint=25:bframes=4:b-adapt=2:scenecut=0:qp=48,245760,17563,,0.07146402994791666,,305.02,48.9,1,2,7,45.0,48.0,49.71,False,0.1177,147.4,False,52.818457,4286.144458,11.8101,228,53.458453,4277.935199,11.8185,228,51.717676,4335.904199,11.76,211,51.359253,4269.221753,11.8273,208,eee653d14e77d257a65cb47572c7d524a793af3b0b1643dec3a348cbb1fb7fdd,rd=3 psy-rd=2.00 early-skip rskip mode=1 signhide tmvp b-intra strong-intra-smoothing deblock sao
core,17,3683229722,mt19937,128,128,10,yuv420p,IPB,cqp,51,,frame-threads=1:pools=4:log-level=info:keyint=250:min-keyint=25:bframes=4:b-adapt=2:scenecut=0:qp=51,245760,6669,,0.02713623046875,,87.14,51.9,1,2,7,48.0,51.0,52.71,False,0.0732,374.42,False,63.118014,5718.09176,10.5583,244,63.795343,5773.532672,10.5164,244,61.795337,5596.412524,10.6517,222,61.731372,5618.007349,10.635,237,eee653d14e77d257a65cb47572c7d524a793af3b0b1643dec3a348cbb1fb7fdd,rd=3 psy-rd=2.00 early-skip rskip mode=1 signhide tmvp b-intra strong-intra-smoothing deblock sao
core,18,1055800556,mt19937,128,128,10,yuv420p,IPB,lossless,,,frame-threads=1:pools=4:log-level=info:keyint=250:min-keyint=25:bframes=4:b-adapt=2:scenecut=0:lossless=1,245760,329622,330575,1.3412353515625,1.3451131184895833,6546.28,4.0,1,2,7,4.0,4.0,4.0,True,0.1804,75.73,True,0.0,0.0,inf,0,0.0,0.0,inf,0,0.0,0.0,inf,0,0.0,0.0,inf,0,2bb9c502fe0b7df1cc85b88cbece8ad0b1f047e504dc9a44b9af8190c5e8b194,rd=3 psy-rd=2.00 early-skip rskip mode=1 signhide tmvp b-intra strong-intra-smoothing deblock sao
core,18,1055800556,mt19937,128,128,10,yuv420p,IPB,cqp,0,,frame-threads=1:pools=4:log-level=info:keyint=250:min-keyint=25:bframes=4:b-adapt=2:scenecut=0:qp=0,245760,368606,,1.4998616536458333,,7326.42,0.0,1,2,7,0.0,0.0,0.0,False,0.2135,64.07,False,0.120406,0.120414,57.324,2,0.14223,0.142242,56.6005,2,0.07666,0.07666,59.2851,1,0.076855,0.076855,59.2741,1,2bb9c502fe0b7df1cc85b88cbece8ad0b1f047e504dc9a44b9af8190c5e8b194,rd=3 psy-rd=2.00 early-skip rskip mode=1 signhide tmvp b-intra strong-intra-smoothing deblock sao
core,18,1055800556,mt19937,128,128,10,yuv420p,IPB,cqp,4,,frame-threads=1:pools=4:log-level=info:keyint=250:min-keyint=25:bframes=4:b-adapt=2:scenecut=0:qp=4,245760,313064,,1.2738606770833334,,6215.06,4.9,1,2,7,1.0,4.0,5.71,False,0.1896,75.8,False,0.310999,0.318022,53.1062,2,0.32251,0.33042,52.9401,2,0.288135,0.293457,53.4554,2,0.287817,0.292993,53.4622,2,2bb9c502fe0b7df1cc85b88cbece8ad0b1f047e504dc9a44b9af8190c5e8b194,rd=3 psy-rd=2.00 early-skip rskip mode=1 signhide tmvp b-intra strong-intra-smoothing deblock sao
core,18,1055800556,mt19937,128,128,10,yuv420p,IPB,cqp,8,,frame-threads=1:pools=4:log-level=info:keyint=250:min-keyint=25:bframes=4:b-adapt=2:scenecut=0:qp=8,245760,272751,,1.10982666015625,,5408.8,8.9,1,2,7,5.0,8.0,9.71,False,0.2218,60.66,False,0.534733,0.642415,50.0526,4,0.545612,0.662103,49.9215,4,0.511426,0.601514,50.3383,4,0.514526,0.604565,50.3164,4,2bb9c502fe0b7df1cc85b88cbece8ad0b1f047e504dc9a44b9af8190c5e8b194,rd=3 psy-rd=2.00 early-skip rskip mode=1 signhide tmvp b-intra strong-intra-smoothing deblock sao
core,18,1055800556,mt19937,128,128,10,yuv420p,IPB,cqp,10,,frame-threads=1:pools=4:log-level=info:keyint=250:min-keyint=25:bframes=4:b-adapt=2:scenecut=0:qp=10,245760,255703,,1.0404581705729166,,5067.82,10.9,1,2,7,7.0,10.0,11.71,False,0.1946,71.98,False,0.686845,0.954146,48.3347,5,0.696759,0.978156,48.2267,5,0.664941,0.901514,48.5811,4,0.669092,0.910742,48.5368,4,2bb9c502fe0b7df1cc85b88cbece8ad0b1f047e504dc9a44b9af8190c5e8b194,rd=3 psy-rd=2.00 early-skip rskip mode=1 signhide tmvp b-intra strong-intra-smoothing deblock sao
core,18,1055800556,mt19937,128,128,10,yuv420p,IPB,cqp,12,,frame-threads=1:pools=4:log-level=info:keyint=250:min-keyint=25:bframes=4:b-adapt=2:scenecut=0:qp=12,245760,238203,,0.96925048828125,,4717.82,12.9,1,2,7,9.0,12.0,13.71,False,0.2303,55.4,False,0.899304,1.50649,46.3511,7,0.89895,1.509717,46.3418,7,0.901489,1.509351,46.3429,6,0.898535,1.490723,46.3968,5,2bb9c502fe0b7df1cc85b88cbece8ad0b1f047e504dc9a44b9af8190c5e8b194,rd=3 psy-rd=2.00 early-skip rskip mode=1 signhide tmvp b-intra strong-intra-smoothing deblock sao
core,18,1055800556,mt19937,128,128,10,yuv420p,IPB,cqp,14,,frame-threads=1:pools=4:log-level=info:keyint=250:min-keyint=25:bframes=4:b-adapt=2:scenecut=0:qp=14,245760,225030,,0.9156494140625,,4454.36,14.9,1,2,7,11.0,14.0,15.71,False,0.2343,57.17,False,1.13619,2.301799,44.5101,8,1.121637,2.248175,44.6125,8,1.165259,2.41438,44.3027,8,1.165332,2.403711,44.322,7,2bb9c502fe0b7df1cc85b88cbece8ad0b1f047e504dc9a44b9af8190c5e8b194,rd=3 psy-rd=2.00 early-skip rskip mode=1 signhide tmvp b-intra strong-intra-smoothing deblock sao
core,18,1055800556,mt19937,128,128,10,yuv420p,IPB,cqp,16,,frame-threads=1:pools=4:log-level=info:keyint=250:min-keyint=25:bframes=4:b-adapt=2:scenecut=0:qp=16,245760,212528,,0.8647786458333333,,4204.32,16.9,1,2,7,13.0,16.0,17.71,False,0.2063,62.47,False,1.430908,3.516642,42.6695,10,1.402545,3.390021,42.8288,10,1.486426,3.763916,42.3744,10,1.488843,3.775854,42.3607,8,2bb9c502fe0b7df1cc85b88cbece8ad0b1f047e504dc9a44b9af8190c5e8b194,rd=3 psy-rd=2.00 early-skip rskip mode=1 signhide tmvp b-intra strong-intra-smoothing deblock sao
core,18,1055800556,mt19937,128,128,10,yuv420p,IPB,cqp,18,,frame-threads=1:pools=4:log-level=info:keyint=250:min-keyint=25:bframes=4:b-adapt=2:scenecut=0:qp=18,245760,198714,,0.8085693359375,,3928.04,18.9,1,2,7,15.0,18.0,19.71,False,0.2254,59.69,False,1.792322,5.429952,40.7828,12,1.766675,5.289148,40.8969,10,1.841162,5.68335,40.5848,11,1.846069,5.739771,40.5419,12,2bb9c502fe0b7df1cc85b88cbece8ad0b1f047e504dc9a44b9af8190c5e8b194,rd=3 psy-rd=2.00 early-skip rskip mode=1 signhide tmvp b-intra strong-intra-smoothing deblock sao
core,18,1055800556,mt19937,128,128,10,yuv420p,IPB,cqp,20,,frame-threads=1:pools=4:log-level=info:keyint=250:min-keyint=25:bframes=4:b-adapt=2:scenecut=0:qp=20,245760,183910,,0.7483317057291666,,3631.96,20.9,1,2,7,17.0,20.0,21.71,False,0.2561,50.53,False,2.261312,8.432121,38.8714,15,2.232953,8.23139,38.9761,15,2.317676,8.85083,38.661,13,2.318384,8.816333,38.6779,14,2bb9c502fe0b7df1cc85b88cbece8ad0b1f047e504dc9a44b9af8190c5e8b194,rd=3 psy-rd=2.00 early-skip rskip mode=1 signhide tmvp b-intra strong-intra-smoothing deblock sao
core,18,1055800556,mt19937,128,128,10,yuv420p,IPB,cqp,24,,frame-threads=1:pools=4:log-level=info:keyint=250:min-keyint=25:bframes=4:b-adapt=2:scenecut=0:qp=24,245760,159194,,0.6477620442708333,,3137.64,24.9,1,2,7,21.0,24.0,25.71,False,0.2246,58.78,False,3.567623,20.80011,34.9501,23,3.528632,20.328802,35.0497,22,3.650952,21.777075,34.7508,21,3.640259,21.708374,34.7645,23,2bb9c502fe0b7df1cc85b88cbece8ad0b1f047e504dc9a44b9af8190c5e8b194,rd=3 psy-rd=2.00 early-skip rskip mode=1 signhide tmvp b-intra strong-intra-smoothing deblock sao
core,18,1055800556,mt19937,128,128,10,yuv420p,IPB,cqp,28,,frame-threads=1:pools=4:log-level=info:keyint=250:min-keyint=25:bframes=4:b-adapt=2:scenecut=0:qp=28,245760,135697,,0.5521525065104167,,2667.7,28.9,1,2,7,25.0,28.0,29.71,False,0.2361,54.53,False,5.506681,49.161214,31.2146,33,5.546289,49.986121,31.1423,32,5.432764,47.450684,31.3684,33,5.422168,47.572119,31.3573,30,2bb9c502fe0b7df1cc85b88cbece8ad0b1f047e504dc9a44b9af8190c5e8b194,rd=3 psy-rd=2.00 early-skip rskip mode=1 signhide tmvp b-intra strong-intra-smoothing deblock sao
core,18,1055800556,mt19937,128,128,10,yuv420p,IPB,cqp,32,,frame-threads=1:pools=4:log-level=info:keyint=250:min-keyint=25:bframes=4:b-adapt=2:scenecut=0:qp=32,245760,113080,,0.4601236979166667,,2215.36,32.9,1,2,7,29.0,32.0,33.71,False,0.2754,45.51,False,8.566715,118.795573,27.3828,53,8.781122,124.854791,27.1668,52,8.177954,107.594116,27.8129,45,8.097852,105.760156,27.8876,53,2bb9c502fe0b7df1cc85b88cbece8ad0b1f047e504dc9a44b9af8190c5e8b194,rd=3 psy-rd=2.00 early-skip rskip mode=1 signhide tmvp b-intra strong-intra-smoothing deblock sao
core,18,1055800556,mt19937,128,128,10,yuv420p,IPB,cqp,36,,frame-threads=1:pools=4:log-level=info:keyint=250:min-keyint=25:bframes=4:b-adapt=2:scenecut=0:qp=36,245760,92305,,0.3755900065104167,,1799.86,36.9,1,2,7,33.0,36.0,37.71,False,0.2331,54.26,False,12.789714,267.896672,23.8511,85,13.883423,312.199695,23.1865,85,10.590771,179.300146,25.595,60,10.613818,179.281104,25.5955,61,2bb9c502fe0b7df1cc85b88cbece8ad0b1f047e504dc9a44b9af8190c5e8b194,rd=3 psy-rd=2.00 early-skip rskip mode=1 signhide tmvp b-intra strong-intra-smoothing deblock sao
core,18,1055800556,mt19937,128,128,10,yuv420p,IPB,cqp,40,,frame-threads=1:pools=4:log-level=info:keyint=250:min-keyint=25:bframes=4:b-adapt=2:scenecut=0:qp=40,245760,70396,,0.28644205729166666,,1361.68,40.9,1,2,7,37.0,40.0,41.71,False,0.2276,56.97,False,19.076025,611.331698,20.268,135,21.933508,775.2078,19.2366,135,13.384912,285.378711,23.5766,74,13.337207,281.780273,23.6317,68,2bb9c502fe0b7df1cc85b88cbece8ad0b1f047e504dc9a44b9af8190c5e8b194,rd=3 psy-rd=2.00 early-skip rskip mode=1 signhide tmvp b-intra strong-intra-smoothing deblock sao
core,18,1055800556,mt19937,128,128,10,yuv420p,IPB,cqp,44,,frame-threads=1:pools=4:log-level=info:keyint=250:min-keyint=25:bframes=4:b-adapt=2:scenecut=0:qp=44,245760,47774,,0.19439290364583334,,909.24,44.9,1,2,7,41.0,44.0,45.71,False,0.2082,62.19,False,29.315694,1467.652559,16.4646,192,34.881183,1937.142511,15.2592,192,18.1604,527.00498,20.9127,96,18.209033,530.340332,20.8853,97,2bb9c502fe0b7df1cc85b88cbece8ad0b1f047e504dc9a44b9af8190c5e8b194,rd=3 psy-rd=2.00 early-skip rskip mode=1 signhide tmvp b-intra strong-intra-smoothing deblock sao
core,18,1055800556,mt19937,128,128,10,yuv420p,IPB,cqp,48,,frame-threads=1:pools=4:log-level=info:keyint=250:min-keyint=25:bframes=4:b-adapt=2:scenecut=0:qp=48,245760,17504,,0.07122395833333334,,303.84,48.9,1,2,7,45.0,48.0,49.71,False,0.1375,125.66,False,52.958244,4309.253377,11.7868,248,53.257349,4261.383398,11.8353,248,52.445435,4408.139722,11.6883,218,52.274634,4401.846948,11.6945,212,2bb9c502fe0b7df1cc85b88cbece8ad0b1f047e504dc9a44b9af8190c5e8b194,rd=3 psy-rd=2.00 early-skip rskip mode=1 signhide tmvp b-intra strong-intra-smoothing deblock sao
core,18,1055800556,mt19937,128,128,10,yuv420p,IPB,cqp,51,,frame-threads=1:pools=4:log-level=info:keyint=250:min-keyint=25:bframes=4:b-adapt=2:scenecut=0:qp=51,245760,6948,,0.028271484375,,92.72,51.9,1,2,7,48.0,51.0,52.71,False,0.0909,318.39,False,63.847925,5928.021794,10.4017,247,64.057349,5869.387598,10.4449,239,63.606909,6075.920874,10.2947,239,63.251245,6014.659497,10.3387,247,2bb9c502fe0b7df1cc85b88cbece8ad0b1f047e504dc9a44b9af8190c5e8b194,rd=3 psy-rd=2.00 early-skip rskip mode=1 signhide tmvp b-intra strong-intra-smoothing deblock sao
core,19,675193925,mt19937,128,128,10,yuv420p,IPB,lossless,,,frame-threads=1:pools=4:log-level=info:keyint=250:min-keyint=25:bframes=4:b-adapt=2:scenecut=0:lossless=1,245760,330362,331315,1.3442464192708334,1.3481241861979167,6561.08,4.0,1,2,7,4.0,4.0,4.0,True,0.1996,67.68,True,0.0,0.0,inf,0,0.0,0.0,inf,0,0.0,0.0,inf,0,0.0,0.0,inf,0,f78142d371c4b2cfe413db3b7121514c5263a979a877cd08091237e586a349f6,rd=3 psy-rd=2.00 early-skip rskip mode=1 signhide tmvp b-intra strong-intra-smoothing deblock sao
core,19,675193925,mt19937,128,128,10,yuv420p,IPB,cqp,0,,frame-threads=1:pools=4:log-level=info:keyint=250:min-keyint=25:bframes=4:b-adapt=2:scenecut=0:qp=0,245760,368428,,1.4991373697916666,,7322.86,0.0,1,2,7,0.0,0.0,0.0,False,0.1841,78.08,False,0.120711,0.120728,57.3127,2,0.142712,0.142737,56.5854,2,0.07561,0.07561,59.345,1,0.077808,0.077808,59.2206,1,f78142d371c4b2cfe413db3b7121514c5263a979a877cd08091237e586a349f6,rd=3 psy-rd=2.00 early-skip rskip mode=1 signhide tmvp b-intra strong-intra-smoothing deblock sao
core,19,675193925,mt19937,128,128,10,yuv420p,IPB,cqp,4,,frame-threads=1:pools=4:log-level=info:keyint=250:min-keyint=25:bframes=4:b-adapt=2:scenecut=0:qp=4,245760,312845,,1.2729695638020833,,6210.68,4.9,1,2,7,1.0,4.0,5.71,False,0.1929,71.96,False,0.311825,0.319368,53.0879,2,0.324524,0.333105,52.905,2,0.284985,0.290552,53.4986,2,0.287866,0.293237,53.4586,2,f78142d371c4b2cfe413db3b7121514c5263a979a877cd08091237e586a349f6,rd=3 psy-rd=2.00 early-skip rskip mode=1 signhide tmvp b-intra strong-intra-smoothing deblock sao
core,19,675193925,mt19937,128,128,10,yuv420p,IPB,cqp,8,,frame-threads=1:pools=4:log-level=info:keyint=250:min-keyint=25:bframes=4:b-adapt=2:scenecut=0:qp=8,245760,272542,,1.1089762369791667,,5404.62,8.9,1,2,7,5.0,8.0,9.71,False,0.2219,61.2,False,0.536674,0.645618,50.031,4,0.545361,0.661218,49.9274,4,0.51958,0.612891,50.257,3,0.519019,0.615942,50.2354,3,f78142d371c4b2cfe413db3b7121514c5263a979a877cd08091237e586a349f6,rd=3 psy-rd=2.00 early-skip rskip mode=1 signhide tmvp b-intra strong-intra-smoothing deblock sao
core,19,675193925,mt19937,128,128,10,yuv420p,IPB,cqp,10,,frame-threads=1:pools=4:log-level=info:keyint=250:min-keyint=25:bframes=4:b-adapt=2:scenecut=0:qp=10,245760,255464,,1.0394856770833334,,5063.04,10.9,1,2,7,7.0,10.0,11.71,False,0.2191,62.19,False,0.688607,0.955013,48.3307,5,0.6961,0.974738,48.2419,5,0.672559,0.916895,48.5076,4,0.674683,0.914233,48.5202,4,f78142d371c4b2cfe413db3b7121514c5263a979a877cd08091237e586a349f6,rd=3 psy-rd=2.00 early-skip rskip mode=1 signhide tmvp b-intra strong-intra-smoothing deblock sao
core,19,675193925,mt19937,128,128,10,yuv420p,IPB,cqp,12,,frame-threads=1:pools=4:log-level=info:keyint=250:min-keyint=25:bframes=4:b-adapt=2:scenecut=0:qp=12,245760,238995,,0.97247314453125,,4733.66,12.9,1,2,7,9.0,12.0,13.71,False,0.2109,65.51,False,0.887036,1.472624,46.4499,6,0.887146,1.477441,46.4357,6,0.885767,1.461938,46.4815,6,0.887866,1.464038,46.4753,6,f78142d371c4b2cfe413db3b7121514c5263a979a877cd08091237e586a349f6,rd=3 psy-rd=2.00 early-skip rskip mode=1 signhide tmvp b-intra strong-intra-smoothing deblock sao
core,19,675193925,mt19937,128,128,10,yuv420p,IPB,cqp,14,,frame-threads=1:pools=4:log-level=info:keyint=250:min-keyint=25:bframes=4:b-adapt=2:scenecut=0:qp=14,245760,225472,,0.9174479166666667,,4463.2,14.9,1,2,7,11.0,14.0,15.71,False,0.2347,55.91,False,1.135356,2.297148,44.5189,7,1.120428,2.241058,44.6263,7,1.163037,2.396875,44.3343,7,1.167383,2.421777,44.2895,7,f78142d371c4b2cfe413db3b7121514c5263a979a877cd08091237e586a349f6,rd=3 psy-rd=2.00 early-skip rskip mode=1 signhide tmvp b-intra strong-intra-smoothing deblock sao
core,19,675193925,mt19937,128,128,10,yuv420p,IPB,cqp,16,,frame-threads=1:pools=4:log-level=info:keyint=250:min-keyint=25:bframes=4:b-adapt=2:scenecut=0:qp=16,245760,211394,,0.8601643880208333,,4181.64,16.9,1,2,7,13.0,16.0,17.71,False,0.2375,52.65,False,1.446346,3.55804,42.6187,10,1.421887,3.441028,42.7639,9,1.496924,3.79751,42.3358,10,1.493604,3.786621,42.3483,9,f78142d371c4b2cfe413db3b7121514c5263a979a877cd08091237e586a349f6,rd=3 psy-rd=2.00 early-skip rskip mode=1 signhide tmvp b-intra strong-intra-smoothing deblock sao
core,19,675193925,mt19937,128,128,10,yuv420p,IPB,cqp,18,,frame-threads=1:pools=4:log-level=info:keyint=250:min-keyint=25:bframes=4:b-adapt=2:scenecut=0:qp=18,245760,197477,,0.8035359700520833,,3903.3,18.9,1,2,7,15.0,18.0,19.71,False,0.2621,48.87,False,1.804069,5.442546,40.7728,12,1.7797,5.295618,40.8916,10,1.853174,5.749561,40.5345,12,1.852441,5.723242,40.5544,11,f78142d371c4b2cfe413db3b7121514c5263a979a877cd08091237e586a349f6,rd=3 psy-rd=2.00 early-skip rskip mode=1 signhide tmvp b-intra strong-intra-smoothing deblock sao
core,19,675193925,mt19937,128,128,10,yuv420p,IPB,cqp,20,,frame-threads=1:pools=4:log-level=info:keyint=250:min-keyint=25:bframes=4:b-adapt=2:scenecut=0:qp=20,245760,184475,,0.7506306966145834,,3643.26,20.9,1,2,7,17.0,20.0,21.71,False,0.236,55.05,False,2.258846,8.437345,38.8687,13,2.231287,8.254187,38.9641,13,2.308838,8.75625,38.7076,13,2.319092,8.851074,38.6608,13,f78142d371c4b2cfe413db3b7121514c5263a979a877cd08091237e586a349f6,rd=3 psy-rd=2.00 early-skip rskip mode=1 signhide tmvp b-intra strong-intra-smoothing deblock sao
core,19,675193925,mt19937,128,128,10,yuv420p,IPB,cqp,24,,frame-threads=1:pools=4:log-level=info:keyint=250:min-keyint=25:bframes=4:b-adapt=2:scenecut=0:qp=24,245760,160394,,0.6526448567708333,,3161.64,24.9,1,2,7,21.0,24.0,25.71,False,0.2646,47.42,False,3.553377,20.632267,34.9853,24,3.516418,20.230615,35.0707,24,3.621753,21.328442,34.8412,21,3.632837,21.5427,34.7978,21,f78142d371c4b2cfe413db3b7121514c5263a979a877cd08091237e586a349f6,rd=3 psy-rd=2.00 early-skip rskip mode=1 signhide tmvp b-intra strong-intra-smoothing deblock sao
core,19,675193925,mt19937,128,128,10,yuv420p,IPB,cqp,28,,frame-threads=1:pools=4:log-level=info:keyint=250:min-keyint=25:bframes=4:b-adapt=2:scenecut=0:qp=28,245760,136511,,0.5554646809895833,,2683.98,28.9,1,2,7,25.0,28.0,29.71,False,0.2572,47.81,False,5.504272,49.182243,31.2127,33,5.541034,49.989935,31.142,33,5.432153,47.536108,31.3606,29,5.429346,47.597607,31.355,29,f78142d371c4b2cfe413db3b7121514c5263a979a877cd08091237e586a349f6,rd=3 psy-rd=2.00 early-skip rskip mode=1 signhide tmvp b-intra strong-intra-smoothing deblock sao
core,19,675193925,mt19937,128,128,10,yuv420p,IPB,cqp,32,,frame-threads=1:pools=4:log-level=info:keyint=250:min-keyint=25:bframes=4:b-adapt=2:scenecut=0:qp=32,245760,113236,,0.46075846354166666,,2218.48,32.9,1,2,7,29.0,32.0,33.71,False,0.2241,58.63,False,8.596468,119.585685,27.354,57,8.806189,125.514709,27.1439,57,8.195386,108.047485,27.7947,50,8.158667,107.407788,27.8204,46,f78142d371c4b2cfe413db3b7121514c5263a979a877cd08091237e586a349f6,rd=3 psy-rd=2.00 early-skip rskip mode=1 signhide tmvp b-intra strong-intra-smoothing deblock sao
core,19,675193925,mt19937,128,128,10,yuv420p,IPB,cqp,36,,frame-threads=1:pools=4:log-level=info:keyint=250:min-keyint=25:bframes=4:b-adapt=2:scenecut=0:qp=36,245760,93144,,0.37900390625,,1816.64,36.9,1,2,7,33.0,36.0,37.71,False,0.2199,61.83,False,12.698682,264.257633,23.9105,83,13.775806,307.665283,23.25,83,10.557739,178.188843,25.622,58,10.531128,176.695825,25.6585,57,f78142d371c4b2cfe413db3b7121514c5263a979a877cd08091237e586a349f6,rd=3 psy-rd=2.00 early-skip rskip mode=1 signhide tmvp b-intra strong-intra-smoothing deblock sao
core,19,675193925,mt19937,128,128,10,yuv420p,IPB,cqp,40,,frame-threads=1:pools=4:log-level=info:keyint=250:min-keyint=25:bframes=4:b-adapt=2:scenecut=0:qp=40,245760,70741,,0.28784586588541666,,1368.58,40.9,1,2,7,37.0,40.0,41.71,False,0.2438,52.46,False,19.012032,608.476705,20.2884,126,21.848322,771.726056,19.2562,126,13.351782,283.240063,23.6093,69,13.327124,280.715942,23.6481,77,f78142d371c4b2cfe413db3b7121514c5263a979a877cd08091237e586a349f6,rd=3 psy-rd=2.00 early-skip rskip mode=1 signhide tmvp b-intra strong-intra-smoothing deblock sao
core,19,675193925,mt19937,128,128,10,yuv420p,IPB,cqp,44,,frame-threads=1:pools=4:log-level=info:keyint=250:min-keyint=25:bframes=4:b-adapt=2:scenecut=0:qp=44,245760,47922,,0.1949951171875,,912.2,44.9,1,2,7,41.0,44.0,45.71,False,0.2041,65.88,False,29.308598,1467.299817,16.4656,204,34.857092,1935.701709,15.2624,204,18.195361,529.242969,20.8943,90,18.227856,531.749097,20.8737,98,f78142d371c4b2cfe413db3b7121514c5263a979a877cd08091237e586a349f6,rd=3 psy-rd=2.00 early-skip rskip mode=1 signhide tmvp b-intra strong-intra-smoothing deblock sao
core,19,675193925,mt19937,128,128,10,yuv420p,IPB,cqp,48,,frame-threads=1:pools=4:log-level=info:keyint=250:min-keyint=25:bframes=4:b-adapt=2:scenecut=0:qp=48,245760,17488,,0.07115885416666666,,303.52,48.9,1,2,7,45.0,48.0,49.71,False,0.1493,110.75,False,53.235059,4373.147038,11.7229,245,53.598914,4330.454041,11.7655,236,52.655103,4463.989575,11.6336,245,52.359595,4453.076489,11.6442,214,f78142d371c4b2cfe413db3b7121514c5263a979a877cd08091237e586a349f6,rd=3 psy-rd=2.00 early-skip rskip mode=1 signhide tmvp b-intra strong-intra-smoothing deblock sao
core,19,675193925,mt19937,128,128,10,yuv420p,IPB,cqp,51,,frame-threads=1:pools=4:log-level=info:keyint=250:min-keyint=25:bframes=4:b-adapt=2:scenecut=0:qp=51,245760,7063,,0.028739420572916667,,95.02,51.9,1,2,7,48.0,51.0,52.71,False,0.0943,269.96,False,64.329716,6056.213375,10.3088,248,64.68147,6013.666528,10.3394,248,63.497192,6121.651245,10.2621,245,63.755225,6160.962891,10.2343,233,f78142d371c4b2cfe413db3b7121514c5263a979a877cd08091237e586a349f6,rd=3 psy-rd=2.00 early-skip rskip mode=1 signhide tmvp b-intra strong-intra-smoothing deblock sao
core,0,2070845828,mt19937,256,256,10,yuv420p,all-I,lossless,,,frame-threads=1:pools=4:log-level=info:keyint=1:min-keyint=1:scenecut=0:lossless=1,983040,1312856,1313820,1.3355061848958334,1.33648681640625,25804.92,4.0,10,0,0,4.0,,,True,0.5811,18.93,True,0.0,0.0,inf,0,0.0,0.0,inf,0,0.0,0.0,inf,0,0.0,0.0,inf,0,5e6d77c7da864357482cc3c9b9860e4197f11c88f6b46d7bbf7f1ffecadf0a59,rd=3 psy-rd=2.00 early-skip rskip mode=1 signhide tmvp b-intra strong-intra-smoothing deblock sao
core,0,2070845828,mt19937,256,256,10,yuv420p,all-I,cqp,0,,frame-threads=1:pools=4:log-level=info:keyint=1:min-keyint=1:scenecut=0:qp=0,983040,1480066,1481030,1.5056009928385417,1.5065816243489583,29151.12,0.0,10,0,0,0.0,,,False,0.7334,14.76,False,0.014186,0.014186,66.6123,1,0.01492,0.01492,66.3931,1,0.012921,0.012921,67.0178,1,0.012512,0.012512,67.1575,1,5e6d77c7da864357482cc3c9b9860e4197f11c88f6b46d7bbf7f1ffecadf0a59,rd=3 psy-rd=2.00 early-skip rskip mode=1 signhide tmvp b-intra strong-intra-smoothing deblock sao
core,0,2070845828,mt19937,256,256,10,yuv420p,all-I,cqp,4,,frame-threads=1:pools=4:log-level=info:keyint=1:min-keyint=1:scenecut=0:qp=4,983040,1431344,1432308,1.4560384114583333,1.45701904296875,28174.08,1.0,10,0,0,1.0,,,False,0.735,14.57,False,0.023572,0.023572,64.4069,1,0.024214,0.024214,64.2901,1,0.022064,0.022064,64.6939,1,0.02251,0.02251,64.6071,1,5e6d77c7da864357482cc3c9b9860e4197f11c88f6b46d7bbf7f1ffecadf0a59,rd=3 psy-rd=2.00 early-skip rskip mode=1 signhide tmvp b-intra strong-intra-smoothing deblock sao
core,0,2070845828,mt19937,256,256,10,yuv420p,all-I,cqp,8,,frame-threads=1:pools=4:log-level=info:keyint=1:min-keyint=1:scenecut=0:qp=8,983040,1248217,1249181,1.269751993815104,1.270732625325521,24511.54,5.0,10,0,0,5.0,,,False,0.7135,15.06,False,0.115557,0.115559,57.5028,2,0.104034,0.104034,57.959,1,0.139307,0.139319,56.6907,2,0.137897,0.137897,56.7353,1,5e6d77c7da864357482cc3c9b9860e4197f11c88f6b46d7bbf7f1ffecadf0a59,rd=3 psy-rd=2.00 early-skip rskip mode=1 signhide tmvp b-intra strong-intra-smoothing deblock sao
core,0,2070845828,mt19937,256,256,10,yuv420p,all-I,cqp,10,,frame-threads=1:pools=4:log-level=info:keyint=1:min-keyint=1:scenecut=0:qp=10,983040,1167445,1168409,1.1875864664713542,1.1885670979817708,22895.9,7.0,10,0,0,7.0,,,False,0.7067,15.4,False,0.19839,0.198725,55.1483,2,0.178873,0.178967,55.6031,2,0.237787,0.238617,54.3538,2,0.237061,0.237866,54.3675,2,5e6d77c7da864357482cc3c9b9860e4197f11c88f6b46d7bbf7f1ffecadf0a59,rd=3 psy-rd=2.00 early-skip rskip mode=1 signhide tmvp b-intra strong-intra-smoothing deblock sao
core,0,2070845828,mt19937,256,256,10,yuv420p,all-I,cqp,12,,frame-threads=1:pools=4:log-level=info:keyint=1:min-keyint=1:scenecut=0:qp=12,983040,1090712,1091676,1.1095296223958333,1.11051025390625,21361.24,9.0,10,0,0,9.0,,,False,0.7252,14.87,False,0.305306,0.309568,53.2232,2,0.281148,0.283037,53.6124,2,0.354156,0.362946,52.5324,2,0.353088,0.362317,52.5399,2,5e6d77c7da864357482cc3c9b9860e4197f11c88f6b46d7bbf7f1ffecadf0a59,rd=3 psy-rd=2.00 early-skip rskip mode=1 signhide tmvp b-intra strong-intra-smoothing deblock sao
core,0,2070845828,mt19937,256,256,10,yuv420p,all-I,cqp,14,,frame-threads=1:pools=4:log-level=info:keyint=1:min-keyint=1:scenecut=0:qp=14,983040,1025049,1025997,1.0427337646484376,1.0436981201171875,20047.98,11.0,10,0,0,11.0,,,False,0.7212,14.96,False,0.428522,0.455139,51.5494,3,0.403206,0.419942,51.8989,3,0.479022,0.524396,50.9342,3,0.479285,0.526672,50.9154,3,5e6d77c7da864357482cc3c9b9860e4197f11c88f6b46d7bbf7f1ffecadf0a59,rd=3 psy-rd=2.00 early-skip rskip mode=1 signhide tmvp b-intra strong-intra-smoothing deblock sao
core,0,2070845828,mt19937,256,256,10,yuv420p,all-I,cqp,16,,frame-threads=1:pools=4:log-level=info:keyint=1:min-keyint=1:scenecut=0:qp=16,983040,969923,970871,0.9866566975911458,0.9876210530598958,18945.46,13.0,10,0,0,13.0,,,False,0.6956,15.4,False,0.574039,0.68106,49.799,4,0.545927,0.628227,50.1496,3,0.630121,0.78642,49.1743,3,0.630402,0.78703,49.1709,4,5e6d77c7da864357482cc3c9b9860e4197f11c88f6b46d7bbf7f1ffecadf0a59,rd=3 psy-rd=2.00 early-skip rskip mode=1 signhide tmvp b-intra strong-intra-smoothing deblock sao
core,0,2070845828,mt19937,256,256,10,yuv420p,all-I,cqp,18,,frame-threads=1:pools=4:log-level=info:keyint=1:min-keyint=1:scenecut=0:qp=18,983040,914561,915509,0.9303395589192708,0.9313039143880208,17838.22,15.0,10,0,0,15.0,,,False,0.6736,15.92,False,0.78085,1.125628,47.6169,5,0.75695,1.068004,47.8451,5,0.828149,1.240393,47.1952,5,0.82915,1.241357,47.1918,5,5e6d77c7da864357482cc3c9b9860e4197f11c88f6b46d7bbf7f1ffecadf0a59,rd=3 psy-rd=2.00 early-skip rskip mode=1 signhide tmvp b-intra strong-intra-smoothing deblock sao
core,0,2070845828,mt19937,256,256,10,yuv420p,all-I,cqp,20,,frame-threads=1:pools=4:log-level=info:keyint=1:min-keyint=1:scenecut=0:qp=20,983040,849223,850171,0.8638743082682292,0.8648386637369792,16531.46,17.0,10,0,0,17.0,,,False,0.6827,15.9,False,1.139975,2.223685,44.6601,8,1.096751,2.06515,44.9813,7,1.227844,2.544482,44.0748,7,1.225,2.537024,44.0876,8,5e6d77c7da864357482cc3c9b9860e4197f11c88f6b46d7bbf7f1ffecadf0a59,rd=3 psy-rd=2.00 early-skip rskip mode=1 signhide tmvp b-intra strong-intra-smoothing deblock sao
core,0,2070845828,mt19937,256,256,10,yuv420p,all-I,cqp,24,,frame-threads=1:pools=4:log-level=info:keyint=1:min-keyint=1:scenecut=0:qp=24,983040,741545,742493,0.7543385823567709,0.7553029378255208,14377.9,21.0,10,0,0,21.0,,,False,0.7038,15.32,False,1.802871,5.282231,40.9026,11,1.771832,5.104202,41.0515,11,1.864337,5.636603,40.6206,10,1.865558,5.639972,40.618,10,5e6d77c7da864357482cc3c9b9860e4197f11c88f6b46d7bbf7f1ffecadf0a59,rd=3 psy-rd=2.00 early-skip rskip mode=1 signhide tmvp b-intra strong-intra-smoothing deblock sao
core,0,2070845828,mt19937,256,256,10,yuv420p,all-I,cqp,28,,frame-threads=1:pools=4:log-level=info:keyint=1:min-keyint=1:scenecut=0:qp=28,983040,642808,643756,0.6538981119791667,0.6548624674479167,12403.16,25.0,10,0,0,25.0,,,False,0.7328,14.58,False,2.850255,12.981967,36.9974,19,2.784868,12.383049,37.2025,17,2.978815,14.167706,36.6178,19,2.983246,14.191901,36.6104,17,5e6d77c7da864357482cc3c9b9860e4197f11c88f6b46d7bbf7f1ffecadf0a59,rd=3 psy-rd=2.00 early-skip rskip mode=1 signhide tmvp b-intra strong-intra-smoothing deblock sao
core,0,2070845828,mt19937,256,256,10,yuv420p,all-I,cqp,32,,frame-threads=1:pools=4:log-level=info:keyint=1:min-keyint=1:scenecut=0:qp=32,983040,546525,547473,0.5559539794921875,0.5569183349609375,10477.5,29.0,10,0,0,29.0,,,False,0.7125,15.02,False,4.551163,32.845857,32.966,28,4.457155,31.476735,33.1509,26,4.743976,35.666315,32.6082,27,4.734381,35.501886,32.6283,28,5e6d77c7da864357482cc3c9b9860e4197f11c88f6b46d7bbf7f1ffecadf0a59,rd=3 psy-rd=2.00 early-skip rskip mode=1 signhide tmvp b-intra strong-intra-smoothing deblock sao
core,0,2070845828,mt19937,256,256,10,yuv420p,all-I,cqp,36,,frame-threads=1:pools=4:log-level=info:keyint=1:min-keyint=1:scenecut=0:qp=36,983040,461882,462830,0.46985066731770836,0.4708150227864583,8784.64,33.0,10,0,0,33.0,,,False,0.7244,14.86,False,6.908416,75.509995,29.3508,44,7.070564,79.118736,29.148,44,6.596716,68.557837,29.7702,41,6.571521,68.027185,29.804,38,5e6d77c7da864357482cc3c9b9860e4197f11c88f6b46d7bbf7f1ffecadf0a59,rd=3 psy-rd=2.00 early-skip rskip mode=1 signhide tmvp b-intra strong-intra-smoothing deblock sao
core,0,2070845828,mt19937,256,256,10,yuv420p,all-I,cqp,40,,frame-threads=1:pools=4:log-level=info:keyint=1:min-keyint=1:scenecut=0:qp=40,983040,388706,389654,0.39541219075520834,0.39637654622395835,7321.12,37.0,10,0,0,37.0,,,False,0.7312,14.59,False,10.217562,168.176813,25.8731,66,11.179573,197.996877,25.1642,66,8.288739,108.244,27.7868,46,8.29834,108.82937,27.7633,46,5e6d77c7da864357482cc3c9b9860e4197f11c88f6b46d7bbf7f1ffecadf0a59,rd=3 psy-rd=2.00 early-skip rskip mode=1 signhide tmvp b-intra strong-intra-smoothing deblock sao
core,0,2070845828,mt19937,256,256,10,yuv420p,all-I,cqp,44,,frame-threads=1:pools=4:log-level=info:keyint=1:min-keyint=1:scenecut=0:qp=44,983040,312623,313571,0.3180165608723958,0.31898091634114584,5799.46,41.0,10,0,0,41.0,,,False,0.6887,15.85,False,15.361694,394.696041,22.1682,110,17.868872,507.403128,21.0773,110,10.348425,169.246301,25.8456,60,10.346252,169.317432,25.8438,57,5e6d77c7da864357482cc3c9b9860e4197f11c88f6b46d7bbf7f1ffecadf0a59,rd=3 psy-rd=2.00 early-skip rskip mode=1 signhide tmvp b-intra strong-intra-smoothing deblock sao
core,0,2070845828,mt19937,256,256,10,yuv420p,all-I,cqp,48,,frame-threads=1:pools=4:log-level=info:keyint=1:min-keyint=1:scenecut=0:qp=48,983040,230344,231292,0.23431803385416666,0.23528238932291667,4153.88,45.0,10,0,0,45.0,,,False,0.6576,16.67,False,23.510859,946.868143,18.3679,182,27.961523,1251.438046,17.1567,182,14.618066,338.371973,22.8369,85,14.600995,337.084698,22.8534,80,5e6d77c7da864357482cc3c9b9860e4197f11c88f6b46d7bbf7f1ffecadf0a59,rd=3 psy-rd=2.00 early-skip rskip mode=1 signhide tmvp b-intra strong-intra-smoothing deblock sao
core,0,2070845828,mt19937,256,256,10,yuv420p,all-I,cqp,51,,frame-threads=1:pools=4:log-level=info:keyint=1:min-keyint=1:scenecut=0:qp=51,983040,168133,169081,0.17103373209635417,0.17199808756510418,2909.66,48.0,10,0,0,48.0,,,False,0.573,19.1,False,32.923201,1833.237921,15.4986,233,39.239395,2423.270602,14.2868,233,20.284778,653.144202,19.9807,115,20.296851,653.200916,19.9803,114,5e6d77c7da864357482cc3c9b9860e4197f11c88f6b46d7bbf7f1ffecadf0a59,rd=3 psy-rd=2.00 early-skip rskip mode=1 signhide tmvp b-intra strong-intra-smoothing deblock sao
core,1,3837722845,mt19937,256,256,10,yuv420p,all-I,lossless,,,frame-threads=1:pools=4:log-level=info:keyint=1:min-keyint=1:scenecut=0:lossless=1,983040,1310174,1311138,1.3327779134114583,1.333758544921875,25751.28,4.0,10,0,0,4.0,,,True,0.5477,20.01,True,0.0,0.0,inf,0,0.0,0.0,inf,0,0.0,0.0,inf,0,0.0,0.0,inf,0,72444c18d6e9739538f3a72eb31f0d8b7ced750b8458c5ae0264ed5400c645a2,rd=3 psy-rd=2.00 early-skip rskip mode=1 signhide tmvp b-intra strong-intra-smoothing deblock sao
core,1,3837722845,mt19937,256,256,10,yuv420p,all-I,cqp,0,,frame-threads=1:pools=4:log-level=info:keyint=1:min-keyint=1:scenecut=0:qp=0,983040,1479161,,1.504680379231771,,29133.02,0.0,10,0,0,0.0,,,False,0.7327,14.71,False,0.014268,0.014268,66.5872,1,0.015213,0.015213,66.3087,1,0.012286,0.012286,67.2366,1,0.012469,0.012469,67.1723,1,72444c18d6e9739538f3a72eb31f0d8b7ced750b8458c5ae0264ed5400c645a2,rd=3 psy-rd=2.00 early-skip rskip mode=1 signhide tmvp b-intra strong-intra-smoothing deblock sao
core,1,3837722845,mt19937,256,256,10,yuv420p,all-I,cqp,4,,frame-threads=1:pools=4:log-level=info:keyint=1:min-keyint=1:scenecut=0:qp=4,983040,1430409,,1.4550872802734376,,28155.38,1.0,10,0,0,1.0,,,False,0.7239,14.93,False,0.023066,0.023066,64.501,1,0.02401,0.02401,64.3269,1,0.021155,0.021155,64.8767,1,0.021204,0.021204,64.8667,1,72444c18d6e9739538f3a72eb31f0d8b7ced750b8458c5ae0264ed5400c645a2,rd=3 psy-rd=2.00 early-skip rskip mode=1 signhide tmvp b-intra strong-intra-smoothing deblock sao
core,1,3837722845,mt19937,256,256,10,yuv420p,all-I,cqp,8,,frame-threads=1:pools=4:log-level=info:keyint=1:min-keyint=1:scenecut=0:qp=8,983040,1247629,,1.269153849283854,,24499.78,5.0,10,0,0,5.0,,,False,0.7249,14.73,False,0.114994,0.115,57.5238,2,0.103114,0.103117,57.9975,2,0.138531,0.138544,56.7149,2,0.138977,0.138989,56.701,2,72444c18d6e9739538f3a72eb31f0d8b7ced750b8458c5ae0264ed5400c645a2,rd=3 psy-rd=2.00 early-skip rskip mode=1 signhide tmvp b-intra strong-intra-smoothing deblock sao
core,1,3837722845,mt19937,256,256,10,yuv420p,all-I,cqp,10,,frame-threads=1:pools=4:log-level=info:keyint=1:min-keyint=1:scenecut=0:qp=10,983040,1166982,,1.187115478515625,,22886.64,7.0,10,0,0,7.0,,,False,0.6725,16.07,False,0.198087,0.198414,55.1551,2,0.178668,0.17876,55.6081,2,0.237756,0.238647,54.3532,2,0.23609,0.236798,54.387,2,72444c18d6e9739538f3a72eb31f0d8b7ced750b8458c5ae0264ed5400c645a2,rd=3 psy-rd=2.00 early-skip rskip mode=1 signhide tmvp b-intra strong-intra-smoothing deblock sao
core,1,3837722845,mt19937,256,256,10,yuv420p,all-I,cqp,12,,frame-threads=1:pools=4:log-level=info:keyint=1:min-keyint=1:scenecut=0:qp=12,983040,1090570,,1.1093851725260417,,21358.4,9.0,10,0,0,9.0,,,False,0.7225,14.84,False,0.305013,0.309259,53.2276,2,0.28035,0.282193,53.6253,2,0.354266,0.363385,52.5271,2,0.354413,0.363397,52.527,2,72444c18d6e9739538f3a72eb31f0d8b7ced750b8458c5ae0264ed5400c645a2,rd=3 psy-rd=2.00 early-skip rskip mode=1 signhide tmvp b-intra strong-intra-smoothing deblock sao
core,1,3837722845,mt19937,256,256,10,yuv420p,all-I,cqp,14,,frame-threads=1:pools=4:log-level=info:keyint=1:min-keyint=1:scenecut=0:qp=14,983040,1024696,,1.0423746744791667,,20040.92,11.0,10,0,0,11.0,,,False,0.7448,14.49,False,0.428087,0.454723,51.5533,3,0.402945,0.419751,51.9009,2,0.478076,0.524829,50.9306,3,0.478668,0.524506,50.9333,3,72444c18d6e9739538f3a72eb31f0d8b7ced750b8458c5ae0264ed5400c645a2,rd=3 psy-rd=2.00 early-skip rskip mode=1 signhide tmvp b-intra strong-intra-smoothing deblock sao
core,1,3837722845,mt19937,256,256,10,yuv420p,all-I,cqp,16,,frame-threads=1:pools=4:log-level=info:keyint=1:min-keyint=1:scenecut=0:qp=16,983040,969625,,0.9863535563151041,,18939.5,13.0,10,0,0,13.0,,,False,0.6673,16.13,False,0.574626,0.682833,49.7877,4,0.546426,0.629721,50.1393,4,0.630878,0.788495,49.1628,4,0.631171,0.789618,49.1566,4,72444c18d6e9739538f3a72eb31f0d8b7ced750b8458c5ae0264ed5400c645a2,rd=3 psy-rd=2.00 early-skip rskip mode=1 signhide tmvp b-intra strong-intra-smoothing deblock sao
core,1,3837722845,mt19937,256,256,10,yuv420p,all-I,cqp,18,,frame-threads=1:pools=4:log-level=info:keyint=1:min-keyint=1:scenecut=0:qp=18,983040,914989,,0.9307749430338542,,17846.78,15.0,10,0,0,15.0,,,False,0.675,15.98,False,0.776743,1.111675,47.671,6,0.751541,1.050699,47.916,5,0.827954,1.233435,47.2196,5,0.826337,1.23382,47.2183,6,72444c18d6e9739538f3a72eb31f0d8b7ced750b8458c5ae0264ed5400c645a2,rd=3 psy-rd=2.00 early-skip rskip mode=1 signhide tmvp b-intra strong-intra-smoothing deblock sao
core,1,3837722845,mt19937,256,256,10,yuv420p,all-I,cqp,20,,frame-threads=1:pools=4:log-level=info:keyint=1:min-keyint=1:scenecut=0:qp=20,983040,858078,,0.872882080078125,,16708.56,17.0,10,0,0,17.0,,,False,0.7065,15.29,False,1.084821,2.032562,45.0504,7,1.016447,1.795256,45.5895,7,1.222638,2.513129,44.1287,7,1.220496,2.501221,44.1493,7,72444c18d6e9739538f3a72eb31f0d8b7ced750b8458c5ae0264ed5400c645a2,rd=3 psy-rd=2.00 early-skip rskip mode=1 signhide tmvp b-intra strong-intra-smoothing deblock sao
core,1,3837722845,mt19937,256,256,10,yuv420p,all-I,cqp,24,,frame-threads=1:pools=4:log-level=info:keyint=1:min-keyint=1:scenecut=0:qp=24,983040,743705,,0.7565358479817709,,14421.1,21.0,10,0,0,21.0,,,False,0.7148,14.99,False,1.786739,5.194196,40.9756,11,1.750536,4.991066,41.1489,11,1.862457,5.611676,40.6399,11,1.855835,5.589233,40.6573,11,72444c18d6e9739538f3a72eb31f0d8b7ced750b8458c5ae0264ed5400c645a2,rd=3 psy-rd=2.00 early-skip rskip mode=1 signhide tmvp b-intra strong-intra-smoothing deblock sao
core,1,3837722845,mt19937,256,256,10,yuv420p,all-I,cqp,28,,frame-threads=1:pools=4:log-level=info:keyint=1:min-keyint=1:scenecut=0:qp=28,983040,642410,,0.6534932454427084,,12395.2,25.0,10,0,0,25.0,,,False,0.6929,15.63,False,2.853276,12.995074,36.993,19,2.78918,12.411543,37.1925,17,2.982233,14.170367,36.617,18,2.980701,14.153906,36.622,19,72444c18d6e9739538f3a72eb31f0d8b7ced750b8458c5ae0264ed5400c645a2,rd=3 psy-rd=2.00 early-skip rskip mode=1 signhide tmvp b-intra strong-intra-smoothing deblock sao
core,1,3837722845,mt19937,256,256,10,yuv420p,all-I,cqp,32,,frame-threads=1:pools=4:log-level=info:keyint=1:min-keyint=1:scenecut=0:qp=32,983040,546233,,0.5556569417317708,,10471.66,29.0,10,0,0,29.0,,,False,0.6892,15.75,False,4.545543,32.809305,32.9708,28,4.453099,31.48951,33.1491,28,4.718909,35.237622,32.6607,27,4.741956,35.660168,32.609,27,72444c18d6e9739538f3a72eb31f0d8b7ced750b8458c5ae0264ed5400c645a2,rd=3 psy-rd=2.00 early-skip rskip mode=1 signhide tmvp b-intra strong-intra-smoothing deblock sao
core,1,3837722845,mt19937,256,256,10,yuv420p,all-I,cqp,36,,frame-threads=1:pools=4:log-level=info:keyint=1:min-keyint=1:scenecut=0:qp=36,983040,461952,,0.469921875,,8786.04,33.0,10,0,0,33.0,,,False,0.6879,15.78,False,6.904005,75.465081,29.3533,45,7.06394,79.005533,29.1542,45,6.586139,68.515314,29.7729,39,6.582129,68.25304,29.7896,39,72444c18d6e9739538f3a72eb31f0d8b7ced750b8458c5ae0264ed5400c645a2,rd=3 psy-rd=2.00 early-skip rskip mode=1 signhide tmvp b-intra strong-intra-smoothing deblock sao
core,1,3837722845,mt19937,256,256,10,yuv420p,all-I,cqp,40,,frame-threads=1:pools=4:log-level=info:keyint=1:min-keyint=1:scenecut=0:qp=40,983040,388668,,0.39537353515625,,7320.36,37.0,10,0,0,37.0,,,False,0.7275,14.92,False,10.233261,168.700168,25.8596,69,11.193532,198.469795,25.1539,69,8.311072,109.024597,27.7556,46,8.314368,109.297229,27.7447,48,72444c18d6e9739538f3a72eb31f0d8b7ced750b8458c5ae0264ed5400c645a2,rd=3 psy-rd=2.00 early-skip rskip mode=1 signhide tmvp b-intra strong-intra-smoothing deblock sao
core,1,3837722845,mt19937,256,256,10,yuv420p,all-I,cqp,44,,frame-threads=1:pools=4:log-level=info:keyint=1:min-keyint=1:scenecut=0:qp=44,983040,312487,,0.3178782145182292,,5796.74,41.0,10,0,0,41.0,,,False,0.6903,15.63,False,15.362482,394.536778,22.1699,113,17.85968,506.862189,21.0819,113,10.39519,170.614099,25.8107,61,10.340979,169.157813,25.8479,59,72444c18d6e9739538f3a72eb31f0d8b7ced750b8458c5ae0264ed5400c645a2,rd=3 psy-rd=2.00 early-skip rskip mode=1 signhide tmvp b-intra strong-intra-smoothing deblock sao
core,1,3837722845,mt19937,256,256,10,yuv420p,all-I,cqp,48,,frame-threads=1:pools=4:log-level=info:keyint=1:min-keyint=1:scenecut=0:qp=48,983040,230454,,0.234429931640625,,4156.08,45.0,10,0,0,45.0,,,False,0.6187,17.62,False,23.492063,945.606689,18.3737,171,27.947888,1249.891382,17.1621,171,14.584894,337.660944,22.846,85,14.575934,336.413666,22.8621,85,72444c18d6e9739538f3a72eb31f0d8b7ced750b8458c5ae0264ed5400c645a2,rd=3 psy-rd=2.00 early-skip rskip mode=1 signhide tmvp b-intra strong-intra-smoothing deblock sao
core,1,3837722845,mt19937,256,256,10,yuv420p,all-I,cqp,51,,frame-threads=1:pools=4:log-level=info:keyint=1:min-keyint=1:scenecut=0:qp=51,983040,167962,,0.17085978190104167,,2906.24,48.0,10,0,0,48.0,,,False,0.5689,19.46,False,32.946738,1836.958182,15.4898,247,39.248279,2427.024158,14.2801,247,20.293262,653.650562,19.9773,112,20.394049,660.001898,19.9354,115,72444c18d6e9739538f3a72eb31f0d8b7ced750b8458c5ae0264ed5400c645a2,rd=3 psy-rd=2.00 early-skip rskip mode=1 signhide tmvp b-intra strong-intra-smoothing deblock sao
core,2,3457116214,mt19937,256,256,10,yuv420p,all-I,lossless,,,frame-threads=1:pools=4:log-level=info:keyint=1:min-keyint=1:scenecut=0:lossless=1,983040,1308028,1308992,1.3305948893229167,1.3315755208333333,25708.36,4.0,10,0,0,4.0,,,True,0.5994,18.44,True,0.0,0.0,inf,0,0.0,0.0,inf,0,0.0,0.0,inf,0,0.0,0.0,inf,0,205b1f085a9b9185661d61a50efd272e704c61f4540a0a7b7cf89e85e2c837a1,rd=3 psy-rd=2.00 early-skip rskip mode=1 signhide tmvp b-intra strong-intra-smoothing deblock sao
core,2,3457116214,mt19937,256,256,10,yuv420p,all-I,cqp,0,,frame-threads=1:pools=4:log-level=info:keyint=1:min-keyint=1:scenecut=0:qp=0,983040,1480464,,1.506005859375,,29159.08,0.0,10,0,0,0.0,,,False,0.7028,15.18,False,0.01417,0.01417,66.617,1,0.015103,0.015103,66.3401,1,0.012439,0.012439,67.183,1,0.01217,0.01217,67.2778,1,205b1f085a9b9185661d61a50efd272e704c61f4540a0a7b7cf89e85e2c837a1,rd=3 psy-rd=2.00 early-skip rskip mode=1 signhide tmvp b-intra strong-intra-smoothing deblock sao
