experiment,sample,seed,source,width,height,frames,pix_fmt,structure,rc_mode,qp,variant,x265_params,raw_bytes,hevc_bytes,mp4_bytes,ratio_hevc,ratio_mp4,kbps,avg_qp,frames_I,frames_P,frames_B,avgqp_I,avgqp_P,avgqp_B,lossless_rc,encode_wall_s,encode_fps,identical,mae_all,mse_all,psnr_all,max_err_all,mae_Y,mse_Y,psnr_Y,max_err_Y,mae_U,mse_U,psnr_U,max_err_U,mae_V,mse_V,psnr_V,max_err_V,input_sha256,tools
gray,0,2557943700,mt19937,256,256,10,gray,IPB,lossless,,,frame-threads=1:pools=4:log-level=info:keyint=250:min-keyint=25:bframes=4:b-adapt=2:scenecut=0:lossless=1,655360,860180,,1.312530517578125,,17157.5,4.0,1,2,7,4.0,4.0,4.0,True,0.3358,35.43,True,0.0,0.0,inf,0,0.0,0.0,inf,0,,,,,,,,,3c6a0e051d9d81ef75e582442f48b5a315185df9eff83db2679d6bbe79c3eefa,rd=3 psy-rd=2.00 early-skip rskip mode=1 signhide tmvp b-intra strong-intra-smoothing deblock sao
gray,0,2557943700,mt19937,256,256,10,gray,IPB,cqp,0,,frame-threads=1:pools=4:log-level=info:keyint=250:min-keyint=25:bframes=4:b-adapt=2:scenecut=0:qp=0,655360,973963,,1.4861495971679688,,19433.62,0.0,1,2,7,0.0,0.0,0.0,False,0.3175,37.43,False,0.139041,0.139053,56.699,2,0.139041,0.139053,56.699,2,,,,,,,,,3c6a0e051d9d81ef75e582442f48b5a315185df9eff83db2679d6bbe79c3eefa,rd=3 psy-rd=2.00 early-skip rskip mode=1 signhide tmvp b-intra strong-intra-smoothing deblock sao
gray,0,2557943700,mt19937,256,256,10,gray,IPB,cqp,4,,frame-threads=1:pools=4:log-level=info:keyint=250:min-keyint=25:bframes=4:b-adapt=2:scenecut=0:qp=4,655360,827116,,1.262078857421875,,16496.16,4.9,1,2,7,1.0,4.0,5.71,False,0.352,34.05,False,0.319328,0.327608,52.9773,3,0.319328,0.327608,52.9773,3,,,,,,,,,3c6a0e051d9d81ef75e582442f48b5a315185df9eff83db2679d6bbe79c3eefa,rd=3 psy-rd=2.00 early-skip rskip mode=1 signhide tmvp b-intra strong-intra-smoothing deblock sao
gray,0,2557943700,mt19937,256,256,10,gray,IPB,cqp,8,,frame-threads=1:pools=4:log-level=info:keyint=250:min-keyint=25:bframes=4:b-adapt=2:scenecut=0:qp=8,655360,719451,,1.0977951049804688,,14342.86,8.9,1,2,7,5.0,8.0,9.71,False,0.3796,30.52,False,0.543489,0.658134,49.9477,4,0.543489,0.658134,49.9477,4,,,,,,,,,3c6a0e051d9d81ef75e582442f48b5a315185df9eff83db2679d6bbe79c3eefa,rd=3 psy-rd=2.00 early-skip rskip mode=1 signhide tmvp b-intra strong-intra-smoothing deblock sao
gray,0,2557943700,mt19937,256,256,10,gray,IPB,cqp,10,,frame-threads=1:pools=4:log-level=info:keyint=250:min-keyint=25:bframes=4:b-adapt=2:scenecut=0:qp=10,655360,676575,,1.0323715209960938,,13485.32,10.9,1,2,7,7.0,10.0,11.71,False,0.3654,32.6,False,0.684505,0.946504,48.3696,5,0.684505,0.946504,48.3696,5,,,,,,,,,3c6a0e051d9d81ef75e582442f48b5a315185df9eff83db2679d6bbe79c3eefa,rd=3 psy-rd=2.00 early-skip rskip mode=1 signhide tmvp b-intra strong-intra-smoothing deblock sao
gray,0,2557943700,mt19937,256,256,10,gray,IPB,cqp,12,,frame-threads=1:pools=4:log-level=info:keyint=250:min-keyint=25:bframes=4:b-adapt=2:scenecut=0:qp=12,655360,635699,,0.9699996948242188,,12667.8,12.9,1,2,7,9.0,12.0,13.71,False,0.3649,31.59,False,0.869774,1.423674,46.5967,6,0.869774,1.423674,46.5967,6,,,,,,,,,3c6a0e051d9d81ef75e582442f48b5a315185df9eff83db2679d6bbe79c3eefa,rd=3 psy-rd=2.00 early-skip rskip mode=1 signhide tmvp b-intra strong-intra-smoothing deblock sao
gray,0,2557943700,mt19937,256,256,10,gray,IPB,cqp,14,,frame-threads=1:pools=4:log-level=info:keyint=250:min-keyint=25:bframes=4:b-adapt=2:scenecut=0:qp=14,655360,601586,,0.9179473876953125,,11985.54,14.9,1,2,7,11.0,14.0,15.71,False,0.3981,29.91,False,1.093663,2.136613,44.8335,7,1.093663,2.136613,44.8335,7,,,,,,,,,3c6a0e051d9d81ef75e582442f48b5a315185df9eff83db2679d6bbe79c3eefa,rd=3 psy-rd=2.00 early-skip rskip mode=1 signhide tmvp b-intra strong-intra-smoothing deblock sao
gray,0,2557943700,mt19937,256,256,10,gray,IPB,cqp,16,,frame-threads=1:pools=4:log-level=info:keyint=250:min-keyint=25:bframes=4:b-adapt=2:scenecut=0:qp=16,655360,566506,,0.8644195556640625,,11283.94,16.9,1,2,7,13.0,16.0,17.71,False,0.3702,31.74,False,1.369814,3.242165,43.0225,9,1.369814,3.242165,43.0225,9,,,,,,,,,3c6a0e051d9d81ef75e582442f48b5a315185df9eff83db2679d6bbe79c3eefa,rd=3 psy-rd=2.00 early-skip rskip mode=1 signhide tmvp b-intra strong-intra-smoothing deblock sao
gray,0,2557943700,mt19937,256,256,10,gray,IPB,cqp,18,,frame-threads=1:pools=4:log-level=info:keyint=250:min-keyint=25:bframes=4:b-adapt=2:scenecut=0:qp=18,655360,530994,,0.8102325439453125,,10573.7,18.9,1,2,7,15.0,18.0,19.71,False,0.3715,30.78,False,1.734196,5.101457,41.0539,12,1.734196,5.101457,41.0539,12,,,,,,,,,3c6a0e051d9d81ef75e582442f48b5a315185df9eff83db2679d6bbe79c3eefa,rd=3 psy-rd=2.00 early-skip rskip mode=1 signhide tmvp b-intra strong-intra-smoothing deblock sao
gray,0,2557943700,mt19937,256,256,10,gray,IPB,cqp,20,,frame-threads=1:pools=4:log-level=info:keyint=250:min-keyint=25:bframes=4:b-adapt=2:scenecut=0:qp=20,655360,496470,,0.7575531005859375,,9883.22,20.9,1,2,7,17.0,20.0,21.71,False,0.3845,29.84,False,2.17148,7.861549,39.1757,14,2.17148,7.861549,39.1757,14,,,,,,,,,3c6a0e051d9d81ef75e582442f48b5a315185df9eff83db2679d6bbe79c3eefa,rd=3 psy-rd=2.00 early-skip rskip mode=1 signhide tmvp b-intra strong-intra-smoothing deblock sao
gray,0,2557943700,mt19937,256,256,10,gray,IPB,cqp,24,,frame-threads=1:pools=4:log-level=info:keyint=250:min-keyint=25:bframes=4:b-adapt=2:scenecut=0:qp=24,655360,431424,,0.65830078125,,8582.3,24.9,1,2,7,21.0,24.0,25.71,False,0.4102,28.56,False,3.420326,19.326268,35.2693,22,3.420326,19.326268,35.2693,22,,,,,,,,,3c6a0e051d9d81ef75e582442f48b5a315185df9eff83db2679d6bbe79c3eefa,rd=3 psy-rd=2.00 early-skip rskip mode=1 signhide tmvp b-intra strong-intra-smoothing deblock sao
gray,0,2557943700,mt19937,256,256,10,gray,IPB,cqp,28,,frame-threads=1:pools=4:log-level=info:keyint=250:min-keyint=25:bframes=4:b-adapt=2:scenecut=0:qp=28,655360,364871,,0.5567489624023437,,7251.24,28.9,1,2,7,25.0,28.0,29.71,False,0.399,28.55,False,5.396619,47.420047,31.3712,34,5.396619,47.420047,31.3712,34,,,,,,,,,3c6a0e051d9d81ef75e582442f48b5a315185df9eff83db2679d6bbe79c3eefa,rd=3 psy-rd=2.00 early-skip rskip mode=1 signhide tmvp b-intra strong-intra-smoothing deblock sao
gray,0,2557943700,mt19937,256,256,10,gray,IPB,cqp,32,,frame-threads=1:pools=4:log-level=info:keyint=250:min-keyint=25:bframes=4:b-adapt=2:scenecut=0:qp=32,655360,301107,,0.45945281982421876,,5975.96,32.9,1,2,7,29.0,32.0,33.71,False,0.4067,28.07,False,8.536792,118.652927,27.388,59,8.536792,118.652927,27.388,59,,,,,,,,,3c6a0e051d9d81ef75e582442f48b5a315185df9eff83db2679d6bbe79c3eefa,rd=3 psy-rd=2.00 early-skip rskip mode=1 signhide tmvp b-intra strong-intra-smoothing deblock sao
gray,0,2557943700,mt19937,256,256,10,gray,IPB,cqp,36,,frame-threads=1:pools=4:log-level=info:keyint=250:min-keyint=25:bframes=4:b-adapt=2:scenecut=0:qp=36,655360,237892,,0.362994384765625,,4711.66,36.9,1,2,7,33.0,36.0,37.71,False,0.3719,30.52,False,13.385469,292.291499,23.4726,90,13.385469,292.291499,23.4726,90,,,,,,,,,3c6a0e051d9d81ef75e582442f48b5a315185df9eff83db2679d6bbe79c3eefa,rd=3 psy-rd=2.00 early-skip rskip mode=1 signhide tmvp b-intra strong-intra-smoothing deblock sao
gray,0,2557943700,mt19937,256,256,10,gray,IPB,cqp,40,,frame-threads=1:pools=4:log-level=info:keyint=250:min-keyint=25:bframes=4:b-adapt=2:scenecut=0:qp=40,655360,171744,,0.262060546875,,3388.7,40.9,1,2,7,37.0,40.0,41.71,False,0.3868,29.99,False,20.822945,704.219118,19.6537,135,20.822945,704.219118,19.6537,135,,,,,,,,,3c6a0e051d9d81ef75e582442f48b5a315185df9eff83db2679d6bbe79c3eefa,rd=3 psy-rd=2.00 early-skip rskip mode=1 signhide tmvp b-intra strong-intra-smoothing deblock sao
gray,0,2557943700,mt19937,256,256,10,gray,IPB,cqp,44,,frame-threads=1:pools=4:log-level=info:keyint=250:min-keyint=25:bframes=4:b-adapt=2:scenecut=0:qp=44,655360,99763,,0.15222625732421874,,1949.08,44.9,1,2,7,41.0,44.0,45.71,False,0.357,33.13,False,33.470728,1800.518127,15.5768,209,33.470728,1800.518127,15.5768,209,,,,,,,,,3c6a0e051d9d81ef75e582442f48b5a315185df9eff83db2679d6bbe79c3eefa,rd=3 psy-rd=2.00 early-skip rskip mode=1 signhide tmvp b-intra strong-intra-smoothing deblock sao
gray,0,2557943700,mt19937,256,256,10,gray,IPB,cqp,48,,frame-threads=1:pools=4:log-level=info:keyint=250:min-keyint=25:bframes=4:b-adapt=2:scenecut=0:qp=48,655360,36978,,0.0564239501953125,,693.38,48.9,1,2,7,45.0,48.0,49.71,False,0.2086,62.89,False,52.496149,4109.550082,11.9929,248,52.496149,4109.550082,11.9929,248,,,,,,,,,3c6a0e051d9d81ef75e582442f48b5a315185df9eff83db2679d6bbe79c3eefa,rd=3 psy-rd=2.00 early-skip rskip mode=1 signhide tmvp b-intra strong-intra-smoothing deblock sao
gray,0,2557943700,mt19937,256,256,10,gray,IPB,cqp,51,,frame-threads=1:pools=4:log-level=info:keyint=250:min-keyint=25:bframes=4:b-adapt=2:scenecut=0:qp=51,655360,10091,,0.01539764404296875,,155.64,51.9,1,2,7,48.0,51.0,52.71,False,0.1241,148.33,False,64.065329,5842.928128,10.4645,255,64.065329,5842.928128,10.4645,255,,,,,,,,,3c6a0e051d9d81ef75e582442f48b5a315185df9eff83db2679d6bbe79c3eefa,rd=3 psy-rd=2.00 early-skip rskip mode=1 signhide tmvp b-intra strong-intra-smoothing deblock sao
gray,1,2177337069,mt19937,256,256,10,gray,IPB,lossless,,,frame-threads=1:pools=4:log-level=info:keyint=250:min-keyint=25:bframes=4:b-adapt=2:scenecut=0:lossless=1,655360,860742,,1.3133880615234375,,17168.74,4.0,1,2,7,4.0,4.0,4.0,True,0.3484,33.97,True,0.0,0.0,inf,0,0.0,0.0,inf,0,,,,,,,,,294ed5be24e07ccb811006f955bfb461a54b502d690e2b862b4cbd10e5857686,rd=3 psy-rd=2.00 early-skip rskip mode=1 signhide tmvp b-intra strong-intra-smoothing deblock sao
gray,1,2177337069,mt19937,256,256,10,gray,IPB,cqp,0,,frame-threads=1:pools=4:log-level=info:keyint=250:min-keyint=25:bframes=4:b-adapt=2:scenecut=0:qp=0,655360,974669,,1.4872268676757812,,19447.74,0.0,1,2,7,0.0,0.0,0.0,False,0.3462,33.96,False,0.138847,0.138866,56.7049,2,0.138847,0.138866,56.7049,2,,,,,,,,,294ed5be24e07ccb811006f955bfb461a54b502d690e2b862b4cbd10e5857686,rd=3 psy-rd=2.00 early-skip rskip mode=1 signhide tmvp b-intra strong-intra-smoothing deblock sao
gray,1,2177337069,mt19937,256,256,10,gray,IPB,cqp,4,,frame-threads=1:pools=4:log-level=info:keyint=250:min-keyint=25:bframes=4:b-adapt=2:scenecut=0:qp=4,655360,827433,,1.2625625610351563,,16502.5,4.9,1,2,7,1.0,4.0,5.71,False,0.3662,33.08,False,0.318922,0.327049,52.9847,3,0.318922,0.327049,52.9847,3,,,,,,,,,294ed5be24e07ccb811006f955bfb461a54b502d690e2b862b4cbd10e5857686,rd=3 psy-rd=2.00 early-skip rskip mode=1 signhide tmvp b-intra strong-intra-smoothing deblock sao
gray,1,2177337069,mt19937,256,256,10,gray,IPB,cqp,8,,frame-threads=1:pools=4:log-level=info:keyint=250:min-keyint=25:bframes=4:b-adapt=2:scenecut=0:qp=8,655360,718849,,1.0968765258789062,,14330.82,8.9,1,2,7,5.0,8.0,9.71,False,0.3884,30.24,False,0.544545,0.661732,49.924,4,0.544545,0.661732,49.924,4,,,,,,,,,294ed5be24e07ccb811006f955bfb461a54b502d690e2b862b4cbd10e5857686,rd=3 psy-rd=2.00 early-skip rskip mode=1 signhide tmvp b-intra strong-intra-smoothing deblock sao
gray,1,2177337069,mt19937,256,256,10,gray,IPB,cqp,10,,frame-threads=1:pools=4:log-level=info:keyint=250:min-keyint=25:bframes=4:b-adapt=2:scenecut=0:qp=10,655360,676986,,1.0329986572265626,,13493.54,10.9,1,2,7,7.0,10.0,11.71,False,0.3731,32.02,False,0.684471,0.948134,48.3621,4,0.684471,0.948134,48.3621,4,,,,,,,,,294ed5be24e07ccb811006f955bfb461a54b502d690e2b862b4cbd10e5857686,rd=3 psy-rd=2.00 early-skip rskip mode=1 signhide tmvp b-intra strong-intra-smoothing deblock sao
gray,1,2177337069,mt19937,256,256,10,gray,IPB,cqp,12,,frame-threads=1:pools=4:log-level=info:keyint=250:min-keyint=25:bframes=4:b-adapt=2:scenecut=0:qp=12,655360,636003,,0.9704635620117188,,12673.88,12.9,1,2,7,9.0,12.0,13.71,False,0.3972,29.75,False,0.867691,1.417935,46.6142,6,0.867691,1.417935,46.6142,6,,,,,,,,,294ed5be24e07ccb811006f955bfb461a54b502d690e2b862b4cbd10e5857686,rd=3 psy-rd=2.00 early-skip rskip mode=1 signhide tmvp b-intra strong-intra-smoothing deblock sao
gray,1,2177337069,mt19937,256,256,10,gray,IPB,cqp,14,,frame-threads=1:pools=4:log-level=info:keyint=250:min-keyint=25:bframes=4:b-adapt=2:scenecut=0:qp=14,655360,601281,,0.9174819946289062,,11979.44,14.9,1,2,7,11.0,14.0,15.71,False,0.3696,31.06,False,1.093864,2.141917,44.8228,7,1.093864,2.141917,44.8228,7,,,,,,,,,294ed5be24e07ccb811006f955bfb461a54b502d690e2b862b4cbd10e5857686,rd=3 psy-rd=2.00 early-skip rskip mode=1 signhide tmvp b-intra strong-intra-smoothing deblock sao
gray,1,2177337069,mt19937,256,256,10,gray,IPB,cqp,16,,frame-threads=1:pools=4:log-level=info:keyint=250:min-keyint=25:bframes=4:b-adapt=2:scenecut=0:qp=16,655360,566949,,0.8650955200195313,,11292.8,16.9,1,2,7,13.0,16.0,17.71,False,0.387,30.68,False,1.370515,3.24864,43.0138,9,1.370515,3.24864,43.0138,9,,,,,,,,,294ed5be24e07ccb811006f955bfb461a54b502d690e2b862b4cbd10e5857686,rd=3 psy-rd=2.00 early-skip rskip mode=1 signhide tmvp b-intra strong-intra-smoothing deblock sao
gray,1,2177337069,mt19937,256,256,10,gray,IPB,cqp,18,,frame-threads=1:pools=4:log-level=info:keyint=250:min-keyint=25:bframes=4:b-adapt=2:scenecut=0:qp=18,655360,531918,,0.8116424560546875,,10592.18,18.9,1,2,7,15.0,18.0,19.71,False,0.3857,30.1,False,1.733298,5.093335,41.0608,12,1.733298,5.093335,41.0608,12,,,,,,,,,294ed5be24e07ccb811006f955bfb461a54b502d690e2b862b4cbd10e5857686,rd=3 psy-rd=2.00 early-skip rskip mode=1 signhide tmvp b-intra strong-intra-smoothing deblock sao
gray,1,2177337069,mt19937,256,256,10,gray,IPB,cqp,20,,frame-threads=1:pools=4:log-level=info:keyint=250:min-keyint=25:bframes=4:b-adapt=2:scenecut=0:qp=20,655360,497421,,0.7590042114257812,,9902.24,20.9,1,2,7,17.0,20.0,21.71,False,0.3842,30.0,False,2.169824,7.854553,39.1796,14,2.169824,7.854553,39.1796,14,,,,,,,,,294ed5be24e07ccb811006f955bfb461a54b502d690e2b862b4cbd10e5857686,rd=3 psy-rd=2.00 early-skip rskip mode=1 signhide tmvp b-intra strong-intra-smoothing deblock sao
gray,1,2177337069,mt19937,256,256,10,gray,IPB,cqp,24,,frame-threads=1:pools=4:log-level=info:keyint=250:min-keyint=25:bframes=4:b-adapt=2:scenecut=0:qp=24,655360,430865,,0.6574478149414062,,8571.12,24.9,1,2,7,21.0,24.0,25.71,False,0.369,31.85,False,3.428268,19.395764,35.2537,22,3.428268,19.395764,35.2537,22,,,,,,,,,294ed5be24e07ccb811006f955bfb461a54b502d690e2b862b4cbd10e5857686,rd=3 psy-rd=2.00 early-skip rskip mode=1 signhide tmvp b-intra strong-intra-smoothing deblock sao
gray,1,2177337069,mt19937,256,256,10,gray,IPB,cqp,28,,frame-threads=1:pools=4:log-level=info:keyint=250:min-keyint=25:bframes=4:b-adapt=2:scenecut=0:qp=28,655360,367530,,0.5608062744140625,,7304.42,28.9,1,2,7,25.0,28.0,29.71,False,0.3915,29.66,False,5.372906,47.276544,31.3843,39,5.372906,47.276544,31.3843,39,,,,,,,,,294ed5be24e07ccb811006f955bfb461a54b502d690e2b862b4cbd10e5857686,rd=3 psy-rd=2.00 early-skip rskip mode=1 signhide tmvp b-intra strong-intra-smoothing deblock sao
gray,1,2177337069,mt19937,256,256,10,gray,IPB,cqp,32,,frame-threads=1:pools=4:log-level=info:keyint=250:min-keyint=25:bframes=4:b-adapt=2:scenecut=0:qp=32,655360,301107,,0.45945281982421876,,5975.96,32.9,1,2,7,29.0,32.0,33.71,False,0.4012,28.11,False,8.547348,118.773743,27.3836,58,8.547348,118.773743,27.3836,58,,,,,,,,,294ed5be24e07ccb811006f955bfb461a54b502d690e2b862b4cbd10e5857686,rd=3 psy-rd=2.00 early-skip rskip mode=1 signhide tmvp b-intra strong-intra-smoothing deblock sao
gray,1,2177337069,mt19937,256,256,10,gray,IPB,cqp,36,,frame-threads=1:pools=4:log-level=info:keyint=250:min-keyint=25:bframes=4:b-adapt=2:scenecut=0:qp=36,655360,237893,,0.36299591064453124,,4711.68,36.9,1,2,7,33.0,36.0,37.71,False,0.3689,31.09,False,13.406363,292.561432,23.4686,87,13.406363,292.561432,23.4686,87,,,,,,,,,294ed5be24e07ccb811006f955bfb461a54b502d690e2b862b4cbd10e5857686,rd=3 psy-rd=2.00 early-skip rskip mode=1 signhide tmvp b-intra strong-intra-smoothing deblock sao
gray,1,2177337069,mt19937,256,256,10,gray,IPB,cqp,40,,frame-threads=1:pools=4:log-level=info:keyint=250:min-keyint=25:bframes=4:b-adapt=2:scenecut=0:qp=40,655360,171650,,0.2619171142578125,,3386.82,40.9,1,2,7,37.0,40.0,41.71,False,0.3769,30.32,False,20.840015,705.735287,19.6444,143,20.840015,705.735287,19.6444,143,,,,,,,,,294ed5be24e07ccb811006f955bfb461a54b502d690e2b862b4cbd10e5857686,rd=3 psy-rd=2.00 early-skip rskip mode=1 signhide tmvp b-intra strong-intra-smoothing deblock sao
gray,1,2177337069,mt19937,256,256,10,gray,IPB,cqp,44,,frame-threads=1:pools=4:log-level=info:keyint=250:min-keyint=25:bframes=4:b-adapt=2:scenecut=0:qp=44,655360,98744,,0.15067138671875,,1928.7,44.9,1,2,7,41.0,44.0,45.71,False,0.338,34.99,False,33.634813,1817.265041,15.5366,205,33.634813,1817.265041,15.5366,205,,,,,,,,,294ed5be24e07ccb811006f955bfb461a54b502d690e2b862b4cbd10e5857686,rd=3 psy-rd=2.00 early-skip rskip mode=1 signhide tmvp b-intra strong-intra-smoothing deblock sao
gray,1,2177337069,mt19937,256,256,10,gray,IPB,cqp,48,,frame-threads=1:pools=4:log-level=info:keyint=250:min-keyint=25:bframes=4:b-adapt=2:scenecut=0:qp=48,655360,35110,,0.0535736083984375,,656.02,48.9,1,2,7,45.0,48.0,49.71,False,0.1875,70.52,False,53.162834,4198.254637,11.9001,244,53.162834,4198.254637,11.9001,244,,,,,,,,,294ed5be24e07ccb811006f955bfb461a54b502d690e2b862b4cbd10e5857686,rd=3 psy-rd=2.00 early-skip rskip mode=1 signhide tmvp b-intra strong-intra-smoothing deblock sao
gray,1,2177337069,mt19937,256,256,10,gray,IPB,cqp,51,,frame-threads=1:pools=4:log-level=info:keyint=250:min-keyint=25:bframes=4:b-adapt=2:scenecut=0:qp=51,655360,10884,,0.016607666015625,,171.5,51.9,1,2,7,48.0,51.0,52.71,False,0.1168,164.17,False,63.742314,5778.614851,10.5126,248,63.742314,5778.614851,10.5126,248,,,,,,,,,294ed5be24e07ccb811006f955bfb461a54b502d690e2b862b4cbd10e5857686,rd=3 psy-rd=2.00 early-skip rskip mode=1 signhide tmvp b-intra strong-intra-smoothing deblock sao
gray,2,1796730438,mt19937,256,256,10,gray,IPB,lossless,,,frame-threads=1:pools=4:log-level=info:keyint=250:min-keyint=25:bframes=4:b-adapt=2:scenecut=0:lossless=1,655360,860294,,1.3127044677734374,,17159.78,4.0,1,2,7,4.0,4.0,4.0,True,0.3431,33.75,True,0.0,0.0,inf,0,0.0,0.0,inf,0,,,,,,,,,2662c4eda68d198368b39170d4485af9668e4abd58f736bae28e6e1a09bb3903,rd=3 psy-rd=2.00 early-skip rskip mode=1 signhide tmvp b-intra strong-intra-smoothing deblock sao
gray,2,1796730438,mt19937,256,256,10,gray,IPB,cqp,0,,frame-threads=1:pools=4:log-level=info:keyint=250:min-keyint=25:bframes=4:b-adapt=2:scenecut=0:qp=0,655360,974728,,1.48731689453125,,19448.92,0.0,1,2,7,0.0,0.0,0.0,False,0.3597,33.61,False,0.139627,0.139645,56.6805,2,0.139627,0.139645,56.6805,2,,,,,,,,,2662c4eda68d198368b39170d4485af9668e4abd58f736bae28e6e1a09bb3903,rd=3 psy-rd=2.00 early-skip rskip mode=1 signhide tmvp b-intra strong-intra-smoothing deblock sao
gray,2,1796730438,mt19937,256,256,10,gray,IPB,cqp,4,,frame-threads=1:pools=4:log-level=info:keyint=250:min-keyint=25:bframes=4:b-adapt=2:scenecut=0:qp=4,655360,826958,,1.2618377685546875,,16493.0,4.9,1,2,7,1.0,4.0,5.71,False,0.3393,35.2,False,0.319737,0.327669,52.9765,3,0.319737,0.327669,52.9765,3,,,,,,,,,2662c4eda68d198368b39170d4485af9668e4abd58f736bae28e6e1a09bb3903,rd=3 psy-rd=2.00 early-skip rskip mode=1 signhide tmvp b-intra strong-intra-smoothing deblock sao
gray,2,1796730438,mt19937,256,256,10,gray,IPB,cqp,8,,frame-threads=1:pools=4:log-level=info:keyint=250:min-keyint=25:bframes=4:b-adapt=2:scenecut=0:qp=8,655360,720026,,1.0986724853515626,,14354.36,8.9,1,2,7,5.0,8.0,9.71,False,0.3594,32.31,False,0.544351,0.659457,49.9389,4,0.544351,0.659457,49.9389,4,,,,,,,,,2662c4eda68d198368b39170d4485af9668e4abd58f736bae28e6e1a09bb3903,rd=3 psy-rd=2.00 early-skip rskip mode=1 signhide tmvp b-intra strong-intra-smoothing deblock sao
gray,2,1796730438,mt19937,256,256,10,gray,IPB,cqp,10,,frame-threads=1:pools=4:log-level=info:keyint=250:min-keyint=25:bframes=4:b-adapt=2:scenecut=0:qp=10,655360,677136,,1.0332275390625,,13496.54,10.9,1,2,7,7.0,10.0,11.71,False,0.3663,31.17,False,0.684338,0.946246,48.3708,5,0.684338,0.946246,48.3708,5,,,,,,,,,2662c4eda68d198368b39170d4485af9668e4abd58f736bae28e6e1a09bb3903,rd=3 psy-rd=2.00 early-skip rskip mode=1 signhide tmvp b-intra strong-intra-smoothing deblock sao
gray,2,1796730438,mt19937,256,256,10,gray,IPB,cqp,12,,frame-threads=1:pools=4:log-level=info:keyint=250:min-keyint=25:bframes=4:b-adapt=2:scenecut=0:qp=12,655360,636257,,0.9708511352539062,,12678.96,12.9,1,2,7,9.0,12.0,13.71,False,0.3895,30.16,False,0.866327,1.412918,46.6296,6,0.866327,1.412918,46.6296,6,,,,,,,,,2662c4eda68d198368b39170d4485af9668e4abd58f736bae28e6e1a09bb3903,rd=3 psy-rd=2.00 early-skip rskip mode=1 signhide tmvp b-intra strong-intra-smoothing deblock sao
gray,2,1796730438,mt19937,256,256,10,gray,IPB,cqp,14,,frame-threads=1:pools=4:log-level=info:keyint=250:min-keyint=25:bframes=4:b-adapt=2:scenecut=0:qp=14,655360,601808,,0.9182861328125,,11989.98,14.9,1,2,7,11.0,14.0,15.71,False,0.376,30.39,False,1.092912,2.136034,44.8347,7,1.092912,2.136034,44.8347,7,,,,,,,,,2662c4eda68d198368b39170d4485af9668e4abd58f736bae28e6e1a09bb3903,rd=3 psy-rd=2.00 early-skip rskip mode=1 signhide tmvp b-intra strong-intra-smoothing deblock sao
gray,2,1796730438,mt19937,256,256,10,gray,IPB,cqp,16,,frame-threads=1:pools=4:log-level=info:keyint=250:min-keyint=25:bframes=4:b-adapt=2:scenecut=0:qp=16,655360,567466,,0.8658843994140625,,11303.14,16.9,1,2,7,13.0,16.0,17.71,False,0.4119,28.1,False,1.370671,3.247331,43.0155,9,1.370671,3.247331,43.0155,9,,,,,,,,,2662c4eda68d198368b39170d4485af9668e4abd58f736bae28e6e1a09bb3903,rd=3 psy-rd=2.00 early-skip rskip mode=1 signhide tmvp b-intra strong-intra-smoothing deblock sao
gray,2,1796730438,mt19937,256,256,10,gray,IPB,cqp,18,,frame-threads=1:pools=4:log-level=info:keyint=250:min-keyint=25:bframes=4:b-adapt=2:scenecut=0:qp=18,655360,531674,,0.8112701416015625,,10587.3,18.9,1,2,7,15.0,18.0,19.71,False,0.3919,29.71,False,1.732571,5.080954,41.0714,12,1.732571,5.080954,41.0714,12,,,,,,,,,2662c4eda68d198368b39170d4485af9668e4abd58f736bae28e6e1a09bb3903,rd=3 psy-rd=2.00 early-skip rskip mode=1 signhide tmvp b-intra strong-intra-smoothing deblock sao
gray,2,1796730438,mt19937,256,256,10,gray,IPB,cqp,20,,frame-threads=1:pools=4:log-level=info:keyint=250:min-keyint=25:bframes=4:b-adapt=2:scenecut=0:qp=20,655360,497330,,0.7588653564453125,,9900.42,20.9,1,2,7,17.0,20.0,21.71,False,0.379,30.42,False,2.168892,7.849324,39.1825,15,2.168892,7.849324,39.1825,15,,,,,,,,,2662c4eda68d198368b39170d4485af9668e4abd58f736bae28e6e1a09bb3903,rd=3 psy-rd=2.00 early-skip rskip mode=1 signhide tmvp b-intra strong-intra-smoothing deblock sao
gray,2,1796730438,mt19937,256,256,10,gray,IPB,cqp,24,,frame-threads=1:pools=4:log-level=info:keyint=250:min-keyint=25:bframes=4:b-adapt=2:scenecut=0:qp=24,655360,431378,,0.6582305908203125,,8581.38,24.9,1,2,7,21.0,24.0,25.71,False,0.3895,29.65,False,3.423311,19.343135,35.2655,22,3.423311,19.343135,35.2655,22,,,,,,,,,2662c4eda68d198368b39170d4485af9668e4abd58f736bae28e6e1a09bb3903,rd=3 psy-rd=2.00 early-skip rskip mode=1 signhide tmvp b-intra strong-intra-smoothing deblock sao
gray,2,1796730438,mt19937,256,256,10,gray,IPB,cqp,28,,frame-threads=1:pools=4:log-level=info:keyint=250:min-keyint=25:bframes=4:b-adapt=2:scenecut=0:qp=28,655360,364828,,0.556683349609375,,7250.38,28.9,1,2,7,25.0,28.0,29.71,False,0.3995,29.07,False,5.401416,47.551471,31.3592,35,5.401416,47.551471,31.3592,35,,,,,,,,,2662c4eda68d198368b39170d4485af9668e4abd58f736bae28e6e1a09bb3903,rd=3 psy-rd=2.00 early-skip rskip mode=1 signhide tmvp b-intra strong-intra-smoothing deblock sao
gray,2,1796730438,mt19937,256,256,10,gray,IPB,cqp,32,,frame-threads=1:pools=4:log-level=info:keyint=250:min-keyint=25:bframes=4:b-adapt=2:scenecut=0:qp=32,655360,301479,,0.46002044677734377,,5983.4,32.9,1,2,7,29.0,32.0,33.71,False,0.4079,28.64,False,8.55078,119.079576,27.3724,55,8.55078,119.079576,27.3724,55,,,,,,,,,2662c4eda68d198368b39170d4485af9668e4abd58f736bae28e6e1a09bb3903,rd=3 psy-rd=2.00 early-skip rskip mode=1 signhide tmvp b-intra strong-intra-smoothing deblock sao
gray,2,1796730438,mt19937,256,256,10,gray,IPB,cqp,36,,frame-threads=1:pools=4:log-level=info:keyint=250:min-keyint=25:bframes=4:b-adapt=2:scenecut=0:qp=36,655360,237877,,0.36297149658203126,,4711.36,36.9,1,2,7,33.0,36.0,37.71,False,0.3808,31.01,False,13.383844,291.439932,23.4853,85,13.383844,291.439932,23.4853,85,,,,,,,,,2662c4eda68d198368b39170d4485af9668e4abd58f736bae28e6e1a09bb3903,rd=3 psy-rd=2.00 early-skip rskip mode=1 signhide tmvp b-intra strong-intra-smoothing deblock sao
gray,2,1796730438,mt19937,256,256,10,gray,IPB,cqp,40,,frame-threads=1:pools=4:log-level=info:keyint=250:min-keyint=25:bframes=4:b-adapt=2:scenecut=0:qp=40,655360,172181,,0.26272735595703123,,3397.44,40.9,1,2,7,37.0,40.0,41.71,False,0.3708,30.95,False,20.795525,703.440544,19.6585,128,20.795525,703.440544,19.6585,128,,,,,,,,,2662c4eda68d198368b39170d4485af9668e4abd58f736bae28e6e1a09bb3903,rd=3 psy-rd=2.00 early-skip rskip mode=1 signhide tmvp b-intra strong-intra-smoothing deblock sao
gray,2,1796730438,mt19937,256,256,10,gray,IPB,cqp,44,,frame-threads=1:pools=4:log-level=info:keyint=250:min-keyint=25:bframes=4:b-adapt=2:scenecut=0:qp=44,655360,100455,,0.15328216552734375,,1962.92,44.9,1,2,7,41.0,44.0,45.71,False,0.3314,36.02,False,33.365352,1792.524733,15.5962,196,33.365352,1792.524733,15.5962,196,,,,,,,,,2662c4eda68d198368b39170d4485af9668e4abd58f736bae28e6e1a09bb3903,rd=3 psy-rd=2.00 early-skip rskip mode=1 signhide tmvp b-intra strong-intra-smoothing deblock sao
gray,2,1796730438,mt19937,256,256,10,gray,IPB,cqp,48,,frame-threads=1:pools=4:log-level=info:keyint=250:min-keyint=25:bframes=4:b-adapt=2:scenecut=0:qp=48,655360,35315,,0.05388641357421875,,660.12,48.9,1,2,7,45.0,48.0,49.71,False,0.2146,63.63,False,53.093051,4189.168304,11.9095,239,53.093051,4189.168304,11.9095,239,,,,,,,,,2662c4eda68d198368b39170d4485af9668e4abd58f736bae28e6e1a09bb3903,rd=3 psy-rd=2.00 early-skip rskip mode=1 signhide tmvp b-intra strong-intra-smoothing deblock sao
gray,2,1796730438,mt19937,256,256,10,gray,IPB,cqp,51,,frame-threads=1:pools=4:log-level=info:keyint=250:min-keyint=25:bframes=4:b-adapt=2:scenecut=0:qp=51,655360,10921,,0.01666412353515625,,172.24,51.9,1,2,7,48.0,51.0,52.71,False,0.1231,152.26,False,64.066685,5860.813173,10.4512,253,64.066685,5860.813173,10.4512,253,,,,,,,,,2662c4eda68d198368b39170d4485af9668e4abd58f736bae28e6e1a09bb3903,rd=3 psy-rd=2.00 early-skip rskip mode=1 signhide tmvp b-intra strong-intra-smoothing deblock sao
gray,3,3464268568,mt19937,256,256,10,gray,IPB,lossless,,,frame-threads=1:pools=4:log-level=info:keyint=250:min-keyint=25:bframes=4:b-adapt=2:scenecut=0:lossless=1,655360,861105,,1.3139419555664062,,17176.0,4.0,1,2,7,4.0,4.0,4.0,True,0.3324,35.14,True,0.0,0.0,inf,0,0.0,0.0,inf,0,,,,,,,,,c92e97bb83e7bf8c1fe6a36b9a606abdf8e6a225397e36ea8f2507a8551e3876,rd=3 psy-rd=2.00 early-skip rskip mode=1 signhide tmvp b-intra strong-intra-smoothing deblock sao
gray,3,3464268568,mt19937,256,256,10,gray,IPB,cqp,0,,frame-threads=1:pools=4:log-level=info:keyint=250:min-keyint=25:bframes=4:b-adapt=2:scenecut=0:qp=0,655360,974655,,1.4872055053710938,,19447.46,0.0,1,2,7,0.0,0.0,0.0,False,0.3467,33.28,False,0.139673,0.139697,56.6789,2,0.139673,0.139697,56.6789,2,,,,,,,,,c92e97bb83e7bf8c1fe6a36b9a606abdf8e6a225397e36ea8f2507a8551e3876,rd=3 psy-rd=2.00 early-skip rskip mode=1 signhide tmvp b-intra strong-intra-smoothing deblock sao
gray,3,3464268568,mt19937,256,256,10,gray,IPB,cqp,4,,frame-threads=1:pools=4:log-level=info:keyint=250:min-keyint=25:bframes=4:b-adapt=2:scenecut=0:qp=4,655360,827364,,1.262457275390625,,16501.12,4.9,1,2,7,1.0,4.0,5.71,False,0.364,32.73,False,0.319901,0.328366,52.9672,3,0.319901,0.328366,52.9672,3,,,,,,,,,c92e97bb83e7bf8c1fe6a36b9a606abdf8e6a225397e36ea8f2507a8551e3876,rd=3 psy-rd=2.00 early-skip rskip mode=1 signhide tmvp b-intra strong-intra-smoothing deblock sao
gray,3,3464268568,mt19937,256,256,10,gray,IPB,cqp,8,,frame-threads=1:pools=4:log-level=info:keyint=250:min-keyint=25:bframes=4:b-adapt=2:scenecut=0:qp=8,655360,719198,,1.0974090576171875,,14337.8,8.9,1,2,7,5.0,8.0,9.71,False,0.3759,30.4,False,0.547237,0.66609,49.8955,4,0.547237,0.66609,49.8955,4,,,,,,,,,c92e97bb83e7bf8c1fe6a36b9a606abdf8e6a225397e36ea8f2507a8551e3876,rd=3 psy-rd=2.00 early-skip rskip mode=1 signhide tmvp b-intra strong-intra-smoothing deblock sao
gray,3,3464268568,mt19937,256,256,10,gray,IPB,cqp,10,,frame-threads=1:pools=4:log-level=info:keyint=250:min-keyint=25:bframes=4:b-adapt=2:scenecut=0:qp=10,655360,676805,,1.0327224731445312,,13489.92,10.9,1,2,7,7.0,10.0,11.71,False,0.349,33.21,False,0.685033,0.94929,48.3568,5,0.685033,0.94929,48.3568,5,,,,,,,,,c92e97bb83e7bf8c1fe6a36b9a606abdf8e6a225397e36ea8f2507a8551e3876,rd=3 psy-rd=2.00 early-skip rskip mode=1 signhide tmvp b-intra strong-intra-smoothing deblock sao
gray,3,3464268568,mt19937,256,256,10,gray,IPB,cqp,12,,frame-threads=1:pools=4:log-level=info:keyint=250:min-keyint=25:bframes=4:b-adapt=2:scenecut=0:qp=12,655360,635756,,0.970086669921875,,12668.94,12.9,1,2,7,9.0,12.0,13.71,False,0.3569,32.62,False,0.867595,1.415498,46.6217,6,0.867595,1.415498,46.6217,6,,,,,,,,,c92e97bb83e7bf8c1fe6a36b9a606abdf8e6a225397e36ea8f2507a8551e3876,rd=3 psy-rd=2.00 early-skip rskip mode=1 signhide tmvp b-intra strong-intra-smoothing deblock sao
gray,3,3464268568,mt19937,256,256,10,gray,IPB,cqp,14,,frame-threads=1:pools=4:log-level=info:keyint=250:min-keyint=25:bframes=4:b-adapt=2:scenecut=0:qp=14,655360,601680,,0.9180908203125,,11987.42,14.9,1,2,7,11.0,14.0,15.71,False,0.3695,31.81,False,1.093332,2.135907,44.835,8,1.093332,2.135907,44.835,8,,,,,,,,,c92e97bb83e7bf8c1fe6a36b9a606abdf8e6a225397e36ea8f2507a8551e3876,rd=3 psy-rd=2.00 early-skip rskip mode=1 signhide tmvp b-intra strong-intra-smoothing deblock sao
gray,3,3464268568,mt19937,256,256,10,gray,IPB,cqp,16,,frame-threads=1:pools=4:log-level=info:keyint=250:min-keyint=25:bframes=4:b-adapt=2:scenecut=0:qp=16,655360,567877,,0.8665115356445312,,11311.36,16.9,1,2,7,13.0,16.0,17.71,False,0.3628,31.42,False,1.369945,3.246535,43.0166,9,1.369945,3.246535,43.0166,9,,,,,,,,,c92e97bb83e7bf8c1fe6a36b9a606abdf8e6a225397e36ea8f2507a8551e3876,rd=3 psy-rd=2.00 early-skip rskip mode=1 signhide tmvp b-intra strong-intra-smoothing deblock sao
gray,3,3464268568,mt19937,256,256,10,gray,IPB,cqp,18,,frame-threads=1:pools=4:log-level=info:keyint=250:min-keyint=25:bframes=4:b-adapt=2:scenecut=0:qp=18,655360,531547,,0.8110763549804687,,10584.76,18.9,1,2,7,15.0,18.0,19.71,False,0.3809,30.4,False,1.73141,5.082762,41.0698,12,1.73141,5.082762,41.0698,12,,,,,,,,,c92e97bb83e7bf8c1fe6a36b9a606abdf8e6a225397e36ea8f2507a8551e3876,rd=3 psy-rd=2.00 early-skip rskip mode=1 signhide tmvp b-intra strong-intra-smoothing deblock sao
gray,3,3464268568,mt19937,256,256,10,gray,IPB,cqp,20,,frame-threads=1:pools=4:log-level=info:keyint=250:min-keyint=25:bframes=4:b-adapt=2:scenecut=0:qp=20,655360,497498,,0.7591217041015625,,9903.78,20.9,1,2,7,17.0,20.0,21.71,False,0.4563,25.54,False,2.171927,7.875372,39.1681,14,2.171927,7.875372,39.1681,14,,,,,,,,,c92e97bb83e7bf8c1fe6a36b9a606abdf8e6a225397e36ea8f2507a8551e3876,rd=3 psy-rd=2.00 early-skip rskip mode=1 signhide tmvp b-intra strong-intra-smoothing deblock sao
gray,3,3464268568,mt19937,256,256,10,gray,IPB,cqp,24,,frame-threads=1:pools=4:log-level=info:keyint=250:min-keyint=25:bframes=4:b-adapt=2:scenecut=0:qp=24,655360,430782,,0.6573211669921875,,8569.46,24.9,1,2,7,21.0,24.0,25.71,False,0.3915,30.13,False,3.424185,19.361465,35.2614,23,3.424185,19.361465,35.2614,23,,,,,,,,,c92e97bb83e7bf8c1fe6a36b9a606abdf8e6a225397e36ea8f2507a8551e3876,rd=3 psy-rd=2.00 early-skip rskip mode=1 signhide tmvp b-intra strong-intra-smoothing deblock sao
gray,3,3464268568,mt19937,256,256,10,gray,IPB,cqp,28,,frame-threads=1:pools=4:log-level=info:keyint=250:min-keyint=25:bframes=4:b-adapt=2:scenecut=0:qp=28,655360,364879,,0.5567611694335938,,7251.4,28.9,1,2,7,25.0,28.0,29.71,False,0.3984,28.41,False,5.402734,47.514401,31.3626,37,5.402734,47.514401,31.3626,37,,,,,,,,,c92e97bb83e7bf8c1fe6a36b9a606abdf8e6a225397e36ea8f2507a8551e3876,rd=3 psy-rd=2.00 early-skip rskip mode=1 signhide tmvp b-intra strong-intra-smoothing deblock sao
gray,3,3464268568,mt19937,256,256,10,gray,IPB,cqp,32,,frame-threads=1:pools=4:log-level=info:keyint=250:min-keyint=25:bframes=4:b-adapt=2:scenecut=0:qp=32,655360,301501,,0.46005401611328123,,5983.84,32.9,1,2,7,29.0,32.0,33.71,False,0.3977,28.85,False,8.537924,118.614456,27.3894,54,8.537924,118.614456,27.3894,54,,,,,,,,,c92e97bb83e7bf8c1fe6a36b9a606abdf8e6a225397e36ea8f2507a8551e3876,rd=3 psy-rd=2.00 early-skip rskip mode=1 signhide tmvp b-intra strong-intra-smoothing deblock sao
gray,3,3464268568,mt19937,256,256,10,gray,IPB,cqp,36,,frame-threads=1:pools=4:log-level=info:keyint=250:min-keyint=25:bframes=4:b-adapt=2:scenecut=0:qp=36,655360,238428,,0.363812255859375,,4722.38,36.9,1,2,7,33.0,36.0,37.71,False,0.3958,29.19,False,13.397975,292.925078,23.4632,87,13.397975,292.925078,23.4632,87,,,,,,,,,c92e97bb83e7bf8c1fe6a36b9a606abdf8e6a225397e36ea8f2507a8551e3876,rd=3 psy-rd=2.00 early-skip rskip mode=1 signhide tmvp b-intra strong-intra-smoothing deblock sao
gray,3,3464268568,mt19937,256,256,10,gray,IPB,cqp,40,,frame-threads=1:pools=4:log-level=info:keyint=250:min-keyint=25:bframes=4:b-adapt=2:scenecut=0:qp=40,655360,171642,,0.2619049072265625,,3386.66,40.9,1,2,7,37.0,40.0,41.71,False,0.3859,31.24,False,20.823599,704.704135,19.6507,132,20.823599,704.704135,19.6507,132,,,,,,,,,c92e97bb83e7bf8c1fe6a36b9a606abdf8e6a225397e36ea8f2507a8551e3876,rd=3 psy-rd=2.00 early-skip rskip mode=1 signhide tmvp b-intra strong-intra-smoothing deblock sao
gray,3,3464268568,mt19937,256,256,10,gray,IPB,cqp,44,,frame-threads=1:pools=4:log-level=info:keyint=250:min-keyint=25:bframes=4:b-adapt=2:scenecut=0:qp=44,655360,99745,,0.15219879150390625,,1948.72,44.9,1,2,7,41.0,44.0,45.71,False,0.342,33.99,False,33.516235,1807.195563,15.5608,202,33.516235,1807.195563,15.5608,202,,,,,,,,,c92e97bb83e7bf8c1fe6a36b9a606abdf8e6a225397e36ea8f2507a8551e3876,rd=3 psy-rd=2.00 early-skip rskip mode=1 signhide tmvp b-intra strong-intra-smoothing deblock sao
gray,3,3464268568,mt19937,256,256,10,gray,IPB,cqp,48,,frame-threads=1:pools=4:log-level=info:keyint=250:min-keyint=25:bframes=4:b-adapt=2:scenecut=0:qp=48,655360,36820,,0.056182861328125,,690.22,48.9,1,2,7,45.0,48.0,49.71,False,0.2011,65.22,False,52.533174,4108.161485,11.9943,248,52.533174,4108.161485,11.9943,248,,,,,,,,,c92e97bb83e7bf8c1fe6a36b9a606abdf8e6a225397e36ea8f2507a8551e3876,rd=3 psy-rd=2.00 early-skip rskip mode=1 signhide tmvp b-intra strong-intra-smoothing deblock sao
gray,3,3464268568,mt19937,256,256,10,gray,IPB,cqp,51,,frame-threads=1:pools=4:log-level=info:keyint=250:min-keyint=25:bframes=4:b-adapt=2:scenecut=0:qp=51,655360,11318,,0.0172698974609375,,180.18,51.9,1,2,7,48.0,51.0,52.71,False,0.1224,160.25,False,63.575259,5739.686273,10.5419,243,63.575259,5739.686273,10.5419,243,,,,,,,,,c92e97bb83e7bf8c1fe6a36b9a606abdf8e6a225397e36ea8f2507a8551e3876,rd=3 psy-rd=2.00 early-skip rskip mode=1 signhide tmvp b-intra strong-intra-smoothing deblock sao
gray,4,936178289,mt19937,256,256,10,gray,IPB,lossless,,,frame-threads=1:pools=4:log-level=info:keyint=250:min-keyint=25:bframes=4:b-adapt=2:scenecut=0:lossless=1,655360,861023,,1.3138168334960938,,17174.36,4.0,1,2,7,4.0,4.0,4.0,True,0.3437,35.11,True,0.0,0.0,inf,0,0.0,0.0,inf,0,,,,,,,,,a23c9a34bfcaf263c0408bab6fdab6168e367054f74001cbf2fe8a4cc90c15a8,rd=3 psy-rd=2.00 early-skip rskip mode=1 signhide tmvp b-intra strong-intra-smoothing deblock sao
gray,4,936178289,mt19937,256,256,10,gray,IPB,cqp,0,,frame-threads=1:pools=4:log-level=info:keyint=250:min-keyint=25:bframes=4:b-adapt=2:scenecut=0:qp=0,655360,974353,,1.4867446899414063,,19441.42,0.0,1,2,7,0.0,0.0,0.0,False,0.3537,33.84,False,0.139697,0.139709,56.6785,2,0.139697,0.139709,56.6785,2,,,,,,,,,a23c9a34bfcaf263c0408bab6fdab6168e367054f74001cbf2fe8a4cc90c15a8,rd=3 psy-rd=2.00 early-skip rskip mode=1 signhide tmvp b-intra strong-intra-smoothing deblock sao
gray,4,936178289,mt19937,256,256,10,gray,IPB,cqp,4,,frame-threads=1:pools=4:log-level=info:keyint=250:min-keyint=25:bframes=4:b-adapt=2:scenecut=0:qp=4,655360,826868,,1.261700439453125,,16491.2,4.9,1,2,7,1.0,4.0,5.71,False,0.355,32.39,False,0.320784,0.329295,52.9549,3,0.320784,0.329295,52.9549,3,,,,,,,,,a23c9a34bfcaf263c0408bab6fdab6168e367054f74001cbf2fe8a4cc90c15a8,rd=3 psy-rd=2.00 early-skip rskip mode=1 signhide tmvp b-intra strong-intra-smoothing deblock sao
gray,4,936178289,mt19937,256,256,10,gray,IPB,cqp,8,,frame-threads=1:pools=4:log-level=info:keyint=250:min-keyint=25:bframes=4:b-adapt=2:scenecut=0:qp=8,655360,719136,,1.097314453125,,14336.56,8.9,1,2,7,5.0,8.0,9.71,False,0.3835,30.53,False,0.545477,0.662854,49.9166,4,0.545477,0.662854,49.9166,4,,,,,,,,,a23c9a34bfcaf263c0408bab6fdab6168e367054f74001cbf2fe8a4cc90c15a8,rd=3 psy-rd=2.00 early-skip rskip mode=1 signhide tmvp b-intra strong-intra-smoothing deblock sao
gray,4,936178289,mt19937,256,256,10,gray,IPB,cqp,10,,frame-threads=1:pools=4:log-level=info:keyint=250:min-keyint=25:bframes=4:b-adapt=2:scenecut=0:qp=10,655360,677396,,1.033624267578125,,13501.74,10.9,1,2,7,7.0,10.0,11.71,False,0.3707,30.92,False,0.684492,0.946581,48.3692,5,0.684492,0.946581,48.3692,5,,,,,,,,,a23c9a34bfcaf263c0408bab6fdab6168e367054f74001cbf2fe8a4cc90c15a8,rd=3 psy-rd=2.00 early-skip rskip mode=1 signhide tmvp b-intra strong-intra-smoothing deblock sao
gray,4,936178289,mt19937,256,256,10,gray,IPB,cqp,12,,frame-threads=1:pools=4:log-level=info:keyint=250:min-keyint=25:bframes=4:b-adapt=2:scenecut=0:qp=12,655360,635881,,0.9702774047851562,,12671.44,12.9,1,2,7,9.0,12.0,13.71,False,0.3614,32.38,False,0.867682,1.420007,46.6079,7,0.867682,1.420007,46.6079,7,,,,,,,,,a23c9a34bfcaf263c0408bab6fdab6168e367054f74001cbf2fe8a4cc90c15a8,rd=3 psy-rd=2.00 early-skip rskip mode=1 signhide tmvp b-intra strong-intra-smoothing deblock sao
gray,4,936178289,mt19937,256,256,10,gray,IPB,cqp,14,,frame-threads=1:pools=4:log-level=info:keyint=250:min-keyint=25:bframes=4:b-adapt=2:scenecut=0:qp=14,655360,601155,,0.9172897338867188,,11976.92,14.9,1,2,7,11.0,14.0,15.71,False,0.3672,31.21,False,1.093002,2.134995,44.8368,7,1.093002,2.134995,44.8368,7,,,,,,,,,a23c9a34bfcaf263c0408bab6fdab6168e367054f74001cbf2fe8a4cc90c15a8,rd=3 psy-rd=2.00 early-skip rskip mode=1 signhide tmvp b-intra strong-intra-smoothing deblock sao
gray,4,936178289,mt19937,256,256,10,gray,IPB,cqp,16,,frame-threads=1:pools=4:log-level=info:keyint=250:min-keyint=25:bframes=4:b-adapt=2:scenecut=0:qp=16,655360,566998,,0.8651702880859375,,11293.78,16.9,1,2,7,13.0,16.0,17.71,False,0.3829,30.8,False,1.369362,3.243837,43.0202,9,1.369362,3.243837,43.0202,9,,,,,,,,,a23c9a34bfcaf263c0408bab6fdab6168e367054f74001cbf2fe8a4cc90c15a8,rd=3 psy-rd=2.00 early-skip rskip mode=1 signhide tmvp b-intra strong-intra-smoothing deblock sao
gray,4,936178289,mt19937,256,256,10,gray,IPB,cqp,18,,frame-threads=1:pools=4:log-level=info:keyint=250:min-keyint=25:bframes=4:b-adapt=2:scenecut=0:qp=18,655360,531671,,0.8112655639648437,,10587.24,18.9,1,2,7,15.0,18.0,19.71,False,0.4024,29.25,False,1.731947,5.080412,41.0718,12,1.731947,5.080412,41.0718,12,,,,,,,,,a23c9a34bfcaf263c0408bab6fdab6168e367054f74001cbf2fe8a4cc90c15a8,rd=3 psy-rd=2.00 early-skip rskip mode=1 signhide tmvp b-intra strong-intra-smoothing deblock sao
gray,4,936178289,mt19937,256,256,10,gray,IPB,cqp,20,,frame-threads=1:pools=4:log-level=info:keyint=250:min-keyint=25:bframes=4:b-adapt=2:scenecut=0:qp=20,655360,497561,,0.7592178344726562,,9905.04,20.9,1,2,7,17.0,20.0,21.71,False,0.3916,29.04,False,2.171323,7.862939,39.175,15,2.171323,7.862939,39.175,15,,,,,,,,,a23c9a34bfcaf263c0408bab6fdab6168e367054f74001cbf2fe8a4cc90c15a8,rd=3 psy-rd=2.00 early-skip rskip mode=1 signhide tmvp b-intra strong-intra-smoothing deblock sao
gray,4,936178289,mt19937,256,256,10,gray,IPB,cqp,24,,frame-threads=1:pools=4:log-level=info:keyint=250:min-keyint=25:bframes=4:b-adapt=2:scenecut=0:qp=24,655360,430770,,0.6573028564453125,,8569.22,24.9,1,2,7,21.0,24.0,25.71,False,0.3922,29.53,False,3.428574,19.402109,35.2523,22,3.428574,19.402109,35.2523,22,,,,,,,,,a23c9a34bfcaf263c0408bab6fdab6168e367054f74001cbf2fe8a4cc90c15a8,rd=3 psy-rd=2.00 early-skip rskip mode=1 signhide tmvp b-intra strong-intra-smoothing deblock sao
gray,4,936178289,mt19937,256,256,10,gray,IPB,cqp,28,,frame-threads=1:pools=4:log-level=info:keyint=250:min-keyint=25:bframes=4:b-adapt=2:scenecut=0:qp=28,655360,365203,,0.5572555541992188,,7257.88,28.9,1,2,7,25.0,28.0,29.71,False,0.4178,27.25,False,5.401314,47.513802,31.3626,37,5.401314,47.513802,31.3626,37,,,,,,,,,a23c9a34bfcaf263c0408bab6fdab6168e367054f74001cbf2fe8a4cc90c15a8,rd=3 psy-rd=2.00 early-skip rskip mode=1 signhide tmvp b-intra strong-intra-smoothing deblock sao
gray,4,936178289,mt19937,256,256,10,gray,IPB,cqp,32,,frame-threads=1:pools=4:log-level=info:keyint=250:min-keyint=25:bframes=4:b-adapt=2:scenecut=0:qp=32,655360,301282,,0.4597198486328125,,5979.46,32.9,1,2,7,29.0,32.0,33.71,False,0.4077,28.92,False,8.55321,118.92937,27.3779,56,8.55321,118.92937,27.3779,56,,,,,,,,,a23c9a34bfcaf263c0408bab6fdab6168e367054f74001cbf2fe8a4cc90c15a8,rd=3 psy-rd=2.00 early-skip rskip mode=1 signhide tmvp b-intra strong-intra-smoothing deblock sao
gray,4,936178289,mt19937,256,256,10,gray,IPB,cqp,36,,frame-threads=1:pools=4:log-level=info:keyint=250:min-keyint=25:bframes=4:b-adapt=2:scenecut=0:qp=36,655360,238023,,0.36319427490234374,,4714.28,36.9,1,2,7,33.0,36.0,37.71,False,0.3893,29.87,False,13.401703,292.797681,23.4651,99,13.401703,292.797681,23.4651,99,,,,,,,,,a23c9a34bfcaf263c0408bab6fdab6168e367054f74001cbf2fe8a4cc90c15a8,rd=3 psy-rd=2.00 early-skip rskip mode=1 signhide tmvp b-intra strong-intra-smoothing deblock sao
gray,4,936178289,mt19937,256,256,10,gray,IPB,cqp,40,,frame-threads=1:pools=4:log-level=info:keyint=250:min-keyint=25:bframes=4:b-adapt=2:scenecut=0:qp=40,655360,171229,,0.26127471923828127,,3378.4,40.9,1,2,7,37.0,40.0,41.71,False,0.3617,31.75,False,20.83286,705.339174,19.6468,138,20.83286,705.339174,19.6468,138,,,,,,,,,a23c9a34bfcaf263c0408bab6fdab6168e367054f74001cbf2fe8a4cc90c15a8,rd=3 psy-rd=2.00 early-skip rskip mode=1 signhide tmvp b-intra strong-intra-smoothing deblock sao
gray,4,936178289,mt19937,256,256,10,gray,IPB,cqp,44,,frame-threads=1:pools=4:log-level=info:keyint=250:min-keyint=25:bframes=4:b-adapt=2:scenecut=0:qp=44,655360,99233,,0.15141754150390624,,1938.48,44.9,1,2,7,41.0,44.0,45.71,False,0.3468,34.24,False,33.560475,1810.556523,15.5527,205,33.560475,1810.556523,15.5527,205,,,,,,,,,a23c9a34bfcaf263c0408bab6fdab6168e367054f74001cbf2fe8a4cc90c15a8,rd=3 psy-rd=2.00 early-skip rskip mode=1 signhide tmvp b-intra strong-intra-smoothing deblock sao
gray,4,936178289,mt19937,256,256,10,gray,IPB,cqp,48,,frame-threads=1:pools=4:log-level=info:keyint=250:min-keyint=25:bframes=4:b-adapt=2:scenecut=0:qp=48,655360,36191,,0.05522308349609375,,677.64,48.9,1,2,7,45.0,48.0,49.71,False,0.1921,68.55,False,52.683405,4125.237454,11.9763,245,52.683405,4125.237454,11.9763,245,,,,,,,,,a23c9a34bfcaf263c0408bab6fdab6168e367054f74001cbf2fe8a4cc90c15a8,rd=3 psy-rd=2.00 early-skip rskip mode=1 signhide tmvp b-intra strong-intra-smoothing deblock sao
gray,4,936178289,mt19937,256,256,10,gray,IPB,cqp,51,,frame-threads=1:pools=4:log-level=info:keyint=250:min-keyint=25:bframes=4:b-adapt=2:scenecut=0:qp=51,655360,11171,,0.01704559326171875,,177.24,51.9,1,2,7,48.0,51.0,52.71,False,0.118,153.86,False,63.547137,5734.792673,10.5456,247,63.547137,5734.792673,10.5456,247,,,,,,,,,a23c9a34bfcaf263c0408bab6fdab6168e367054f74001cbf2fe8a4cc90c15a8,rd=3 psy-rd=2.00 early-skip rskip mode=1 signhide tmvp b-intra strong-intra-smoothing deblock sao
gray,5,2603716419,mt19937,256,256,10,gray,IPB,lossless,,,frame-threads=1:pools=4:log-level=info:keyint=250:min-keyint=25:bframes=4:b-adapt=2:scenecut=0:lossless=1,655360,860686,,1.3133026123046876,,17167.62,4.0,1,2,7,4.0,4.0,4.0,True,0.3384,35.42,True,0.0,0.0,inf,0,0.0,0.0,inf,0,,,,,,,,,c2b7a999bd3a39c08d91aa133e25025dfc0fd478a7eb05f8ae5d80d8360ebc82,rd=3 psy-rd=2.00 early-skip rskip mode=1 signhide tmvp b-intra strong-intra-smoothing deblock sao
gray,5,2603716419,mt19937,256,256,10,gray,IPB,cqp,0,,frame-threads=1:pools=4:log-level=info:keyint=250:min-keyint=25:bframes=4:b-adapt=2:scenecut=0:qp=0,655360,974516,,1.486993408203125,,19444.68,0.0,1,2,7,0.0,0.0,0.0,False,0.3345,34.87,False,0.139548,0.13956,56.6832,2,0.139548,0.13956,56.6832,2,,,,,,,,,c2b7a999bd3a39c08d91aa133e25025dfc0fd478a7eb05f8ae5d80d8360ebc82,rd=3 psy-rd=2.00 early-skip rskip mode=1 signhide tmvp b-intra strong-intra-smoothing deblock sao
gray,5,2603716419,mt19937,256,256,10,gray,IPB,cqp,4,,frame-threads=1:pools=4:log-level=info:keyint=250:min-keyint=25:bframes=4:b-adapt=2:scenecut=0:qp=4,655360,827325,,1.2623977661132812,,16500.34,4.9,1,2,7,1.0,4.0,5.71,False,0.3311,35.23,False,0.319302,0.327371,52.9804,2,0.319302,0.327371,52.9804,2,,,,,,,,,c2b7a999bd3a39c08d91aa133e25025dfc0fd478a7eb05f8ae5d80d8360ebc82,rd=3 psy-rd=2.00 early-skip rskip mode=1 signhide tmvp b-intra strong-intra-smoothing deblock sao
gray,5,2603716419,mt19937,256,256,10,gray,IPB,cqp,8,,frame-threads=1:pools=4:log-level=info:keyint=250:min-keyint=25:bframes=4:b-adapt=2:scenecut=0:qp=8,655360,719281,,1.0975357055664063,,14339.46,8.9,1,2,7,5.0,8.0,9.71,False,0.389,30.29,False,0.54464,0.661549,49.9252,4,0.54464,0.661549,49.9252,4,,,,,,,,,c2b7a999bd3a39c08d91aa133e25025dfc0fd478a7eb05f8ae5d80d8360ebc82,rd=3 psy-rd=2.00 early-skip rskip mode=1 signhide tmvp b-intra strong-intra-smoothing deblock sao
gray,5,2603716419,mt19937,256,256,10,gray,IPB,cqp,10,,frame-threads=1:pools=4:log-level=info:keyint=250:min-keyint=25:bframes=4:b-adapt=2:scenecut=0:qp=10,655360,676144,,1.0317138671875,,13476.7,10.9,1,2,7,7.0,10.0,11.71,False,0.3768,30.32,False,0.685582,0.949742,48.3547,5,0.685582,0.949742,48.3547,5,,,,,,,,,c2b7a999bd3a39c08d91aa133e25025dfc0fd478a7eb05f8ae5d80d8360ebc82,rd=3 psy-rd=2.00 early-skip rskip mode=1 signhide tmvp b-intra strong-intra-smoothing deblock sao
gray,5,2603716419,mt19937,256,256,10,gray,IPB,cqp,12,,frame-threads=1:pools=4:log-level=info:keyint=250:min-keyint=25:bframes=4:b-adapt=2:scenecut=0:qp=12,655360,636025,,0.9704971313476562,,12674.32,12.9,1,2,7,9.0,12.0,13.71,False,0.3839,30.72,False,0.868593,1.417964,46.6142,6,0.868593,1.417964,46.6142,6,,,,,,,,,c2b7a999bd3a39c08d91aa133e25025dfc0fd478a7eb05f8ae5d80d8360ebc82,rd=3 psy-rd=2.00 early-skip rskip mode=1 signhide tmvp b-intra strong-intra-smoothing deblock sao
gray,5,2603716419,mt19937,256,256,10,gray,IPB,cqp,14,,frame-threads=1:pools=4:log-level=info:keyint=250:min-keyint=25:bframes=4:b-adapt=2:scenecut=0:qp=14,655360,601160,,0.91729736328125,,11977.02,14.9,1,2,7,11.0,14.0,15.71,False,0.4024,28.85,False,1.094038,2.140703,44.8252,7,1.094038,2.140703,44.8252,7,,,,,,,,,c2b7a999bd3a39c08d91aa133e25025dfc0fd478a7eb05f8ae5d80d8360ebc82,rd=3 psy-rd=2.00 early-skip rskip mode=1 signhide tmvp b-intra strong-intra-smoothing deblock sao
gray,5,2603716419,mt19937,256,256,10,gray,IPB,cqp,16,,frame-threads=1:pools=4:log-level=info:keyint=250:min-keyint=25:bframes=4:b-adapt=2:scenecut=0:qp=16,655360,567247,,0.8655502319335937,,11298.76,16.9,1,2,7,13.0,16.0,17.71,False,0.3717,32.51,False,1.367876,3.234843,43.0323,9,1.367876,3.234843,43.0323,9,,,,,,,,,c2b7a999bd3a39c08d91aa133e25025dfc0fd478a7eb05f8ae5d80d8360ebc82,rd=3 psy-rd=2.00 early-skip rskip mode=1 signhide tmvp b-intra strong-intra-smoothing deblock sao
gray,5,2603716419,mt19937,256,256,10,gray,IPB,cqp,18,,frame-threads=1:pools=4:log-level=info:keyint=250:min-keyint=25:bframes=4:b-adapt=2:scenecut=0:qp=18,655360,531731,,0.8113571166992187,,10588.44,18.9,1,2,7,15.0,18.0,19.71,False,0.3693,31.74,False,1.731741,5.088333,41.065,11,1.731741,5.088333,41.065,11,,,,,,,,,c2b7a999bd3a39c08d91aa133e25025dfc0fd478a7eb05f8ae5d80d8360ebc82,rd=3 psy-rd=2.00 early-skip rskip mode=1 signhide tmvp b-intra strong-intra-smoothing deblock sao
gray,5,2603716419,mt19937,256,256,10,gray,IPB,cqp,20,,frame-threads=1:pools=4:log-level=info:keyint=250:min-keyint=25:bframes=4:b-adapt=2:scenecut=0:qp=20,655360,497813,,0.7596023559570313,,9910.08,20.9,1,2,7,17.0,20.0,21.71,False,0.3453,33.16,False,2.171768,7.875894,39.1678,14,2.171768,7.875894,39.1678,14,,,,,,,,,c2b7a999bd3a39c08d91aa133e25025dfc0fd478a7eb05f8ae5d80d8360ebc82,rd=3 psy-rd=2.00 early-skip rskip mode=1 signhide tmvp b-intra strong-intra-smoothing deblock sao
gray,5,2603716419,mt19937,256,256,10,gray,IPB,cqp,24,,frame-threads=1:pools=4:log-level=info:keyint=250:min-keyint=25:bframes=4:b-adapt=2:scenecut=0:qp=24,655360,430935,,0.6575546264648438,,8572.52,24.9,1,2,7,21.0,24.0,25.71,False,0.3853,30.19,False,3.425516,19.372711,35.2589,21,3.425516,19.372711,35.2589,21,,,,,,,,,c2b7a999bd3a39c08d91aa133e25025dfc0fd478a7eb05f8ae5d80d8360ebc82,rd=3 psy-rd=2.00 early-skip rskip mode=1 signhide tmvp b-intra strong-intra-smoothing deblock sao
gray,5,2603716419,mt19937,256,256,10,gray,IPB,cqp,28,,frame-threads=1:pools=4:log-level=info:keyint=250:min-keyint=25:bframes=4:b-adapt=2:scenecut=0:qp=28,655360,365082,,0.5570709228515625,,7255.46,28.9,1,2,7,25.0,28.0,29.71,False,0.3723,31.38,False,5.397002,47.441563,31.3692,35,5.397002,47.441563,31.3692,35,,,,,,,,,c2b7a999bd3a39c08d91aa133e25025dfc0fd478a7eb05f8ae5d80d8360ebc82,rd=3 psy-rd=2.00 early-skip rskip mode=1 signhide tmvp b-intra strong-intra-smoothing deblock sao
gray,5,2603716419,mt19937,256,256,10,gray,IPB,cqp,32,,frame-threads=1:pools=4:log-level=info:keyint=250:min-keyint=25:bframes=4:b-adapt=2:scenecut=0:qp=32,655360,301543,,0.46011810302734374,,5984.68,32.9,1,2,7,29.0,32.0,33.71,False,0.3993,28.68,False,8.538704,118.647157,27.3882,54,8.538704,118.647157,27.3882,54,,,,,,,,,c2b7a999bd3a39c08d91aa133e25025dfc0fd478a7eb05f8ae5d80d8360ebc82,rd=3 psy-rd=2.00 early-skip rskip mode=1 signhide tmvp b-intra strong-intra-smoothing deblock sao
gray,5,2603716419,mt19937,256,256,10,gray,IPB,cqp,36,,frame-threads=1:pools=4:log-level=info:keyint=250:min-keyint=25:bframes=4:b-adapt=2:scenecut=0:qp=36,655360,237750,,0.3627777099609375,,4708.82,36.9,1,2,7,33.0,36.0,37.71,False,0.4103,28.29,False,13.398236,292.522769,23.4692,89,13.398236,292.522769,23.4692,89,,,,,,,,,c2b7a999bd3a39c08d91aa133e25025dfc0fd478a7eb05f8ae5d80d8360ebc82,rd=3 psy-rd=2.00 early-skip rskip mode=1 signhide tmvp b-intra strong-intra-smoothing deblock sao
gray,5,2603716419,mt19937,256,256,10,gray,IPB,cqp,40,,frame-threads=1:pools=4:log-level=info:keyint=250:min-keyint=25:bframes=4:b-adapt=2:scenecut=0:qp=40,655360,171597,,0.26183624267578126,,3385.76,40.9,1,2,7,37.0,40.0,41.71,False,0.3813,31.61,False,20.842534,705.80761,19.6439,131,20.842534,705.80761,19.6439,131,,,,,,,,,c2b7a999bd3a39c08d91aa133e25025dfc0fd478a7eb05f8ae5d80d8360ebc82,rd=3 psy-rd=2.00 early-skip rskip mode=1 signhide tmvp b-intra strong-intra-smoothing deblock sao
gray,5,2603716419,mt19937,256,256,10,gray,IPB,cqp,44,,frame-threads=1:pools=4:log-level=info:keyint=250:min-keyint=25:bframes=4:b-adapt=2:scenecut=0:qp=44,655360,98754,,0.1506866455078125,,1928.9,44.9,1,2,7,41.0,44.0,45.71,False,0.3562,32.64,False,33.653529,1821.0618,15.5276,204,33.653529,1821.0618,15.5276,204,,,,,,,,,c2b7a999bd3a39c08d91aa133e25025dfc0fd478a7eb05f8ae5d80d8360ebc82,rd=3 psy-rd=2.00 early-skip rskip mode=1 signhide tmvp b-intra strong-intra-smoothing deblock sao
gray,5,2603716419,mt19937,256,256,10,gray,IPB,cqp,48,,frame-threads=1:pools=4:log-level=info:keyint=250:min-keyint=25:bframes=4:b-adapt=2:scenecut=0:qp=48,655360,37193,,0.05675201416015625,,697.68,48.9,1,2,7,45.0,48.0,49.71,False,0.1998,66.02,False,52.453679,4103.092189,11.9997,247,52.453679,4103.092189,11.9997,247,,,,,,,,,c2b7a999bd3a39c08d91aa133e25025dfc0fd478a7eb05f8ae5d80d8360ebc82,rd=3 psy-rd=2.00 early-skip rskip mode=1 signhide tmvp b-intra strong-intra-smoothing deblock sao
gray,5,2603716419,mt19937,256,256,10,gray,IPB,cqp,51,,frame-threads=1:pools=4:log-level=info:keyint=250:min-keyint=25:bframes=4:b-adapt=2:scenecut=0:qp=51,655360,11285,,0.01721954345703125,,179.52,51.9,1,2,7,48.0,51.0,52.71,False,0.1179,150.31,False,63.938765,5848.418257,10.4604,247,63.938765,5848.418257,10.4604,247,,,,,,,,,c2b7a999bd3a39c08d91aa133e25025dfc0fd478a7eb05f8ae5d80d8360ebc82,rd=3 psy-rd=2.00 early-skip rskip mode=1 signhide tmvp b-intra strong-intra-smoothing deblock sao
gray,6,2223109788,mt19937,256,256,10,gray,IPB,lossless,,,frame-threads=1:pools=4:log-level=info:keyint=250:min-keyint=25:bframes=4:b-adapt=2:scenecut=0:lossless=1,655360,860852,,1.313555908203125,,17170.94,4.0,1,2,7,4.0,4.0,4.0,True,0.3546,33.2,True,0.0,0.0,inf,0,0.0,0.0,inf,0,,,,,,,,,da2bbcd1265c3c13f2a259b63654201e5e002b3a474919467f3529c7fd6b4f82,rd=3 psy-rd=2.00 early-skip rskip mode=1 signhide tmvp b-intra strong-intra-smoothing deblock sao
gray,6,2223109788,mt19937,256,256,10,gray,IPB,cqp,0,,frame-threads=1:pools=4:log-level=info:keyint=250:min-keyint=25:bframes=4:b-adapt=2:scenecut=0:qp=0,655360,974334,,1.4867156982421874,,19441.04,0.0,1,2,7,0.0,0.0,0.0,False,0.3317,36.76,False,0.139047,0.139078,56.6982,2,0.139047,0.139078,56.6982,2,,,,,,,,,da2bbcd1265c3c13f2a259b63654201e5e002b3a474919467f3529c7fd6b4f82,rd=3 psy-rd=2.00 early-skip rskip mode=1 signhide tmvp b-intra strong-intra-smoothing deblock sao
gray,6,2223109788,mt19937,256,256,10,gray,IPB,cqp,4,,frame-threads=1:pools=4:log-level=info:keyint=250:min-keyint=25:bframes=4:b-adapt=2:scenecut=0:qp=4,655360,827410,,1.2625274658203125,,16502.04,4.9,1,2,7,1.0,4.0,5.71,False,0.3359,35.23,False,0.31853,0.326492,52.9921,3,0.31853,0.326492,52.9921,3,,,,,,,,,da2bbcd1265c3c13f2a259b63654201e5e002b3a474919467f3529c7fd6b4f82,rd=3 psy-rd=2.00 early-skip rskip mode=1 signhide tmvp b-intra strong-intra-smoothing deblock sao
gray,6,2223109788,mt19937,256,256,10,gray,IPB,cqp,8,,frame-threads=1:pools=4:log-level=info:keyint=250:min-keyint=25:bframes=4:b-adapt=2:scenecut=0:qp=8,655360,719708,,1.098187255859375,,14348.0,8.9,1,2,7,5.0,8.0,9.71,False,0.3754,30.82,False,0.543208,0.658611,49.9445,4,0.543208,0.658611,49.9445,4,,,,,,,,,da2bbcd1265c3c13f2a259b63654201e5e002b3a474919467f3529c7fd6b4f82,rd=3 psy-rd=2.00 early-skip rskip mode=1 signhide tmvp b-intra strong-intra-smoothing deblock sao
gray,6,2223109788,mt19937,256,256,10,gray,IPB,cqp,10,,frame-threads=1:pools=4:log-level=info:keyint=250:min-keyint=25:bframes=4:b-adapt=2:scenecut=0:qp=10,655360,676695,,1.0325546264648438,,13487.72,10.9,1,2,7,7.0,10.0,11.71,False,0.3851,29.54,False,0.684731,0.948997,48.3582,5,0.684731,0.948997,48.3582,5,,,,,,,,,da2bbcd1265c3c13f2a259b63654201e5e002b3a474919467f3529c7fd6b4f82,rd=3 psy-rd=2.00 early-skip rskip mode=1 signhide tmvp b-intra strong-intra-smoothing deblock sao
gray,6,2223109788,mt19937,256,256,10,gray,IPB,cqp,12,,frame-threads=1:pools=4:log-level=info:keyint=250:min-keyint=25:bframes=4:b-adapt=2:scenecut=0:qp=12,655360,636800,,0.9716796875,,12689.82,12.9,1,2,7,9.0,12.0,13.71,False,0.3924,30.02,False,0.869093,1.420525,46.6063,6,0.869093,1.420525,46.6063,6,,,,,,,,,da2bbcd1265c3c13f2a259b63654201e5e002b3a474919467f3529c7fd6b4f82,rd=3 psy-rd=2.00 early-skip rskip mode=1 signhide tmvp b-intra strong-intra-smoothing deblock sao
gray,6,2223109788,mt19937,256,256,10,gray,IPB,cqp,14,,frame-threads=1:pools=4:log-level=info:keyint=250:min-keyint=25:bframes=4:b-adapt=2:scenecut=0:qp=14,655360,601759,,0.9182113647460938,,11989.0,14.9,1,2,7,11.0,14.0,15.71,False,0.3695,31.69,False,1.093985,2.138739,44.8292,7,1.093985,2.138739,44.8292,7,,,,,,,,,da2bbcd1265c3c13f2a259b63654201e5e002b3a474919467f3529c7fd6b4f82,rd=3 psy-rd=2.00 early-skip rskip mode=1 signhide tmvp b-intra strong-intra-smoothing deblock sao
gray,6,2223109788,mt19937,256,256,10,gray,IPB,cqp,16,,frame-threads=1:pools=4:log-level=info:keyint=250:min-keyint=25:bframes=4:b-adapt=2:scenecut=0:qp=16,655360,566589,,0.8645462036132813,,11285.6,16.9,1,2,7,13.0,16.0,17.71,False,0.3771,31.28,False,1.370404,3.249661,43.0124,9,1.370404,3.249661,43.0124,9,,,,,,,,,da2bbcd1265c3c13f2a259b63654201e5e002b3a474919467f3529c7fd6b4f82,rd=3 psy-rd=2.00 early-skip rskip mode=1 signhide tmvp b-intra strong-intra-smoothing deblock sao
gray,6,2223109788,mt19937,256,256,10,gray,IPB,cqp,18,,frame-threads=1:pools=4:log-level=info:keyint=250:min-keyint=25:bframes=4:b-adapt=2:scenecut=0:qp=18,655360,531569,,0.8111099243164063,,10585.2,18.9,1,2,7,15.0,18.0,19.71,False,0.401,29.18,False,1.730682,5.079791,41.0723,12,1.730682,5.079791,41.0723,12,,,,,,,,,da2bbcd1265c3c13f2a259b63654201e5e002b3a474919467f3529c7fd6b4f82,rd=3 psy-rd=2.00 early-skip rskip mode=1 signhide tmvp b-intra strong-intra-smoothing deblock sao
gray,6,2223109788,mt19937,256,256,10,gray,IPB,cqp,20,,frame-threads=1:pools=4:log-level=info:keyint=250:min-keyint=25:bframes=4:b-adapt=2:scenecut=0:qp=20,655360,497116,,0.758538818359375,,9896.14,20.9,1,2,7,17.0,20.0,21.71,False,0.3549,32.86,False,2.169658,7.861794,39.1756,14,2.169658,7.861794,39.1756,14,,,,,,,,,da2bbcd1265c3c13f2a259b63654201e5e002b3a474919467f3529c7fd6b4f82,rd=3 psy-rd=2.00 early-skip rskip mode=1 signhide tmvp b-intra strong-intra-smoothing deblock sao
gray,6,2223109788,mt19937,256,256,10,gray,IPB,cqp,24,,frame-threads=1:pools=4:log-level=info:keyint=250:min-keyint=25:bframes=4:b-adapt=2:scenecut=0:qp=24,655360,430868,,0.657452392578125,,8571.18,24.9,1,2,7,21.0,24.0,25.71,False,0.3814,30.56,False,3.427962,19.394347,35.2541,23,3.427962,19.394347,35.2541,23,,,,,,,,,da2bbcd1265c3c13f2a259b63654201e5e002b3a474919467f3529c7fd6b4f82,rd=3 psy-rd=2.00 early-skip rskip mode=1 signhide tmvp b-intra strong-intra-smoothing deblock sao
gray,6,2223109788,mt19937,256,256,10,gray,IPB,cqp,28,,frame-threads=1:pools=4:log-level=info:keyint=250:min-keyint=25:bframes=4:b-adapt=2:scenecut=0:qp=28,655360,367434,,0.5606597900390625,,7302.5,28.9,1,2,7,25.0,28.0,29.71,False,0.3649,32.68,False,5.368822,47.235741,31.3881,35,5.368822,47.235741,31.3881,35,,,,,,,,,da2bbcd1265c3c13f2a259b63654201e5e002b3a474919467f3529c7fd6b4f82,rd=3 psy-rd=2.00 early-skip rskip mode=1 signhide tmvp b-intra strong-intra-smoothing deblock sao
gray,6,2223109788,mt19937,256,256,10,gray,IPB,cqp,32,,frame-threads=1:pools=4:log-level=info:keyint=250:min-keyint=25:bframes=4:b-adapt=2:scenecut=0:qp=32,655360,301026,,0.4593292236328125,,5974.34,32.9,1,2,7,29.0,32.0,33.71,False,0.3829,30.2,False,8.53896,118.689128,27.3867,56,8.53896,118.689128,27.3867,56,,,,,,,,,da2bbcd1265c3c13f2a259b63654201e5e002b3a474919467f3529c7fd6b4f82,rd=3 psy-rd=2.00 early-skip rskip mode=1 signhide tmvp b-intra strong-intra-smoothing deblock sao
gray,6,2223109788,mt19937,256,256,10,gray,IPB,cqp,36,,frame-threads=1:pools=4:log-level=info:keyint=250:min-keyint=25:bframes=4:b-adapt=2:scenecut=0:qp=36,655360,238411,,0.36378631591796873,,4722.04,36.9,1,2,7,33.0,36.0,37.71,False,0.3948,29.7,False,13.410588,292.712614,23.4664,90,13.410588,292.712614,23.4664,90,,,,,,,,,da2bbcd1265c3c13f2a259b63654201e5e002b3a474919467f3529c7fd6b4f82,rd=3 psy-rd=2.00 early-skip rskip mode=1 signhide tmvp b-intra strong-intra-smoothing deblock sao
gray,6,2223109788,mt19937,256,256,10,gray,IPB,cqp,40,,frame-threads=1:pools=4:log-level=info:keyint=250:min-keyint=25:bframes=4:b-adapt=2:scenecut=0:qp=40,655360,172068,,0.262554931640625,,3395.18,40.9,1,2,7,37.0,40.0,41.71,False,0.3693,31.09,False,20.816901,704.762234,19.6504,133,20.816901,704.762234,19.6504,133,,,,,,,,,da2bbcd1265c3c13f2a259b63654201e5e002b3a474919467f3529c7fd6b4f82,rd=3 psy-rd=2.00 early-skip rskip mode=1 signhide tmvp b-intra strong-intra-smoothing deblock sao
gray,6,2223109788,mt19937,256,256,10,gray,IPB,cqp,44,,frame-threads=1:pools=4:log-level=info:keyint=250:min-keyint=25:bframes=4:b-adapt=2:scenecut=0:qp=44,655360,98864,,0.1508544921875,,1931.1,44.9,1,2,7,41.0,44.0,45.71,False,0.3229,37.18,False,33.634235,1819.853055,15.5304,227,33.634235,1819.853055,15.5304,227,,,,,,,,,da2bbcd1265c3c13f2a259b63654201e5e002b3a474919467f3529c7fd6b4f82,rd=3 psy-rd=2.00 early-skip rskip mode=1 signhide tmvp b-intra strong-intra-smoothing deblock sao
gray,6,2223109788,mt19937,256,256,10,gray,IPB,cqp,48,,frame-threads=1:pools=4:log-level=info:keyint=250:min-keyint=25:bframes=4:b-adapt=2:scenecut=0:qp=48,655360,37821,,0.05771026611328125,,710.24,48.9,1,2,7,45.0,48.0,49.71,False,0.2175,61.73,False,52.29993,4087.676965,12.016,248,52.29993,4087.676965,12.016,248,,,,,,,,,da2bbcd1265c3c13f2a259b63654201e5e002b3a474919467f3529c7fd6b4f82,rd=3 psy-rd=2.00 early-skip rskip mode=1 signhide tmvp b-intra strong-intra-smoothing deblock sao
gray,6,2223109788,mt19937,256,256,10,gray,IPB,cqp,51,,frame-threads=1:pools=4:log-level=info:keyint=250:min-keyint=25:bframes=4:b-adapt=2:scenecut=0:qp=51,655360,10730,,0.0163726806640625,,168.42,51.9,1,2,7,48.0,51.0,52.71,False,0.1153,167.16,False,63.517947,5717.483447,10.5588,250,63.517947,5717.483447,10.5588,250,,,,,,,,,da2bbcd1265c3c13f2a259b63654201e5e002b3a474919467f3529c7fd6b4f82,rd=3 psy-rd=2.00 early-skip rskip mode=1 signhide tmvp b-intra strong-intra-smoothing deblock sao
gray,7,3890647918,mt19937,256,256,10,gray,IPB,lossless,,,frame-threads=1:pools=4:log-level=info:keyint=250:min-keyint=25:bframes=4:b-adapt=2:scenecut=0:lossless=1,655360,860773,,1.3134353637695313,,17169.36,4.0,1,2,7,4.0,4.0,4.0,True,0.3504,34.67,True,0.0,0.0,inf,0,0.0,0.0,inf,0,,,,,,,,,2c778d421d7bcdf678194a81a04205f750051ef02dfbd7004c4210428e5c7d74,rd=3 psy-rd=2.00 early-skip rskip mode=1 signhide tmvp b-intra strong-intra-smoothing deblock sao
gray,7,3890647918,mt19937,256,256,10,gray,IPB,cqp,0,,frame-threads=1:pools=4:log-level=info:keyint=250:min-keyint=25:bframes=4:b-adapt=2:scenecut=0:qp=0,655360,974930,,1.4876251220703125,,19452.96,0.0,1,2,7,0.0,0.0,0.0,False,0.3513,33.15,False,0.139342,0.13936,56.6894,2,0.139342,0.13936,56.6894,2,,,,,,,,,2c778d421d7bcdf678194a81a04205f750051ef02dfbd7004c4210428e5c7d74,rd=3 psy-rd=2.00 early-skip rskip mode=1 signhide tmvp b-intra strong-intra-smoothing deblock sao
gray,7,3890647918,mt19937,256,256,10,gray,IPB,cqp,4,,frame-threads=1:pools=4:log-level=info:keyint=250:min-keyint=25:bframes=4:b-adapt=2:scenecut=0:qp=4,655360,827110,,1.2620697021484375,,16496.04,4.9,1,2,7,1.0,4.0,5.71,False,0.3609,31.97,False,0.320009,0.328029,52.9717,3,0.320009,0.328029,52.9717,3,,,,,,,,,2c778d421d7bcdf678194a81a04205f750051ef02dfbd7004c4210428e5c7d74,rd=3 psy-rd=2.00 early-skip rskip mode=1 signhide tmvp b-intra strong-intra-smoothing deblock sao
gray,7,3890647918,mt19937,256,256,10,gray,IPB,cqp,8,,frame-threads=1:pools=4:log-level=info:keyint=250:min-keyint=25:bframes=4:b-adapt=2:scenecut=0:qp=8,655360,719213,,1.0974319458007813,,14338.1,8.9,1,2,7,5.0,8.0,9.71,False,0.3879,30.0,False,0.546301,0.663785,49.9105,4,0.546301,0.663785,49.9105,4,,,,,,,,,2c778d421d7bcdf678194a81a04205f750051ef02dfbd7004c4210428e5c7d74,rd=3 psy-rd=2.00 early-skip rskip mode=1 signhide tmvp b-intra strong-intra-smoothing deblock sao
gray,7,3890647918,mt19937,256,256,10,gray,IPB,cqp,10,,frame-threads=1:pools=4:log-level=info:keyint=250:min-keyint=25:bframes=4:b-adapt=2:scenecut=0:qp=10,655360,676549,,1.0323318481445312,,13484.8,10.9,1,2,7,7.0,10.0,11.71,False,0.3799,30.2,False,0.686856,0.95257,48.3418,5,0.686856,0.95257,48.3418,5,,,,,,,,,2c778d421d7bcdf678194a81a04205f750051ef02dfbd7004c4210428e5c7d74,rd=3 psy-rd=2.00 early-skip rskip mode=1 signhide tmvp b-intra strong-intra-smoothing deblock sao
gray,7,3890647918,mt19937,256,256,10,gray,IPB,cqp,12,,frame-threads=1:pools=4:log-level=info:keyint=250:min-keyint=25:bframes=4:b-adapt=2:scenecut=0:qp=12,655360,635951,,0.9703842163085937,,12672.84,12.9,1,2,7,9.0,12.0,13.71,False,0.37,31.14,False,0.869331,1.421135,46.6045,6,0.869331,1.421135,46.6045,6,,,,,,,,,2c778d421d7bcdf678194a81a04205f750051ef02dfbd7004c4210428e5c7d74,rd=3 psy-rd=2.00 early-skip rskip mode=1 signhide tmvp b-intra strong-intra-smoothing deblock sao
gray,7,3890647918,mt19937,256,256,10,gray,IPB,cqp,14,,frame-threads=1:pools=4:log-level=info:keyint=250:min-keyint=25:bframes=4:b-adapt=2:scenecut=0:qp=14,655360,601672,,0.91807861328125,,11987.26,14.9,1,2,7,11.0,14.0,15.71,False,0.3885,30.01,False,1.092842,2.137834,44.8311,7,1.092842,2.137834,44.8311,7,,,,,,,,,2c778d421d7bcdf678194a81a04205f750051ef02dfbd7004c4210428e5c7d74,rd=3 psy-rd=2.00 early-skip rskip mode=1 signhide tmvp b-intra strong-intra-smoothing deblock sao
gray,7,3890647918,mt19937,256,256,10,gray,IPB,cqp,16,,frame-threads=1:pools=4:log-level=info:keyint=250:min-keyint=25:bframes=4:b-adapt=2:scenecut=0:qp=16,655360,566714,,0.8647369384765625,,11288.1,16.9,1,2,7,13.0,16.0,17.71,False,0.3952,30.03,False,1.371056,3.247694,43.0151,9,1.371056,3.247694,43.0151,9,,,,,,,,,2c778d421d7bcdf678194a81a04205f750051ef02dfbd7004c4210428e5c7d74,rd=3 psy-rd=2.00 early-skip rskip mode=1 signhide tmvp b-intra strong-intra-smoothing deblock sao
gray,7,3890647918,mt19937,256,256,10,gray,IPB,cqp,18,,frame-threads=1:pools=4:log-level=info:keyint=250:min-keyint=25:bframes=4:b-adapt=2:scenecut=0:qp=18,655360,531241,,0.8106094360351562,,10578.64,18.9,1,2,7,15.0,18.0,19.71,False,0.3834,29.81,False,1.734668,5.094037,41.0602,12,1.734668,5.094037,41.0602,12,,,,,,,,,2c778d421d7bcdf678194a81a04205f750051ef02dfbd7004c4210428e5c7d74,rd=3 psy-rd=2.00 early-skip rskip mode=1 signhide tmvp b-intra strong-intra-smoothing deblock sao
gray,7,3890647918,mt19937,256,256,10,gray,IPB,cqp,20,,frame-threads=1:pools=4:log-level=info:keyint=250:min-keyint=25:bframes=4:b-adapt=2:scenecut=0:qp=20,655360,497371,,0.7589279174804687,,9901.24,20.9,1,2,7,17.0,20.0,21.71,False,0.4119,28.36,False,2.171562,7.869106,39.1715,15,2.171562,7.869106,39.1715,15,,,,,,,,,2c778d421d7bcdf678194a81a04205f750051ef02dfbd7004c4210428e5c7d74,rd=3 psy-rd=2.00 early-skip rskip mode=1 signhide tmvp b-intra strong-intra-smoothing deblock sao
gray,7,3890647918,mt19937,256,256,10,gray,IPB,cqp,24,,frame-threads=1:pools=4:log-level=info:keyint=250:min-keyint=25:bframes=4:b-adapt=2:scenecut=0:qp=24,655360,431240,,0.65802001953125,,8578.62,24.9,1,2,7,21.0,24.0,25.71,False,0.3942,29.5,False,3.42733,19.388313,35.2554,24,3.42733,19.388313,35.2554,24,,,,,,,,,2c778d421d7bcdf678194a81a04205f750051ef02dfbd7004c4210428e5c7d74,rd=3 psy-rd=2.00 early-skip rskip mode=1 signhide tmvp b-intra strong-intra-smoothing deblock sao
gray,7,3890647918,mt19937,256,256,10,gray,IPB,cqp,28,,frame-threads=1:pools=4:log-level=info:keyint=250:min-keyint=25:bframes=4:b-adapt=2:scenecut=0:qp=28,655360,367504,,0.5607666015625,,7303.9,28.9,1,2,7,25.0,28.0,29.71,False,0.4051,28.8,False,5.37298,47.259824,31.3859,34,5.37298,47.259824,31.3859,34,,,,,,,,,2c778d421d7bcdf678194a81a04205f750051ef02dfbd7004c4210428e5c7d74,rd=3 psy-rd=2.00 early-skip rskip mode=1 signhide tmvp b-intra strong-intra-smoothing deblock sao
gray,7,3890647918,mt19937,256,256,10,gray,IPB,cqp,32,,frame-threads=1:pools=4:log-level=info:keyint=250:min-keyint=25:bframes=4:b-adapt=2:scenecut=0:qp=32,655360,301192,,0.45958251953125,,5977.66,32.9,1,2,7,29.0,32.0,33.71,False,0.3888,29.11,False,8.550314,118.966089,27.3766,63,8.550314,118.966089,27.3766,63,,,,,,,,,2c778d421d7bcdf678194a81a04205f750051ef02dfbd7004c4210428e5c7d74,rd=3 psy-rd=2.00 early-skip rskip mode=1 signhide tmvp b-intra strong-intra-smoothing deblock sao
gray,7,3890647918,mt19937,256,256,10,gray,IPB,cqp,36,,frame-threads=1:pools=4:log-level=info:keyint=250:min-keyint=25:bframes=4:b-adapt=2:scenecut=0:qp=36,655360,238111,,0.36332855224609373,,4716.04,36.9,1,2,7,33.0,36.0,37.71,False,0.3979,29.57,False,13.400041,292.895628,23.4637,97,13.400041,292.895628,23.4637,97,,,,,,,,,2c778d421d7bcdf678194a81a04205f750051ef02dfbd7004c4210428e5c7d74,rd=3 psy-rd=2.00 early-skip rskip mode=1 signhide tmvp b-intra strong-intra-smoothing deblock sao
gray,7,3890647918,mt19937,256,256,10,gray,IPB,cqp,40,,frame-threads=1:pools=4:log-level=info:keyint=250:min-keyint=25:bframes=4:b-adapt=2:scenecut=0:qp=40,655360,171755,,0.26207733154296875,,3388.92,40.9,1,2,7,37.0,40.0,41.71,False,0.3785,30.2,False,20.8487,706.588623,19.6391,139,20.8487,706.588623,19.6391,139,,,,,,,,,2c778d421d7bcdf678194a81a04205f750051ef02dfbd7004c4210428e5c7d74,rd=3 psy-rd=2.00 early-skip rskip mode=1 signhide tmvp b-intra strong-intra-smoothing deblock sao
gray,7,3890647918,mt19937,256,256,10,gray,IPB,cqp,44,,frame-threads=1:pools=4:log-level=info:keyint=250:min-keyint=25:bframes=4:b-adapt=2:scenecut=0:qp=44,655360,100442,,0.1532623291015625,,1962.66,44.9,1,2,7,41.0,44.0,45.71,False,0.3502,33.5,False,33.361874,1787.515958,15.6083,200,33.361874,1787.515958,15.6083,200,,,,,,,,,2c778d421d7bcdf678194a81a04205f750051ef02dfbd7004c4210428e5c7d74,rd=3 psy-rd=2.00 early-skip rskip mode=1 signhide tmvp b-intra strong-intra-smoothing deblock sao
gray,7,3890647918,mt19937,256,256,10,gray,IPB,cqp,48,,frame-threads=1:pools=4:log-level=info:keyint=250:min-keyint=25:bframes=4:b-adapt=2:scenecut=0:qp=48,655360,36017,,0.05495758056640625,,674.16,48.9,1,2,7,45.0,48.0,49.71,False,0.2141,61.81,False,52.816872,4144.058626,11.9565,239,52.816872,4144.058626,11.9565,239,,,,,,,,,2c778d421d7bcdf678194a81a04205f750051ef02dfbd7004c4210428e5c7d74,rd=3 psy-rd=2.00 early-skip rskip mode=1 signhide tmvp b-intra strong-intra-smoothing deblock sao
gray,7,3890647918,mt19937,256,256,10,gray,IPB,cqp,51,,frame-threads=1:pools=4:log-level=info:keyint=250:min-keyint=25:bframes=4:b-adapt=2:scenecut=0:qp=51,655360,10811,,0.01649627685546875,,170.04,51.9,1,2,7,48.0,51.0,52.71,False,0.1161,146.6,False,63.835449,5789.547614,10.5044,247,63.835449,5789.547614,10.5044,247,,,,,,,,,2c778d421d7bcdf678194a81a04205f750051ef02dfbd7004c4210428e5c7d74,rd=3 psy-rd=2.00 early-skip rskip mode=1 signhide tmvp b-intra strong-intra-smoothing deblock sao
gray,8,3510041287,mt19937,256,256,10,gray,IPB,lossless,,,frame-threads=1:pools=4:log-level=info:keyint=250:min-keyint=25:bframes=4:b-adapt=2:scenecut=0:lossless=1,655360,860606,,1.3131805419921876,,17166.02,4.0,1,2,7,4.0,4.0,4.0,True,0.3378,35.61,True,0.0,0.0,inf,0,0.0,0.0,inf,0,,,,,,,,,361f7c214698fce7ada3e0c2af0316eca3e54609aaa23b5d30b3280fb788310b,rd=3 psy-rd=2.00 early-skip rskip mode=1 signhide tmvp b-intra strong-intra-smoothing deblock sao
gray,8,3510041287,mt19937,256,256,10,gray,IPB,cqp,0,,frame-threads=1:pools=4:log-level=info:keyint=250:min-keyint=25:bframes=4:b-adapt=2:scenecut=0:qp=0,655360,974903,,1.4875839233398438,,19452.42,0.0,1,2,7,0.0,0.0,0.0,False,0.3557,32.67,False,0.139607,0.139616,56.6814,2,0.139607,0.139616,56.6814,2,,,,,,,,,361f7c214698fce7ada3e0c2af0316eca3e54609aaa23b5d30b3280fb788310b,rd=3 psy-rd=2.00 early-skip rskip mode=1 signhide tmvp b-intra strong-intra-smoothing deblock sao
gray,8,3510041287,mt19937,256,256,10,gray,IPB,cqp,4,,frame-threads=1:pools=4:log-level=info:keyint=250:min-keyint=25:bframes=4:b-adapt=2:scenecut=0:qp=4,655360,827016,,1.26192626953125,,16494.16,4.9,1,2,7,1.0,4.0,5.71,False,0.3523,32.88,False,0.31897,0.327179,52.9829,3,0.31897,0.327179,52.9829,3,,,,,,,,,361f7c214698fce7ada3e0c2af0316eca3e54609aaa23b5d30b3280fb788310b,rd=3 psy-rd=2.00 early-skip rskip mode=1 signhide tmvp b-intra strong-intra-smoothing deblock sao
gray,8,3510041287,mt19937,256,256,10,gray,IPB,cqp,8,,frame-threads=1:pools=4:log-level=info:keyint=250:min-keyint=25:bframes=4:b-adapt=2:scenecut=0:qp=8,655360,719262,,1.0975067138671875,,14339.08,8.9,1,2,7,5.0,8.0,9.71,False,0.3967,29.52,False,0.545691,0.66297,49.9159,4,0.545691,0.66297,49.9159,4,,,,,,,,,361f7c214698fce7ada3e0c2af0316eca3e54609aaa23b5d30b3280fb788310b,rd=3 psy-rd=2.00 early-skip rskip mode=1 signhide tmvp b-intra strong-intra-smoothing deblock sao
gray,8,3510041287,mt19937,256,256,10,gray,IPB,cqp,10,,frame-threads=1:pools=4:log-level=info:keyint=250:min-keyint=25:bframes=4:b-adapt=2:scenecut=0:qp=10,655360,676444,,1.032171630859375,,13482.7,10.9,1,2,7,7.0,10.0,11.71,False,0.3464,33.48,False,0.686295,0.95112,48.3485,5,0.686295,0.95112,48.3485,5,,,,,,,,,361f7c214698fce7ada3e0c2af0316eca3e54609aaa23b5d30b3280fb788310b,rd=3 psy-rd=2.00 early-skip rskip mode=1 signhide tmvp b-intra strong-intra-smoothing deblock sao
gray,8,3510041287,mt19937,256,256,10,gray,IPB,cqp,12,,frame-threads=1:pools=4:log-level=info:keyint=250:min-keyint=25:bframes=4:b-adapt=2:scenecut=0:qp=12,655360,635985,,0.9704360961914062,,12673.52,12.9,1,2,7,9.0,12.0,13.71,False,0.3957,29.4,False,0.869119,1.420743,46.6056,6,0.869119,1.420743,46.6056,6,,,,,,,,,361f7c214698fce7ada3e0c2af0316eca3e54609aaa23b5d30b3280fb788310b,rd=3 psy-rd=2.00 early-skip rskip mode=1 signhide tmvp b-intra strong-intra-smoothing deblock sao
gray,8,3510041287,mt19937,256,256,10,gray,IPB,cqp,14,,frame-threads=1:pools=4:log-level=info:keyint=250:min-keyint=25:bframes=4:b-adapt=2:scenecut=0:qp=14,655360,601615,,0.9179916381835938,,11986.12,14.9,1,2,7,11.0,14.0,15.71,False,0.412,28.11,False,1.094627,2.142049,44.8225,7,1.094627,2.142049,44.8225,7,,,,,,,,,361f7c214698fce7ada3e0c2af0316eca3e54609aaa23b5d30b3280fb788310b,rd=3 psy-rd=2.00 early-skip rskip mode=1 signhide tmvp b-intra strong-intra-smoothing deblock sao
gray,8,3510041287,mt19937,256,256,10,gray,IPB,cqp,16,,frame-threads=1:pools=4:log-level=info:keyint=250:min-keyint=25:bframes=4:b-adapt=2:scenecut=0:qp=16,655360,566529,,0.8644546508789063,,11284.4,16.9,1,2,7,13.0,16.0,17.71,False,0.3633,31.56,False,1.370349,3.246936,43.0161,10,1.370349,3.246936,43.0161,10,,,,,,,,,361f7c214698fce7ada3e0c2af0316eca3e54609aaa23b5d30b3280fb788310b,rd=3 psy-rd=2.00 early-skip rskip mode=1 signhide tmvp b-intra strong-intra-smoothing deblock sao
gray,8,3510041287,mt19937,256,256,10,gray,IPB,cqp,18,,frame-threads=1:pools=4:log-level=info:keyint=250:min-keyint=25:bframes=4:b-adapt=2:scenecut=0:qp=18,655360,531451,,0.8109298706054687,,10582.84,18.9,1,2,7,15.0,18.0,19.71,False,0.3928,29.65,False,1.73308,5.089687,41.0639,11,1.73308,5.089687,41.0639,11,,,,,,,,,361f7c214698fce7ada3e0c2af0316eca3e54609aaa23b5d30b3280fb788310b,rd=3 psy-rd=2.00 early-skip rskip mode=1 signhide tmvp b-intra strong-intra-smoothing deblock sao
gray,8,3510041287,mt19937,256,256,10,gray,IPB,cqp,20,,frame-threads=1:pools=4:log-level=info:keyint=250:min-keyint=25:bframes=4:b-adapt=2:scenecut=0:qp=20,655360,497196,,0.758660888671875,,9897.74,20.9,1,2,7,17.0,20.0,21.71,False,0.3888,29.63,False,2.170952,7.861436,39.1758,14,2.170952,7.861436,39.1758,14,,,,,,,,,361f7c214698fce7ada3e0c2af0316eca3e54609aaa23b5d30b3280fb788310b,rd=3 psy-rd=2.00 early-skip rskip mode=1 signhide tmvp b-intra strong-intra-smoothing deblock sao
gray,8,3510041287,mt19937,256,256,10,gray,IPB,cqp,24,,frame-threads=1:pools=4:log-level=info:keyint=250:min-keyint=25:bframes=4:b-adapt=2:scenecut=0:qp=24,655360,431498,,0.6584136962890625,,8583.78,24.9,1,2,7,21.0,24.0,25.71,False,0.3865,29.66,False,3.422832,19.319569,35.2708,22,3.422832,19.319569,35.2708,22,,,,,,,,,361f7c214698fce7ada3e0c2af0316eca3e54609aaa23b5d30b3280fb788310b,rd=3 psy-rd=2.00 early-skip rskip mode=1 signhide tmvp b-intra strong-intra-smoothing deblock sao
gray,8,3510041287,mt19937,256,256,10,gray,IPB,cqp,28,,frame-threads=1:pools=4:log-level=info:keyint=250:min-keyint=25:bframes=4:b-adapt=2:scenecut=0:qp=28,655360,367004,,0.560003662109375,,7293.9,28.9,1,2,7,25.0,28.0,29.71,False,0.4008,28.93,False,5.365839,47.22793,31.3888,37,5.365839,47.22793,31.3888,37,,,,,,,,,361f7c214698fce7ada3e0c2af0316eca3e54609aaa23b5d30b3280fb788310b,rd=3 psy-rd=2.00 early-skip rskip mode=1 signhide tmvp b-intra strong-intra-smoothing deblock sao
gray,8,3510041287,mt19937,256,256,10,gray,IPB,cqp,32,,frame-threads=1:pools=4:log-level=info:keyint=250:min-keyint=25:bframes=4:b-adapt=2:scenecut=0:qp=32,655360,301076,,0.459405517578125,,5975.34,32.9,1,2,7,29.0,32.0,33.71,False,0.3946,28.69,False,8.551765,118.949361,27.3772,59,8.551765,118.949361,27.3772,59,,,,,,,,,361f7c214698fce7ada3e0c2af0316eca3e54609aaa23b5d30b3280fb788310b,rd=3 psy-rd=2.00 early-skip rskip mode=1 signhide tmvp b-intra strong-intra-smoothing deblock sao
gray,8,3510041287,mt19937,256,256,10,gray,IPB,cqp,36,,frame-threads=1:pools=4:log-level=info:keyint=250:min-keyint=25:bframes=4:b-adapt=2:scenecut=0:qp=36,655360,237725,,0.36273956298828125,,4708.32,36.9,1,2,7,33.0,36.0,37.71,False,0.3953,28.76,False,13.383812,291.664821,23.482,88,13.383812,291.664821,23.482,88,,,,,,,,,361f7c214698fce7ada3e0c2af0316eca3e54609aaa23b5d30b3280fb788310b,rd=3 psy-rd=2.00 early-skip rskip mode=1 signhide tmvp b-intra strong-intra-smoothing deblock sao
gray,8,3510041287,mt19937,256,256,10,gray,IPB,cqp,40,,frame-threads=1:pools=4:log-level=info:keyint=250:min-keyint=25:bframes=4:b-adapt=2:scenecut=0:qp=40,655360,171646,,0.2619110107421875,,3386.74,40.9,1,2,7,37.0,40.0,41.71,False,0.3613,33.02,False,20.852742,706.561214,19.6393,142,20.852742,706.561214,19.6393,142,,,,,,,,,361f7c214698fce7ada3e0c2af0316eca3e54609aaa23b5d30b3280fb788310b,rd=3 psy-rd=2.00 early-skip rskip mode=1 signhide tmvp b-intra strong-intra-smoothing deblock sao
gray,8,3510041287,mt19937,256,256,10,gray,IPB,cqp,44,,frame-threads=1:pools=4:log-level=info:keyint=250:min-keyint=25:bframes=4:b-adapt=2:scenecut=0:qp=44,655360,99902,,0.1524383544921875,,1951.86,44.9,1,2,7,41.0,44.0,45.71,False,0.3459,35.32,False,33.457719,1800.749577,15.5763,196,33.457719,1800.749577,15.5763,196,,,,,,,,,361f7c214698fce7ada3e0c2af0316eca3e54609aaa23b5d30b3280fb788310b,rd=3 psy-rd=2.00 early-skip rskip mode=1 signhide tmvp b-intra strong-intra-smoothing deblock sao
gray,8,3510041287,mt19937,256,256,10,gray,IPB,cqp,48,,frame-threads=1:pools=4:log-level=info:keyint=250:min-keyint=25:bframes=4:b-adapt=2:scenecut=0:qp=48,655360,34312,,0.05235595703125,,640.06,48.9,1,2,7,45.0,48.0,49.71,False,0.2101,63.32,False,53.676091,4284.294466,11.812,241,53.676091,4284.294466,11.812,241,,,,,,,,,361f7c214698fce7ada3e0c2af0316eca3e54609aaa23b5d30b3280fb788310b,rd=3 psy-rd=2.00 early-skip rskip mode=1 signhide tmvp b-intra strong-intra-smoothing deblock sao
gray,8,3510041287,mt19937,256,256,10,gray,IPB,cqp,51,,frame-threads=1:pools=4:log-level=info:keyint=250:min-keyint=25:bframes=4:b-adapt=2:scenecut=0:qp=51,655360,10676,,0.016290283203125,,167.34,51.9,1,2,7,48.0,51.0,52.71,False,0.1201,170.17,False,63.661153,5759.857274,10.5267,248,63.661153,5759.857274,10.5267,248,,,,,,,,,361f7c214698fce7ada3e0c2af0316eca3e54609aaa23b5d30b3280fb788310b,rd=3 psy-rd=2.00 early-skip rskip mode=1 signhide tmvp b-intra strong-intra-smoothing deblock sao
gray,9,981951008,mt19937,256,256,10,gray,IPB,lossless,,,frame-threads=1:pools=4:log-level=info:keyint=250:min-keyint=25:bframes=4:b-adapt=2:scenecut=0:lossless=1,655360,860815,,1.3134994506835938,,17170.2,4.0,1,2,7,4.0,4.0,4.0,True,0.3287,35.16,True,0.0,0.0,inf,0,0.0,0.0,inf,0,,,,,,,,,19713a73edd18998c61e5135b1722363e8a3eca55efab8514dec0e8af86842ac,rd=3 psy-rd=2.00 early-skip rskip mode=1 signhide tmvp b-intra strong-intra-smoothing deblock sao
gray,9,981951008,mt19937,256,256,10,gray,IPB,cqp,0,,frame-threads=1:pools=4:log-level=info:keyint=250:min-keyint=25:bframes=4:b-adapt=2:scenecut=0:qp=0,655360,974006,,1.4862152099609376,,19434.48,0.0,1,2,7,0.0,0.0,0.0,False,0.3498,34.28,False,0.139568,0.139577,56.6827,2,0.139568,0.139577,56.6827,2,,,,,,,,,19713a73edd18998c61e5135b1722363e8a3eca55efab8514dec0e8af86842ac,rd=3 psy-rd=2.00 early-skip rskip mode=1 signhide tmvp b-intra strong-intra-smoothing deblock sao
gray,9,981951008,mt19937,256,256,10,gray,IPB,cqp,4,,frame-threads=1:pools=4:log-level=info:keyint=250:min-keyint=25:bframes=4:b-adapt=2:scenecut=0:qp=4,655360,827500,,1.262664794921875,,16503.84,4.9,1,2,7,1.0,4.0,5.71,False,0.3762,30.98,False,0.319058,0.327283,52.9816,3,0.319058,0.327283,52.9816,3,,,,,,,,,19713a73edd18998c61e5135b1722363e8a3eca55efab8514dec0e8af86842ac,rd=3 psy-rd=2.00 early-skip rskip mode=1 signhide tmvp b-intra strong-intra-smoothing deblock sao
gray,9,981951008,mt19937,256,256,10,gray,IPB,cqp,8,,frame-threads=1:pools=4:log-level=info:keyint=250:min-keyint=25:bframes=4:b-adapt=2:scenecut=0:qp=8,655360,719312,,1.0975830078125,,14340.08,8.9,1,2,7,5.0,8.0,9.71,False,0.3814,30.15,False,0.544333,0.661362,49.9264,4,0.544333,0.661362,49.9264,4,,,,,,,,,19713a73edd18998c61e5135b1722363e8a3eca55efab8514dec0e8af86842ac,rd=3 psy-rd=2.00 early-skip rskip mode=1 signhide tmvp b-intra strong-intra-smoothing deblock sao
gray,9,981951008,mt19937,256,256,10,gray,IPB,cqp,10,,frame-threads=1:pools=4:log-level=info:keyint=250:min-keyint=25:bframes=4:b-adapt=2:scenecut=0:qp=10,655360,676298,,1.0319488525390625,,13479.78,10.9,1,2,7,7.0,10.0,11.71,False,0.3803,30.61,False,0.685544,0.948596,48.36,5,0.685544,0.948596,48.36,5,,,,,,,,,19713a73edd18998c61e5135b1722363e8a3eca55efab8514dec0e8af86842ac,rd=3 psy-rd=2.00 early-skip rskip mode=1 signhide tmvp b-intra strong-intra-smoothing deblock sao
gray,9,981951008,mt19937,256,256,10,gray,IPB,cqp,12,,frame-threads=1:pools=4:log-level=info:keyint=250:min-keyint=25:bframes=4:b-adapt=2:scenecut=0:qp=12,655360,635482,,0.9696685791015625,,12663.46,12.9,1,2,7,9.0,12.0,13.71,False,0.3665,31.27,False,0.869974,1.423312,46.5978,6,0.869974,1.423312,46.5978,6,,,,,,,,,19713a73edd18998c61e5135b1722363e8a3eca55efab8514dec0e8af86842ac,rd=3 psy-rd=2.00 early-skip rskip mode=1 signhide tmvp b-intra strong-intra-smoothing deblock sao
gray,9,981951008,mt19937,256,256,10,gray,IPB,cqp,14,,frame-threads=1:pools=4:log-level=info:keyint=250:min-keyint=25:bframes=4:b-adapt=2:scenecut=0:qp=14,655360,601400,,0.91766357421875,,11981.82,14.9,1,2,7,11.0,14.0,15.71,False,0.3951,28.77,False,1.093747,2.138608,44.8295,7,1.093747,2.138608,44.8295,7,,,,,,,,,19713a73edd18998c61e5135b1722363e8a3eca55efab8514dec0e8af86842ac,rd=3 psy-rd=2.00 early-skip rskip mode=1 signhide tmvp b-intra strong-intra-smoothing deblock sao
gray,9,981951008,mt19937,256,256,10,gray,IPB,cqp,16,,frame-threads=1:pools=4:log-level=info:keyint=250:min-keyint=25:bframes=4:b-adapt=2:scenecut=0:qp=16,655360,567041,,0.8652359008789062,,11294.64,16.9,1,2,7,13.0,16.0,17.71,False,0.358,32.14,False,1.369704,3.244148,43.0198,9,1.369704,3.244148,43.0198,9,,,,,,,,,19713a73edd18998c61e5135b1722363e8a3eca55efab8514dec0e8af86842ac,rd=3 psy-rd=2.00 early-skip rskip mode=1 signhide tmvp b-intra strong-intra-smoothing deblock sao
gray,9,981951008,mt19937,256,256,10,gray,IPB,cqp,18,,frame-threads=1:pools=4:log-level=info:keyint=250:min-keyint=25:bframes=4:b-adapt=2:scenecut=0:qp=18,655360,531709,,0.8113235473632813,,10588.0,18.9,1,2,7,15.0,18.0,19.71,False,0.3997,29.16,False,1.7339,5.094511,41.0598,13,1.7339,5.094511,41.0598,13,,,,,,,,,19713a73edd18998c61e5135b1722363e8a3eca55efab8514dec0e8af86842ac,rd=3 psy-rd=2.00 early-skip rskip mode=1 signhide tmvp b-intra strong-intra-smoothing deblock sao
gray,9,981951008,mt19937,256,256,10,gray,IPB,cqp,20,,frame-threads=1:pools=4:log-level=info:keyint=250:min-keyint=25:bframes=4:b-adapt=2:scenecut=0:qp=20,655360,497362,,0.7589141845703125,,9901.06,20.9,1,2,7,17.0,20.0,21.71,False,0.3989,29.46,False,2.171915,7.866248,39.1731,14,2.171915,7.866248,39.1731,14,,,,,,,,,19713a73edd18998c61e5135b1722363e8a3eca55efab8514dec0e8af86842ac,rd=3 psy-rd=2.00 early-skip rskip mode=1 signhide tmvp b-intra strong-intra-smoothing deblock sao
gray,9,981951008,mt19937,256,256,10,gray,IPB,cqp,24,,frame-threads=1:pools=4:log-level=info:keyint=250:min-keyint=25:bframes=4:b-adapt=2:scenecut=0:qp=24,655360,431219,,0.6579879760742188,,8578.2,24.9,1,2,7,21.0,24.0,25.71,False,0.3871,30.03,False,3.424512,19.354901,35.2629,24,3.424512,19.354901,35.2629,24,,,,,,,,,19713a73edd18998c61e5135b1722363e8a3eca55efab8514dec0e8af86842ac,rd=3 psy-rd=2.00 early-skip rskip mode=1 signhide tmvp b-intra strong-intra-smoothing deblock sao
gray,9,981951008,mt19937,256,256,10,gray,IPB,cqp,28,,frame-threads=1:pools=4:log-level=info:keyint=250:min-keyint=25:bframes=4:b-adapt=2:scenecut=0:qp=28,655360,364965,,0.5568923950195312,,7253.12,28.9,1,2,7,25.0,28.0,29.71,False,0.405,28.47,False,5.397514,47.4998,31.3639,36,5.397514,47.4998,31.3639,36,,,,,,,,,19713a73edd18998c61e5135b1722363e8a3eca55efab8514dec0e8af86842ac,rd=3 psy-rd=2.00 early-skip rskip mode=1 signhide tmvp b-intra strong-intra-smoothing deblock sao
gray,9,981951008,mt19937,256,256,10,gray,IPB,cqp,32,,frame-threads=1:pools=4:log-level=info:keyint=250:min-keyint=25:bframes=4:b-adapt=2:scenecut=0:qp=32,655360,300960,,0.459228515625,,5973.02,32.9,1,2,7,29.0,32.0,33.71,False,0.3947,29.76,False,8.540051,118.751691,27.3844,59,8.540051,118.751691,27.3844,59,,,,,,,,,19713a73edd18998c61e5135b1722363e8a3eca55efab8514dec0e8af86842ac,rd=3 psy-rd=2.00 early-skip rskip mode=1 signhide tmvp b-intra strong-intra-smoothing deblock sao
gray,9,981951008,mt19937,256,256,10,gray,IPB,cqp,36,,frame-threads=1:pools=4:log-level=info:keyint=250:min-keyint=25:bframes=4:b-adapt=2:scenecut=0:qp=36,655360,237690,,0.3626861572265625,,4707.62,36.9,1,2,7,33.0,36.0,37.71,False,0.4032,28.26,False,13.408371,292.651443,23.4673,88,13.408371,292.651443,23.4673,88,,,,,,,,,19713a73edd18998c61e5135b1722363e8a3eca55efab8514dec0e8af86842ac,rd=3 psy-rd=2.00 early-skip rskip mode=1 signhide tmvp b-intra strong-intra-smoothing deblock sao
gray,9,981951008,mt19937,256,256,10,gray,IPB,cqp,40,,frame-threads=1:pools=4:log-level=info:keyint=250:min-keyint=25:bframes=4:b-adapt=2:scenecut=0:qp=40,655360,171459,,0.26162567138671877,,3383.0,40.9,1,2,7,37.0,40.0,41.71,False,0.4054,29.18,False,20.85992,706.741518,19.6382,144,20.85992,706.741518,19.6382,144,,,,,,,,,19713a73edd18998c61e5135b1722363e8a3eca55efab8514dec0e8af86842ac,rd=3 psy-rd=2.00 early-skip rskip mode=1 signhide tmvp b-intra strong-intra-smoothing deblock sao
gray,9,981951008,mt19937,256,256,10,gray,IPB,cqp,44,,frame-threads=1:pools=4:log-level=info:keyint=250:min-keyint=25:bframes=4:b-adapt=2:scenecut=0:qp=44,655360,99883,,0.15240936279296874,,1951.48,44.9,1,2,7,41.0,44.0,45.71,False,0.4029,28.9,False,33.468355,1803.82011,15.5689,202,33.468355,1803.82011,15.5689,202,,,,,,,,,19713a73edd18998c61e5135b1722363e8a3eca55efab8514dec0e8af86842ac,rd=3 psy-rd=2.00 early-skip rskip mode=1 signhide tmvp b-intra strong-intra-smoothing deblock sao
gray,9,981951008,mt19937,256,256,10,gray,IPB,cqp,48,,frame-threads=1:pools=4:log-level=info:keyint=250:min-keyint=25:bframes=4:b-adapt=2:scenecut=0:qp=48,655360,36433,,0.05559234619140625,,682.48,48.9,1,2,7,45.0,48.0,49.71,False,0.2074,64.87,False,52.8737,4171.12713,11.9283,251,52.8737,4171.12713,11.9283,251,,,,,,,,,19713a73edd18998c61e5135b1722363e8a3eca55efab8514dec0e8af86842ac,rd=3 psy-rd=2.00 early-skip rskip mode=1 signhide tmvp b-intra strong-intra-smoothing deblock sao
gray,9,981951008,mt19937,256,256,10,gray,IPB,cqp,51,,frame-threads=1:pools=4:log-level=info:keyint=250:min-keyint=25:bframes=4:b-adapt=2:scenecut=0:qp=51,655360,10891,,0.01661834716796875,,171.64,51.9,1,2,7,48.0,51.0,52.71,False,0.1148,172.04,False,63.644301,5757.719426,10.5283,248,63.644301,5757.719426,10.5283,248,,,,,,,,,19713a73edd18998c61e5135b1722363e8a3eca55efab8514dec0e8af86842ac,rd=3 psy-rd=2.00 early-skip rskip mode=1 signhide tmvp b-intra strong-intra-smoothing deblock sao
gray,10,2649489138,mt19937,256,256,10,gray,IPB,lossless,,,frame-threads=1:pools=4:log-level=info:keyint=250:min-keyint=25:bframes=4:b-adapt=2:scenecut=0:lossless=1,655360,860282,,1.3126861572265625,,17159.54,4.0,1,2,7,4.0,4.0,4.0,True,0.335,35.73,True,0.0,0.0,inf,0,0.0,0.0,inf,0,,,,,,,,,1df57b5112765dc859df9cd0e8af6def7f15a41f7a4a8a234d38dfeccb06f2a6,rd=3 psy-rd=2.00 early-skip rskip mode=1 signhide tmvp b-intra strong-intra-smoothing deblock sao
gray,10,2649489138,mt19937,256,256,10,gray,IPB,cqp,0,,frame-threads=1:pools=4:log-level=info:keyint=250:min-keyint=25:bframes=4:b-adapt=2:scenecut=0:qp=0,655360,973863,,1.4859970092773438,,19431.62,0.0,1,2,7,0.0,0.0,0.0,False,0.3456,34.78,False,0.13909,0.139114,56.6971,2,0.13909,0.139114,56.6971,2,,,,,,,,,1df57b5112765dc859df9cd0e8af6def7f15a41f7a4a8a234d38dfeccb06f2a6,rd=3 psy-rd=2.00 early-skip rskip mode=1 signhide tmvp b-intra strong-intra-smoothing deblock sao
gray,10,2649489138,mt19937,256,256,10,gray,IPB,cqp,4,,frame-threads=1:pools=4:log-level=info:keyint=250:min-keyint=25:bframes=4:b-adapt=2:scenecut=0:qp=4,655360,827226,,1.2622467041015626,,16498.36,4.9,1,2,7,1.0,4.0,5.71,False,0.3267,35.6,False,0.319272,0.327304,52.9813,3,0.319272,0.327304,52.9813,3,,,,,,,,,1df57b5112765dc859df9cd0e8af6def7f15a41f7a4a8a234d38dfeccb06f2a6,rd=3 psy-rd=2.00 early-skip rskip mode=1 signhide tmvp b-intra strong-intra-smoothing deblock sao
gray,10,2649489138,mt19937,256,256,10,gray,IPB,cqp,8,,frame-threads=1:pools=4:log-level=info:keyint=250:min-keyint=25:bframes=4:b-adapt=2:scenecut=0:qp=8,655360,718905,,1.0969619750976562,,14331.94,8.9,1,2,7,5.0,8.0,9.71,False,0.3834,30.64,False,0.545442,0.662798,49.917,4,0.545442,0.662798,49.917,4,,,,,,,,,1df57b5112765dc859df9cd0e8af6def7f15a41f7a4a8a234d38dfeccb06f2a6,rd=3 psy-rd=2.00 early-skip rskip mode=1 signhide tmvp b-intra strong-intra-smoothing deblock sao
gray,10,2649489138,mt19937,256,256,10,gray,IPB,cqp,10,,frame-threads=1:pools=4:log-level=info:keyint=250:min-keyint=25:bframes=4:b-adapt=2:scenecut=0:qp=10,655360,676316,,1.031976318359375,,13480.14,10.9,1,2,7,7.0,10.0,11.71,False,0.3824,30.57,False,0.684999,0.947627,48.3644,5,0.684999,0.947627,48.3644,5,,,,,,,,,1df57b5112765dc859df9cd0e8af6def7f15a41f7a4a8a234d38dfeccb06f2a6,rd=3 psy-rd=2.00 early-skip rskip mode=1 signhide tmvp b-intra strong-intra-smoothing deblock sao
gray,10,2649489138,mt19937,256,256,10,gray,IPB,cqp,12,,frame-threads=1:pools=4:log-level=info:keyint=250:min-keyint=25:bframes=4:b-adapt=2:scenecut=0:qp=12,655360,635618,,0.9698760986328125,,12666.18,12.9,1,2,7,9.0,12.0,13.71,False,0.3924,29.6,False,0.869186,1.419943,46.6081,6,0.869186,1.419943,46.6081,6,,,,,,,,,1df57b5112765dc859df9cd0e8af6def7f15a41f7a4a8a234d38dfeccb06f2a6,rd=3 psy-rd=2.00 early-skip rskip mode=1 signhide tmvp b-intra strong-intra-smoothing deblock sao
gray,10,2649489138,mt19937,256,256,10,gray,IPB,cqp,14,,frame-threads=1:pools=4:log-level=info:keyint=250:min-keyint=25:bframes=4:b-adapt=2:scenecut=0:qp=14,655360,601743,,0.9181869506835938,,11988.68,14.9,1,2,7,11.0,14.0,15.71,False,0.3846,30.23,False,1.092383,2.130627,44.8457,9,1.092383,2.130627,44.8457,9,,,,,,,,,1df57b5112765dc859df9cd0e8af6def7f15a41f7a4a8a234d38dfeccb06f2a6,rd=3 psy-rd=2.00 early-skip rskip mode=1 signhide tmvp b-intra strong-intra-smoothing deblock sao
gray,10,2649489138,mt19937,256,256,10,gray,IPB,cqp,16,,frame-threads=1:pools=4:log-level=info:keyint=250:min-keyint=25:bframes=4:b-adapt=2:scenecut=0:qp=16,655360,566224,,0.8639892578125,,11278.3,16.9,1,2,7,13.0,16.0,17.71,False,0.4014,28.44,False,1.371895,3.251082,43.0105,9,1.371895,3.251082,43.0105,9,,,,,,,,,1df57b5112765dc859df9cd0e8af6def7f15a41f7a4a8a234d38dfeccb06f2a6,rd=3 psy-rd=2.00 early-skip rskip mode=1 signhide tmvp b-intra strong-intra-smoothing deblock sao
gray,10,2649489138,mt19937,256,256,10,gray,IPB,cqp,18,,frame-threads=1:pools=4:log-level=info:keyint=250:min-keyint=25:bframes=4:b-adapt=2:scenecut=0:qp=18,655360,531272,,0.81065673828125,,10579.26,18.9,1,2,7,15.0,18.0,19.71,False,0.3825,30.13,False,1.734929,5.100572,41.0546,13,1.734929,5.100572,41.0546,13,,,,,,,,,1df57b5112765dc859df9cd0e8af6def7f15a41f7a4a8a234d38dfeccb06f2a6,rd=3 psy-rd=2.00 early-skip rskip mode=1 signhide tmvp b-intra strong-intra-smoothing deblock sao
gray,10,2649489138,mt19937,256,256,10,gray,IPB,cqp,20,,frame-threads=1:pools=4:log-level=info:keyint=250:min-keyint=25:bframes=4:b-adapt=2:scenecut=0:qp=20,655360,497083,,0.7584884643554688,,9895.48,20.9,1,2,7,17.0,20.0,21.71,False,0.3975,29.13,False,2.169682,7.85966,39.1768,15,2.169682,7.85966,39.1768,15,,,,,,,,,1df57b5112765dc859df9cd0e8af6def7f15a41f7a4a8a234d38dfeccb06f2a6,rd=3 psy-rd=2.00 early-skip rskip mode=1 signhide tmvp b-intra strong-intra-smoothing deblock sao
gray,10,2649489138,mt19937,256,256,10,gray,IPB,cqp,24,,frame-threads=1:pools=4:log-level=info:keyint=250:min-keyint=25:bframes=4:b-adapt=2:scenecut=0:qp=24,655360,430981,,0.6576248168945312,,8573.44,24.9,1,2,7,21.0,24.0,25.71,False,0.4055,29.11,False,3.427872,19.403513,35.252,25,3.427872,19.403513,35.252,25,,,,,,,,,1df57b5112765dc859df9cd0e8af6def7f15a41f7a4a8a234d38dfeccb06f2a6,rd=3 psy-rd=2.00 early-skip rskip mode=1 signhide tmvp b-intra strong-intra-smoothing deblock sao
gray,10,2649489138,mt19937,256,256,10,gray,IPB,cqp,28,,frame-threads=1:pools=4:log-level=info:keyint=250:min-keyint=25:bframes=4:b-adapt=2:scenecut=0:qp=28,655360,366967,,0.5599472045898437,,7293.16,28.9,1,2,7,25.0,28.0,29.71,False,0.3878,29.9,False,5.360619,47.143828,31.3966,35,5.360619,47.143828,31.3966,35,,,,,,,,,1df57b5112765dc859df9cd0e8af6def7f15a41f7a4a8a234d38dfeccb06f2a6,rd=3 psy-rd=2.00 early-skip rskip mode=1 signhide tmvp b-intra strong-intra-smoothing deblock sao
gray,10,2649489138,mt19937,256,256,10,gray,IPB,cqp,32,,frame-threads=1:pools=4:log-level=info:keyint=250:min-keyint=25:bframes=4:b-adapt=2:scenecut=0:qp=32,655360,301316,,0.459771728515625,,5980.14,32.9,1,2,7,29.0,32.0,33.71,False,0.4173,27.51,False,8.542146,118.692265,27.3866,58,8.542146,118.692265,27.3866,58,,,,,,,,,1df57b5112765dc859df9cd0e8af6def7f15a41f7a4a8a234d38dfeccb06f2a6,rd=3 psy-rd=2.00 early-skip rskip mode=1 signhide tmvp b-intra strong-intra-smoothing deblock sao
gray,10,2649489138,mt19937,256,256,10,gray,IPB,cqp,36,,frame-threads=1:pools=4:log-level=info:keyint=250:min-keyint=25:bframes=4:b-adapt=2:scenecut=0:qp=36,655360,237756,,0.362786865234375,,4708.94,36.9,1,2,7,33.0,36.0,37.71,False,0.3935,29.37,False,13.419858,293.559332,23.4538,93,13.419858,293.559332,23.4538,93,,,,,,,,,1df57b5112765dc859df9cd0e8af6def7f15a41f7a4a8a234d38dfeccb06f2a6,rd=3 psy-rd=2.00 early-skip rskip mode=1 signhide tmvp b-intra strong-intra-smoothing deblock sao
gray,10,2649489138,mt19937,256,256,10,gray,IPB,cqp,40,,frame-threads=1:pools=4:log-level=info:keyint=250:min-keyint=25:bframes=4:b-adapt=2:scenecut=0:qp=40,655360,171216,,0.2612548828125,,3378.14,40.9,1,2,7,37.0,40.0,41.71,False,0.3729,30.86,False,20.866949,706.141922,19.6419,137,20.866949,706.141922,19.6419,137,,,,,,,,,1df57b5112765dc859df9cd0e8af6def7f15a41f7a4a8a234d38dfeccb06f2a6,rd=3 psy-rd=2.00 early-skip rskip mode=1 signhide tmvp b-intra strong-intra-smoothing deblock sao
gray,10,2649489138,mt19937,256,256,10,gray,IPB,cqp,44,,frame-threads=1:pools=4:log-level=info:keyint=250:min-keyint=25:bframes=4:b-adapt=2:scenecut=0:qp=44,655360,99350,,0.1515960693359375,,1940.82,44.9,1,2,7,41.0,44.0,45.71,False,0.3456,34.16,False,33.450542,1799.58326,15.5791,200,33.450542,1799.58326,15.5791,200,,,,,,,,,1df57b5112765dc859df9cd0e8af6def7f15a41f7a4a8a234d38dfeccb06f2a6,rd=3 psy-rd=2.00 early-skip rskip mode=1 signhide tmvp b-intra strong-intra-smoothing deblock sao
gray,10,2649489138,mt19937,256,256,10,gray,IPB,cqp,48,,frame-threads=1:pools=4:log-level=info:keyint=250:min-keyint=25:bframes=4:b-adapt=2:scenecut=0:qp=48,655360,35467,,0.05411834716796875,,663.16,48.9,1,2,7,45.0,48.0,49.71,False,0.2162,61.83,False,53.00177,4178.060886,11.9211,251,53.00177,4178.060886,11.9211,251,,,,,,,,,1df57b5112765dc859df9cd0e8af6def7f15a41f7a4a8a234d38dfeccb06f2a6,rd=3 psy-rd=2.00 early-skip rskip mode=1 signhide tmvp b-intra strong-intra-smoothing deblock sao
gray,10,2649489138,mt19937,256,256,10,gray,IPB,cqp,51,,frame-threads=1:pools=4:log-level=info:keyint=250:min-keyint=25:bframes=4:b-adapt=2:scenecut=0:qp=51,655360,11009,,0.01679840087890625,,174.0,51.9,1,2,7,48.0,51.0,52.71,False,0.1282,122.92,False,63.19604,5648.215645,10.6117,251,63.19604,5648.215645,10.6117,251,,,,,,,,,1df57b5112765dc859df9cd0e8af6def7f15a41f7a4a8a234d38dfeccb06f2a6,rd=3 psy-rd=2.00 early-skip rskip mode=1 signhide tmvp b-intra strong-intra-smoothing deblock sao
gray,11,2268882507,mt19937,256,256,10,gray,IPB,lossless,,,frame-threads=1:pools=4:log-level=info:keyint=250:min-keyint=25:bframes=4:b-adapt=2:scenecut=0:lossless=1,655360,860407,,1.3128768920898437,,17162.04,4.0,1,2,7,4.0,4.0,4.0,True,0.3529,33.39,True,0.0,0.0,inf,0,0.0,0.0,inf,0,,,,,,,,,280afc714f4401b3ac724f8f9200aa957262dc6499f7ede69457b85c79fd3ceb,rd=3 psy-rd=2.00 early-skip rskip mode=1 signhide tmvp b-intra strong-intra-smoothing deblock sao
gray,11,2268882507,mt19937,256,256,10,gray,IPB,cqp,0,,frame-threads=1:pools=4:log-level=info:keyint=250:min-keyint=25:bframes=4:b-adapt=2:scenecut=0:qp=0,655360,973931,,1.4861007690429688,,19432.98,0.0,1,2,7,0.0,0.0,0.0,False,0.3462,34.5,False,0.138248,0.13826,56.7238,2,0.138248,0.13826,56.7238,2,,,,,,,,,280afc714f4401b3ac724f8f9200aa957262dc6499f7ede69457b85c79fd3ceb,rd=3 psy-rd=2.00 early-skip rskip mode=1 signhide tmvp b-intra strong-intra-smoothing deblock sao
gray,11,2268882507,mt19937,256,256,10,gray,IPB,cqp,4,,frame-threads=1:pools=4:log-level=info:keyint=250:min-keyint=25:bframes=4:b-adapt=2:scenecut=0:qp=4,655360,827040,,1.261962890625,,16494.64,4.9,1,2,7,1.0,4.0,5.71,False,0.3813,30.86,False,0.319568,0.327551,52.978,3,0.319568,0.327551,52.978,3,,,,,,,,,280afc714f4401b3ac724f8f9200aa957262dc6499f7ede69457b85c79fd3ceb,rd=3 psy-rd=2.00 early-skip rskip mode=1 signhide tmvp b-intra strong-intra-smoothing deblock sao
gray,11,2268882507,mt19937,256,256,10,gray,IPB,cqp,8,,frame-threads=1:pools=4:log-level=info:keyint=250:min-keyint=25:bframes=4:b-adapt=2:scenecut=0:qp=8,655360,719402,,1.0977203369140625,,14341.88,8.9,1,2,7,5.0,8.0,9.71,False,0.3778,30.75,False,0.54463,0.661128,49.9279,4,0.54463,0.661128,49.9279,4,,,,,,,,,280afc714f4401b3ac724f8f9200aa957262dc6499f7ede69457b85c79fd3ceb,rd=3 psy-rd=2.00 early-skip rskip mode=1 signhide tmvp b-intra strong-intra-smoothing deblock sao
gray,11,2268882507,mt19937,256,256,10,gray,IPB,cqp,10,,frame-threads=1:pools=4:log-level=info:keyint=250:min-keyint=25:bframes=4:b-adapt=2:scenecut=0:qp=10,655360,676939,,1.0329269409179687,,13492.6,10.9,1,2,7,7.0,10.0,11.71,False,0.3759,31.3,False,0.683395,0.94588,48.3724,5,0.683395,0.94588,48.3724,5,,,,,,,,,280afc714f4401b3ac724f8f9200aa957262dc6499f7ede69457b85c79fd3ceb,rd=3 psy-rd=2.00 early-skip rskip mode=1 signhide tmvp b-intra strong-intra-smoothing deblock sao
gray,11,2268882507,mt19937,256,256,10,gray,IPB,cqp,12,,frame-threads=1:pools=4:log-level=info:keyint=250:min-keyint=25:bframes=4:b-adapt=2:scenecut=0:qp=12,655360,636165,,0.9707107543945312,,12677.12,12.9,1,2,7,9.0,12.0,13.71,False,0.4073,29.04,False,0.868852,1.421117,46.6045,7,0.868852,1.421117,46.6045,7,,,,,,,,,280afc714f4401b3ac724f8f9200aa957262dc6499f7ede69457b85c79fd3ceb,rd=3 psy-rd=2.00 early-skip rskip mode=1 signhide tmvp b-intra strong-intra-smoothing deblock sao
gray,11,2268882507,mt19937,256,256,10,gray,IPB,cqp,14,,frame-threads=1:pools=4:log-level=info:keyint=250:min-keyint=25:bframes=4:b-adapt=2:scenecut=0:qp=14,655360,601383,,0.9176376342773438,,11981.48,14.9,1,2,7,11.0,14.0,15.71,False,0.3818,30.85,False,1.092778,2.136226,44.8343,8,1.092778,2.136226,44.8343,8,,,,,,,,,280afc714f4401b3ac724f8f9200aa957262dc6499f7ede69457b85c79fd3ceb,rd=3 psy-rd=2.00 early-skip rskip mode=1 signhide tmvp b-intra strong-intra-smoothing deblock sao
gray,11,2268882507,mt19937,256,256,10,gray,IPB,cqp,16,,frame-threads=1:pools=4:log-level=info:keyint=250:min-keyint=25:bframes=4:b-adapt=2:scenecut=0:qp=16,655360,566823,,0.8649032592773438,,11290.28,16.9,1,2,7,13.0,16.0,17.71,False,0.4107,28.24,False,1.367618,3.23566,43.0312,9,1.367618,3.23566,43.0312,9,,,,,,,,,280afc714f4401b3ac724f8f9200aa957262dc6499f7ede69457b85c79fd3ceb,rd=3 psy-rd=2.00 early-skip rskip mode=1 signhide tmvp b-intra strong-intra-smoothing deblock sao
gray,11,2268882507,mt19937,256,256,10,gray,IPB,cqp,18,,frame-threads=1:pools=4:log-level=info:keyint=250:min-keyint=25:bframes=4:b-adapt=2:scenecut=0:qp=18,655360,531373,,0.8108108520507813,,10581.28,18.9,1,2,7,15.0,18.0,19.71,False,0.3831,30.09,False,1.732349,5.094696,41.0596,12,1.732349,5.094696,41.0596,12,,,,,,,,,280afc714f4401b3ac724f8f9200aa957262dc6499f7ede69457b85c79fd3ceb,rd=3 psy-rd=2.00 early-skip rskip mode=1 signhide tmvp b-intra strong-intra-smoothing deblock sao
gray,11,2268882507,mt19937,256,256,10,gray,IPB,cqp,20,,frame-threads=1:pools=4:log-level=info:keyint=250:min-keyint=25:bframes=4:b-adapt=2:scenecut=0:qp=20,655360,496947,,0.7582809448242187,,9892.76,20.9,1,2,7,17.0,20.0,21.71,False,0.417,28.17,False,2.16962,7.84762,39.1834,14,2.16962,7.84762,39.1834,14,,,,,,,,,280afc714f4401b3ac724f8f9200aa957262dc6499f7ede69457b85c79fd3ceb,rd=3 psy-rd=2.00 early-skip rskip mode=1 signhide tmvp b-intra strong-intra-smoothing deblock sao
gray,11,2268882507,mt19937,256,256,10,gray,IPB,cqp,24,,frame-threads=1:pools=4:log-level=info:keyint=250:min-keyint=25:bframes=4:b-adapt=2:scenecut=0:qp=24,655360,431117,,0.6578323364257812,,8576.16,24.9,1,2,7,21.0,24.0,25.71,False,0.3724,32.19,False,3.424596,19.349794,35.264,22,3.424596,19.349794,35.264,22,,,,,,,,,280afc714f4401b3ac724f8f9200aa957262dc6499f7ede69457b85c79fd3ceb,rd=3 psy-rd=2.00 early-skip rskip mode=1 signhide tmvp b-intra strong-intra-smoothing deblock sao
gray,11,2268882507,mt19937,256,256,10,gray,IPB,cqp,28,,frame-threads=1:pools=4:log-level=info:keyint=250:min-keyint=25:bframes=4:b-adapt=2:scenecut=0:qp=28,655360,364811,,0.5566574096679687,,7250.04,28.9,1,2,7,25.0,28.0,29.71,False,0.4097,28.59,False,5.400436,47.506476,31.3633,36,5.400436,47.506476,31.3633,36,,,,,,,,,280afc714f4401b3ac724f8f9200aa957262dc6499f7ede69457b85c79fd3ceb,rd=3 psy-rd=2.00 early-skip rskip mode=1 signhide tmvp b-intra strong-intra-smoothing deblock sao
gray,11,2268882507,mt19937,256,256,10,gray,IPB,cqp,32,,frame-threads=1:pools=4:log-level=info:keyint=250:min-keyint=25:bframes=4:b-adapt=2:scenecut=0:qp=32,655360,301212,,0.459613037109375,,5978.06,32.9,1,2,7,29.0,32.0,33.71,False,0.4037,28.76,False,8.553358,118.967805,27.3765,57,8.553358,118.967805,27.3765,57,,,,,,,,,280afc714f4401b3ac724f8f9200aa957262dc6499f7ede69457b85c79fd3ceb,rd=3 psy-rd=2.00 early-skip rskip mode=1 signhide tmvp b-intra strong-intra-smoothing deblock sao
gray,11,2268882507,mt19937,256,256,10,gray,IPB,cqp,36,,frame-threads=1:pools=4:log-level=info:keyint=250:min-keyint=25:bframes=4:b-adapt=2:scenecut=0:qp=36,655360,237776,,0.3628173828125,,4709.34,36.9,1,2,7,33.0,36.0,37.71,False,0.3907,29.19,False,13.389384,292.132741,23.475,86,13.389384,292.132741,23.475,86,,,,,,,,,280afc714f4401b3ac724f8f9200aa957262dc6499f7ede69457b85c79fd3ceb,rd=3 psy-rd=2.00 early-skip rskip mode=1 signhide tmvp b-intra strong-intra-smoothing deblock sao
gray,11,2268882507,mt19937,256,256,10,gray,IPB,cqp,40,,frame-threads=1:pools=4:log-level=info:keyint=250:min-keyint=25:bframes=4:b-adapt=2:scenecut=0:qp=40,655360,171471,,0.26164398193359373,,3383.24,40.9,1,2,7,37.0,40.0,41.71,False,0.383,30.39,False,20.863541,707.187921,19.6355,138,20.863541,707.187921,19.6355,138,,,,,,,,,280afc714f4401b3ac724f8f9200aa957262dc6499f7ede69457b85c79fd3ceb,rd=3 psy-rd=2.00 early-skip rskip mode=1 signhide tmvp b-intra strong-intra-smoothing deblock sao
gray,11,2268882507,mt19937,256,256,10,gray,IPB,cqp,44,,frame-threads=1:pools=4:log-level=info:keyint=250:min-keyint=25:bframes=4:b-adapt=2:scenecut=0:qp=44,655360,99862,,0.1523773193359375,,1951.06,44.9,1,2,7,41.0,44.0,45.71,False,0.3453,33.48,False,33.402431,1793.920738,15.5928,204,33.402431,1793.920738,15.5928,204,,,,,,,,,280afc714f4401b3ac724f8f9200aa957262dc6499f7ede69457b85c79fd3ceb,rd=3 psy-rd=2.00 early-skip rskip mode=1 signhide tmvp b-intra strong-intra-smoothing deblock sao
gray,11,2268882507,mt19937,256,256,10,gray,IPB,cqp,48,,frame-threads=1:pools=4:log-level=info:keyint=250:min-keyint=25:bframes=4:b-adapt=2:scenecut=0:qp=48,655360,36020,,0.054962158203125,,674.22,48.9,1,2,7,45.0,48.0,49.71,False,0.2129,62.41,False,52.873085,4164.76964,11.9349,248,52.873085,4164.76964,11.9349,248,,,,,,,,,280afc714f4401b3ac724f8f9200aa957262dc6499f7ede69457b85c79fd3ceb,rd=3 psy-rd=2.00 early-skip rskip mode=1 signhide tmvp b-intra strong-intra-smoothing deblock sao
gray,11,2268882507,mt19937,256,256,10,gray,IPB,cqp,51,,frame-threads=1:pools=4:log-level=info:keyint=250:min-keyint=25:bframes=4:b-adapt=2:scenecut=0:qp=51,655360,9923,,0.01514129638671875,,152.28,51.9,1,2,7,48.0,51.0,52.71,False,0.1061,173.42,False,64.644766,5975.853226,10.3668,255,64.644766,5975.853226,10.3668,255,,,,,,,,,280afc714f4401b3ac724f8f9200aa957262dc6499f7ede69457b85c79fd3ceb,rd=3 psy-rd=2.00 early-skip rskip mode=1 signhide tmvp b-intra strong-intra-smoothing deblock sao
gray,12,3936420637,mt19937,256,256,10,gray,IPB,lossless,,,frame-threads=1:pools=4:log-level=info:keyint=250:min-keyint=25:bframes=4:b-adapt=2:scenecut=0:lossless=1,655360,860556,,1.313104248046875,,17165.02,4.0,1,2,7,4.0,4.0,4.0,True,0.3477,34.04,True,0.0,0.0,inf,0,0.0,0.0,inf,0,,,,,,,,,38d44f47618c1c28065c3fd8b8546dcb2eab0c6109e0ece5f4d5fc3b753ae007,rd=3 psy-rd=2.00 early-skip rskip mode=1 signhide tmvp b-intra strong-intra-smoothing deblock sao
gray,12,3936420637,mt19937,256,256,10,gray,IPB,cqp,0,,frame-threads=1:pools=4:log-level=info:keyint=250:min-keyint=25:bframes=4:b-adapt=2:scenecut=0:qp=0,655360,974273,,1.4866226196289063,,19439.82,0.0,1,2,7,0.0,0.0,0.0,False,0.3396,35.1,False,0.138925,0.13894,56.7025,2,0.138925,0.13894,56.7025,2,,,,,,,,,38d44f47618c1c28065c3fd8b8546dcb2eab0c6109e0ece5f4d5fc3b753ae007,rd=3 psy-rd=2.00 early-skip rskip mode=1 signhide tmvp b-intra strong-intra-smoothing deblock sao
gray,12,3936420637,mt19937,256,256,10,gray,IPB,cqp,4,,frame-threads=1:pools=4:log-level=info:keyint=250:min-keyint=25:bframes=4:b-adapt=2:scenecut=0:qp=4,655360,827268,,1.262310791015625,,16499.2,4.9,1,2,7,1.0,4.0,5.71,False,0.3621,33.02,False,0.319627,0.327617,52.9771,3,0.319627,0.327617,52.9771,3,,,,,,,,,38d44f47618c1c28065c3fd8b8546dcb2eab0c6109e0ece5f4d5fc3b753ae007,rd=3 psy-rd=2.00 early-skip rskip mode=1 signhide tmvp b-intra strong-intra-smoothing deblock sao
gray,12,3936420637,mt19937,256,256,10,gray,IPB,cqp,8,,frame-threads=1:pools=4:log-level=info:keyint=250:min-keyint=25:bframes=4:b-adapt=2:scenecut=0:qp=8,655360,719677,,1.0981399536132812,,14347.38,8.9,1,2,7,5.0,8.0,9.71,False,0.3665,31.5,False,0.545424,0.662508,49.9189,4,0.545424,0.662508,49.9189,4,,,,,,,,,38d44f47618c1c28065c3fd8b8546dcb2eab0c6109e0ece5f4d5fc3b753ae007,rd=3 psy-rd=2.00 early-skip rskip mode=1 signhide tmvp b-intra strong-intra-smoothing deblock sao
gray,12,3936420637,mt19937,256,256,10,gray,IPB,cqp,10,,frame-threads=1:pools=4:log-level=info:keyint=250:min-keyint=25:bframes=4:b-adapt=2:scenecut=0:qp=10,655360,677120,,1.033203125,,13496.22,10.9,1,2,7,7.0,10.0,11.71,False,0.3592,32.86,False,0.684691,0.94771,48.3641,4,0.684691,0.94771,48.3641,4,,,,,,,,,38d44f47618c1c28065c3fd8b8546dcb2eab0c6109e0ece5f4d5fc3b753ae007,rd=3 psy-rd=2.00 early-skip rskip mode=1 signhide tmvp b-intra strong-intra-smoothing deblock sao
gray,12,3936420637,mt19937,256,256,10,gray,IPB,cqp,12,,frame-threads=1:pools=4:log-level=info:keyint=250:min-keyint=25:bframes=4:b-adapt=2:scenecut=0:qp=12,655360,636125,,0.9706497192382812,,12676.32,12.9,1,2,7,9.0,12.0,13.71,False,0.4015,28.95,False,0.867686,1.416417,46.6189,6,0.867686,1.416417,46.6189,6,,,,,,,,,38d44f47618c1c28065c3fd8b8546dcb2eab0c6109e0ece5f4d5fc3b753ae007,rd=3 psy-rd=2.00 early-skip rskip mode=1 signhide tmvp b-intra strong-intra-smoothing deblock sao
gray,12,3936420637,mt19937,256,256,10,gray,IPB,cqp,14,,frame-threads=1:pools=4:log-level=info:keyint=250:min-keyint=25:bframes=4:b-adapt=2:scenecut=0:qp=14,655360,601323,,0.9175460815429688,,11980.28,14.9,1,2,7,11.0,14.0,15.71,False,0.386,30.05,False,1.093341,2.136884,44.833,7,1.093341,2.136884,44.833,7,,,,,,,,,38d44f47618c1c28065c3fd8b8546dcb2eab0c6109e0ece5f4d5fc3b753ae007,rd=3 psy-rd=2.00 early-skip rskip mode=1 signhide tmvp b-intra strong-intra-smoothing deblock sao
gray,12,3936420637,mt19937,256,256,10,gray,IPB,cqp,16,,frame-threads=1:pools=4:log-level=info:keyint=250:min-keyint=25:bframes=4:b-adapt=2:scenecut=0:qp=16,655360,566797,,0.8648635864257812,,11289.76,16.9,1,2,7,13.0,16.0,17.71,False,0.3879,29.77,False,1.367291,3.234583,43.0326,9,1.367291,3.234583,43.0326,9,,,,,,,,,38d44f47618c1c28065c3fd8b8546dcb2eab0c6109e0ece5f4d5fc3b753ae007,rd=3 psy-rd=2.00 early-skip rskip mode=1 signhide tmvp b-intra strong-intra-smoothing deblock sao
gray,12,3936420637,mt19937,256,256,10,gray,IPB,cqp,18,,frame-threads=1:pools=4:log-level=info:keyint=250:min-keyint=25:bframes=4:b-adapt=2:scenecut=0:qp=18,655360,531923,,0.8116500854492188,,10592.28,18.9,1,2,7,15.0,18.0,19.71,False,0.3815,30.87,False,1.732712,5.088235,41.0651,12,1.732712,5.088235,41.0651,12,,,,,,,,,38d44f47618c1c28065c3fd8b8546dcb2eab0c6109e0ece5f4d5fc3b753ae007,rd=3 psy-rd=2.00 early-skip rskip mode=1 signhide tmvp b-intra strong-intra-smoothing deblock sao
gray,12,3936420637,mt19937,256,256,10,gray,IPB,cqp,20,,frame-threads=1:pools=4:log-level=info:keyint=250:min-keyint=25:bframes=4:b-adapt=2:scenecut=0:qp=20,655360,497233,,0.7587173461914063,,9898.48,20.9,1,2,7,17.0,20.0,21.71,False,0.3911,30.29,False,2.171208,7.868288,39.172,14,2.171208,7.868288,39.172,14,,,,,,,,,38d44f47618c1c28065c3fd8b8546dcb2eab0c6109e0ece5f4d5fc3b753ae007,rd=3 psy-rd=2.00 early-skip rskip mode=1 signhide tmvp b-intra strong-intra-smoothing deblock sao
gray,12,3936420637,mt19937,256,256,10,gray,IPB,cqp,24,,frame-threads=1:pools=4:log-level=info:keyint=250:min-keyint=25:bframes=4:b-adapt=2:scenecut=0:qp=24,655360,431144,,0.65787353515625,,8576.7,24.9,1,2,7,21.0,24.0,25.71,False,0.3782,30.77,False,3.426949,19.399654,35.2529,21,3.426949,19.399654,35.2529,21,,,,,,,,,38d44f47618c1c28065c3fd8b8546dcb2eab0c6109e0ece5f4d5fc3b753ae007,rd=3 psy-rd=2.00 early-skip rskip mode=1 signhide tmvp b-intra strong-intra-smoothing deblock sao
gray,12,3936420637,mt19937,256,256,10,gray,IPB,cqp,28,,frame-threads=1:pools=4:log-level=info:keyint=250:min-keyint=25:bframes=4:b-adapt=2:scenecut=0:qp=28,655360,367336,,0.56051025390625,,7300.54,28.9,1,2,7,25.0,28.0,29.71,False,0.3796,29.92,False,5.359618,47.099788,31.4006,35,5.359618,47.099788,31.4006,35,,,,,,,,,38d44f47618c1c28065c3fd8b8546dcb2eab0c6109e0ece5f4d5fc3b753ae007,rd=3 psy-rd=2.00 early-skip rskip mode=1 signhide tmvp b-intra strong-intra-smoothing deblock sao
gray,12,3936420637,mt19937,256,256,10,gray,IPB,cqp,32,,frame-threads=1:pools=4:log-level=info:keyint=250:min-keyint=25:bframes=4:b-adapt=2:scenecut=0:qp=32,655360,301274,,0.4597076416015625,,5979.3,32.9,1,2,7,29.0,32.0,33.71,False,0.3775,30.84,False,8.542564,118.780864,27.3833,62,8.542564,118.780864,27.3833,62,,,,,,,,,38d44f47618c1c28065c3fd8b8546dcb2eab0c6109e0ece5f4d5fc3b753ae007,rd=3 psy-rd=2.00 early-skip rskip mode=1 signhide tmvp b-intra strong-intra-smoothing deblock sao
gray,12,3936420637,mt19937,256,256,10,gray,IPB,cqp,36,,frame-threads=1:pools=4:log-level=info:keyint=250:min-keyint=25:bframes=4:b-adapt=2:scenecut=0:qp=36,655360,237908,,0.363018798828125,,4711.98,36.9,1,2,7,33.0,36.0,37.71,False,0.3863,29.42,False,13.403532,292.485634,23.4698,90,13.403532,292.485634,23.4698,90,,,,,,,,,38d44f47618c1c28065c3fd8b8546dcb2eab0c6109e0ece5f4d5fc3b753ae007,rd=3 psy-rd=2.00 early-skip rskip mode=1 signhide tmvp b-intra strong-intra-smoothing deblock sao
gray,12,3936420637,mt19937,256,256,10,gray,IPB,cqp,40,,frame-threads=1:pools=4:log-level=info:keyint=250:min-keyint=25:bframes=4:b-adapt=2:scenecut=0:qp=40,655360,171390,,0.2615203857421875,,3381.62,40.9,1,2,7,37.0,40.0,41.71,False,0.3901,29.96,False,20.853185,706.328621,19.6407,140,20.853185,706.328621,19.6407,140,,,,,,,,,38d44f47618c1c28065c3fd8b8546dcb2eab0c6109e0ece5f4d5fc3b753ae007,rd=3 psy-rd=2.00 early-skip rskip mode=1 signhide tmvp b-intra strong-intra-smoothing deblock sao
gray,12,3936420637,mt19937,256,256,10,gray,IPB,cqp,44,,frame-threads=1:pools=4:log-level=info:keyint=250:min-keyint=25:bframes=4:b-adapt=2:scenecut=0:qp=44,655360,98816,,0.15078125,,1930.14,44.9,1,2,7,41.0,44.0,45.71,False,0.3613,32.07,False,33.567812,1809.865135,15.5543,211,33.567812,1809.865135,15.5543,211,,,,,,,,,38d44f47618c1c28065c3fd8b8546dcb2eab0c6109e0ece5f4d5fc3b753ae007,rd=3 psy-rd=2.00 early-skip rskip mode=1 signhide tmvp b-intra strong-intra-smoothing deblock sao
gray,12,3936420637,mt19937,256,256,10,gray,IPB,cqp,48,,frame-threads=1:pools=4:log-level=info:keyint=250:min-keyint=25:bframes=4:b-adapt=2:scenecut=0:qp=48,655360,35972,,0.054888916015625,,673.26,48.9,1,2,7,45.0,48.0,49.71,False,0.1948,69.11,False,52.79312,4147.288905,11.9532,238,52.79312,4147.288905,11.9532,238,,,,,,,,,38d44f47618c1c28065c3fd8b8546dcb2eab0c6109e0ece5f4d5fc3b753ae007,rd=3 psy-rd=2.00 early-skip rskip mode=1 signhide tmvp b-intra strong-intra-smoothing deblock sao
gray,12,3936420637,mt19937,256,256,10,gray,IPB,cqp,51,,frame-threads=1:pools=4:log-level=info:keyint=250:min-keyint=25:bframes=4:b-adapt=2:scenecut=0:qp=51,655360,10878,,0.0165985107421875,,171.38,51.9,1,2,7,48.0,51.0,52.71,False,0.1086,162.13,False,63.682417,5767.771526,10.5207,247,63.682417,5767.771526,10.5207,247,,,,,,,,,38d44f47618c1c28065c3fd8b8546dcb2eab0c6109e0ece5f4d5fc3b753ae007,rd=3 psy-rd=2.00 early-skip rskip mode=1 signhide tmvp b-intra strong-intra-smoothing deblock sao
gray,13,1408330358,mt19937,256,256,10,gray,IPB,lossless,,,frame-threads=1:pools=4:log-level=info:keyint=250:min-keyint=25:bframes=4:b-adapt=2:scenecut=0:lossless=1,655360,860461,,1.3129592895507813,,17163.12,4.0,1,2,7,4.0,4.0,4.0,True,0.3539,33.39,True,0.0,0.0,inf,0,0.0,0.0,inf,0,,,,,,,,,a8521851cbb31a960ac6f54fdea8fcaa12776dc63493ec7605e98c710d536ad7,rd=3 psy-rd=2.00 early-skip rskip mode=1 signhide tmvp b-intra strong-intra-smoothing deblock sao
gray,13,1408330358,mt19937,256,256,10,gray,IPB,cqp,0,,frame-threads=1:pools=4:log-level=info:keyint=250:min-keyint=25:bframes=4:b-adapt=2:scenecut=0:qp=0,655360,974005,,1.4862136840820312,,19434.46,0.0,1,2,7,0.0,0.0,0.0,False,0.328,36.01,False,0.139259,0.139275,56.6921,2,0.139259,0.139275,56.6921,2,,,,,,,,,a8521851cbb31a960ac6f54fdea8fcaa12776dc63493ec7605e98c710d536ad7,rd=3 psy-rd=2.00 early-skip rskip mode=1 signhide tmvp b-intra strong-intra-smoothing deblock sao
gray,13,1408330358,mt19937,256,256,10,gray,IPB,cqp,4,,frame-threads=1:pools=4:log-level=info:keyint=250:min-keyint=25:bframes=4:b-adapt=2:scenecut=0:qp=4,655360,826738,,1.2615020751953125,,16488.6,4.9,1,2,7,1.0,4.0,5.71,False,0.3454,33.37,False,0.318613,0.326862,52.9872,3,0.318613,0.326862,52.9872,3,,,,,,,,,a8521851cbb31a960ac6f54fdea8fcaa12776dc63493ec7605e98c710d536ad7,rd=3 psy-rd=2.00 early-skip rskip mode=1 signhide tmvp b-intra strong-intra-smoothing deblock sao
gray,13,1408330358,mt19937,256,256,10,gray,IPB,cqp,8,,frame-threads=1:pools=4:log-level=info:keyint=250:min-keyint=25:bframes=4:b-adapt=2:scenecut=0:qp=8,655360,719216,,1.0974365234375,,14338.16,8.9,1,2,7,5.0,8.0,9.71,False,0.3489,33.0,False,0.544995,0.661673,49.9244,4,0.544995,0.661673,49.9244,4,,,,,,,,,a8521851cbb31a960ac6f54fdea8fcaa12776dc63493ec7605e98c710d536ad7,rd=3 psy-rd=2.00 early-skip rskip mode=1 signhide tmvp b-intra strong-intra-smoothing deblock sao
gray,13,1408330358,mt19937,256,256,10,gray,IPB,cqp,10,,frame-threads=1:pools=4:log-level=info:keyint=250:min-keyint=25:bframes=4:b-adapt=2:scenecut=0:qp=10,655360,676573,,1.0323684692382813,,13485.28,10.9,1,2,7,7.0,10.0,11.71,False,0.3788,30.71,False,0.683141,0.943941,48.3814,5,0.683141,0.943941,48.3814,5,,,,,,,,,a8521851cbb31a960ac6f54fdea8fcaa12776dc63493ec7605e98c710d536ad7,rd=3 psy-rd=2.00 early-skip rskip mode=1 signhide tmvp b-intra strong-intra-smoothing deblock sao
gray,13,1408330358,mt19937,256,256,10,gray,IPB,cqp,12,,frame-threads=1:pools=4:log-level=info:keyint=250:min-keyint=25:bframes=4:b-adapt=2:scenecut=0:qp=12,655360,634853,,0.9687088012695313,,12650.88,12.9,1,2,7,9.0,12.0,13.71,False,0.3762,30.29,False,0.869182,1.422139,46.6014,6,0.869182,1.422139,46.6014,6,,,,,,,,,a8521851cbb31a960ac6f54fdea8fcaa12776dc63493ec7605e98c710d536ad7,rd=3 psy-rd=2.00 early-skip rskip mode=1 signhide tmvp b-intra strong-intra-smoothing deblock sao
gray,13,1408330358,mt19937,256,256,10,gray,IPB,cqp,14,,frame-threads=1:pools=4:log-level=info:keyint=250:min-keyint=25:bframes=4:b-adapt=2:scenecut=0:qp=14,655360,601620,,0.917999267578125,,11986.22,14.9,1,2,7,11.0,14.0,15.71,False,0.3782,30.79,False,1.092496,2.134198,44.8385,7,1.092496,2.134198,44.8385,7,,,,,,,,,a8521851cbb31a960ac6f54fdea8fcaa12776dc63493ec7605e98c710d536ad7,rd=3 psy-rd=2.00 early-skip rskip mode=1 signhide tmvp b-intra strong-intra-smoothing deblock sao
gray,13,1408330358,mt19937,256,256,10,gray,IPB,cqp,16,,frame-threads=1:pools=4:log-level=info:keyint=250:min-keyint=25:bframes=4:b-adapt=2:scenecut=0:qp=16,655360,566458,,0.8643463134765625,,11282.98,16.9,1,2,7,13.0,16.0,17.71,False,0.3785,30.48,False,1.370764,3.245685,43.0177,9,1.370764,3.245685,43.0177,9,,,,,,,,,a8521851cbb31a960ac6f54fdea8fcaa12776dc63493ec7605e98c710d536ad7,rd=3 psy-rd=2.00 early-skip rskip mode=1 signhide tmvp b-intra strong-intra-smoothing deblock sao
gray,13,1408330358,mt19937,256,256,10,gray,IPB,cqp,18,,frame-threads=1:pools=4:log-level=info:keyint=250:min-keyint=25:bframes=4:b-adapt=2:scenecut=0:qp=18,655360,531439,,0.8109115600585938,,10582.6,18.9,1,2,7,15.0,18.0,19.71,False,0.3762,30.74,False,1.733708,5.095561,41.0589,11,1.733708,5.095561,41.0589,11,,,,,,,,,a8521851cbb31a960ac6f54fdea8fcaa12776dc63493ec7605e98c710d536ad7,rd=3 psy-rd=2.00 early-skip rskip mode=1 signhide tmvp b-intra strong-intra-smoothing deblock sao
gray,13,1408330358,mt19937,256,256,10,gray,IPB,cqp,20,,frame-threads=1:pools=4:log-level=info:keyint=250:min-keyint=25:bframes=4:b-adapt=2:scenecut=0:qp=20,655360,496648,,0.75782470703125,,9886.78,20.9,1,2,7,17.0,20.0,21.71,False,0.3932,29.14,False,2.170721,7.861017,39.176,14,2.170721,7.861017,39.176,14,,,,,,,,,a8521851cbb31a960ac6f54fdea8fcaa12776dc63493ec7605e98c710d536ad7,rd=3 psy-rd=2.00 early-skip rskip mode=1 signhide tmvp b-intra strong-intra-smoothing deblock sao
gray,13,1408330358,mt19937,256,256,10,gray,IPB,cqp,24,,frame-threads=1:pools=4:log-level=info:keyint=250:min-keyint=25:bframes=4:b-adapt=2:scenecut=0:qp=24,655360,431232,,0.6580078125,,8578.46,24.9,1,2,7,21.0,24.0,25.71,False,0.3541,32.47,False,3.420268,19.317259,35.2713,25,3.420268,19.317259,35.2713,25,,,,,,,,,a8521851cbb31a960ac6f54fdea8fcaa12776dc63493ec7605e98c710d536ad7,rd=3 psy-rd=2.00 early-skip rskip mode=1 signhide tmvp b-intra strong-intra-smoothing deblock sao
gray,13,1408330358,mt19937,256,256,10,gray,IPB,cqp,28,,frame-threads=1:pools=4:log-level=info:keyint=250:min-keyint=25:bframes=4:b-adapt=2:scenecut=0:qp=28,655360,366879,,0.5598129272460938,,7291.4,28.9,1,2,7,25.0,28.0,29.71,False,0.3744,30.71,False,5.368298,47.23363,31.3883,40,5.368298,47.23363,31.3883,40,,,,,,,,,a8521851cbb31a960ac6f54fdea8fcaa12776dc63493ec7605e98c710d536ad7,rd=3 psy-rd=2.00 early-skip rskip mode=1 signhide tmvp b-intra strong-intra-smoothing deblock sao
gray,13,1408330358,mt19937,256,256,10,gray,IPB,cqp,32,,frame-threads=1:pools=4:log-level=info:keyint=250:min-keyint=25:bframes=4:b-adapt=2:scenecut=0:qp=32,655360,301283,,0.45972137451171874,,5979.48,32.9,1,2,7,29.0,32.0,33.71,False,0.385,29.92,False,8.542773,118.728571,27.3853,60,8.542773,118.728571,27.3853,60,,,,,,,,,a8521851cbb31a960ac6f54fdea8fcaa12776dc63493ec7605e98c710d536ad7,rd=3 psy-rd=2.00 early-skip rskip mode=1 signhide tmvp b-intra strong-intra-smoothing deblock sao
gray,13,1408330358,mt19937,256,256,10,gray,IPB,cqp,36,,frame-threads=1:pools=4:log-level=info:keyint=250:min-keyint=25:bframes=4:b-adapt=2:scenecut=0:qp=36,655360,237799,,0.36285247802734377,,4709.8,36.9,1,2,7,33.0,36.0,37.71,False,0.3893,29.33,False,13.401053,292.258017,23.4731,97,13.401053,292.258017,23.4731,97,,,,,,,,,a8521851cbb31a960ac6f54fdea8fcaa12776dc63493ec7605e98c710d536ad7,rd=3 psy-rd=2.00 early-skip rskip mode=1 signhide tmvp b-intra strong-intra-smoothing deblock sao
gray,13,1408330358,mt19937,256,256,10,gray,IPB,cqp,40,,frame-threads=1:pools=4:log-level=info:keyint=250:min-keyint=25:bframes=4:b-adapt=2:scenecut=0:qp=40,655360,171470,,0.2616424560546875,,3383.22,40.9,1,2,7,37.0,40.0,41.71,False,0.3822,30.18,False,20.836322,705.908231,19.6433,140,20.836322,705.908231,19.6433,140,,,,,,,,,a8521851cbb31a960ac6f54fdea8fcaa12776dc63493ec7605e98c710d536ad7,rd=3 psy-rd=2.00 early-skip rskip mode=1 signhide tmvp b-intra strong-intra-smoothing deblock sao
gray,13,1408330358,mt19937,256,256,10,gray,IPB,cqp,44,,frame-threads=1:pools=4:log-level=info:keyint=250:min-keyint=25:bframes=4:b-adapt=2:scenecut=0:qp=44,655360,99867,,0.15238494873046876,,1951.16,44.9,1,2,7,41.0,44.0,45.71,False,0.3493,32.92,False,33.401659,1796.000365,15.5877,201,33.401659,1796.000365,15.5877,201,,,,,,,,,a8521851cbb31a960ac6f54fdea8fcaa12776dc63493ec7605e98c710d536ad7,rd=3 psy-rd=2.00 early-skip rskip mode=1 signhide tmvp b-intra strong-intra-smoothing deblock sao
gray,13,1408330358,mt19937,256,256,10,gray,IPB,cqp,48,,frame-threads=1:pools=4:log-level=info:keyint=250:min-keyint=25:bframes=4:b-adapt=2:scenecut=0:qp=48,655360,36065,,0.05503082275390625,,675.12,48.9,1,2,7,45.0,48.0,49.71,False,0.2201,60.06,False,52.727487,4132.917377,11.9682,250,52.727487,4132.917377,11.9682,250,,,,,,,,,a8521851cbb31a960ac6f54fdea8fcaa12776dc63493ec7605e98c710d536ad7,rd=3 psy-rd=2.00 early-skip rskip mode=1 signhide tmvp b-intra strong-intra-smoothing deblock sao
gray,13,1408330358,mt19937,256,256,10,gray,IPB,cqp,51,,frame-threads=1:pools=4:log-level=info:keyint=250:min-keyint=25:bframes=4:b-adapt=2:scenecut=0:qp=51,655360,10246,,0.0156341552734375,,158.74,51.9,1,2,7,48.0,51.0,52.71,False,0.1184,156.68,False,63.943248,5819.018169,10.4823,249,63.943248,5819.018169,10.4823,249,,,,,,,,,a8521851cbb31a960ac6f54fdea8fcaa12776dc63493ec7605e98c710d536ad7,rd=3 psy-rd=2.00 early-skip rskip mode=1 signhide tmvp b-intra strong-intra-smoothing deblock sao
gray,14,1027723727,mt19937,256,256,10,gray,IPB,lossless,,,frame-threads=1:pools=4:log-level=info:keyint=250:min-keyint=25:bframes=4:b-adapt=2:scenecut=0:lossless=1,655360,860672,,1.31328125,,17167.34,4.0,1,2,7,4.0,4.0,4.0,True,0.3414,34.28,True,0.0,0.0,inf,0,0.0,0.0,inf,0,,,,,,,,,20ce295d0fcdee11caa36ab3a5bc654db85b96c284d0d003c1976508c777e045,rd=3 psy-rd=2.00 early-skip rskip mode=1 signhide tmvp b-intra strong-intra-smoothing deblock sao
gray,14,1027723727,mt19937,256,256,10,gray,IPB,cqp,0,,frame-threads=1:pools=4:log-level=info:keyint=250:min-keyint=25:bframes=4:b-adapt=2:scenecut=0:qp=0,655360,974638,,1.4871795654296875,,19447.12,0.0,1,2,7,0.0,0.0,0.0,False,0.3311,35.11,False,0.13925,0.139265,56.6924,2,0.13925,0.139265,56.6924,2,,,,,,,,,20ce295d0fcdee11caa36ab3a5bc654db85b96c284d0d003c1976508c777e045,rd=3 psy-rd=2.00 early-skip rskip mode=1 signhide tmvp b-intra strong-intra-smoothing deblock sao
gray,14,1027723727,mt19937,256,256,10,gray,IPB,cqp,4,,frame-threads=1:pools=4:log-level=info:keyint=250:min-keyint=25:bframes=4:b-adapt=2:scenecut=0:qp=4,655360,827361,,1.2624526977539063,,16501.06,4.9,1,2,7,1.0,4.0,5.71,False,0.3597,32.55,False,0.318388,0.326378,52.9936,3,0.318388,0.326378,52.9936,3,,,,,,,,,20ce295d0fcdee11caa36ab3a5bc654db85b96c284d0d003c1976508c777e045,rd=3 psy-rd=2.00 early-skip rskip mode=1 signhide tmvp b-intra strong-intra-smoothing deblock sao
gray,14,1027723727,mt19937,256,256,10,gray,IPB,cqp,8,,frame-threads=1:pools=4:log-level=info:keyint=250:min-keyint=25:bframes=4:b-adapt=2:scenecut=0:qp=8,655360,719785,,1.0983047485351562,,14349.54,8.9,1,2,7,5.0,8.0,9.71,False,0.3755,31.26,False,0.54465,0.661395,49.9262,4,0.54465,0.661395,49.9262,4,,,,,,,,,20ce295d0fcdee11caa36ab3a5bc654db85b96c284d0d003c1976508c777e045,rd=3 psy-rd=2.00 early-skip rskip mode=1 signhide tmvp b-intra strong-intra-smoothing deblock sao
gray,14,1027723727,mt19937,256,256,10,gray,IPB,cqp,10,,frame-threads=1:pools=4:log-level=info:keyint=250:min-keyint=25:bframes=4:b-adapt=2:scenecut=0:qp=10,655360,677164,,1.033270263671875,,13497.1,10.9,1,2,7,7.0,10.0,11.71,False,0.3503,33.48,False,0.683675,0.944914,48.3769,5,0.683675,0.944914,48.3769,5,,,,,,,,,20ce295d0fcdee11caa36ab3a5bc654db85b96c284d0d003c1976508c777e045,rd=3 psy-rd=2.00 early-skip rskip mode=1 signhide tmvp b-intra strong-intra-smoothing deblock sao
gray,14,1027723727,mt19937,256,256,10,gray,IPB,cqp,12,,frame-threads=1:pools=4:log-level=info:keyint=250:min-keyint=25:bframes=4:b-adapt=2:scenecut=0:qp=12,655360,636205,,0.9707717895507812,,12677.92,12.9,1,2,7,9.0,12.0,13.71,False,0.3928,29.85,False,0.869258,1.420988,46.6049,6,0.869258,1.420988,46.6049,6,,,,,,,,,20ce295d0fcdee11caa36ab3a5bc654db85b96c284d0d003c1976508c777e045,rd=3 psy-rd=2.00 early-skip rskip mode=1 signhide tmvp b-intra strong-intra-smoothing deblock sao
gray,14,1027723727,mt19937,256,256,10,gray,IPB,cqp,14,,frame-threads=1:pools=4:log-level=info:keyint=250:min-keyint=25:bframes=4:b-adapt=2:scenecut=0:qp=14,655360,601220,,0.917388916015625,,11978.22,14.9,1,2,7,11.0,14.0,15.71,False,0.3622,33.0,False,1.094333,2.139761,44.8272,7,1.094333,2.139761,44.8272,7,,,,,,,,,20ce295d0fcdee11caa36ab3a5bc654db85b96c284d0d003c1976508c777e045,rd=3 psy-rd=2.00 early-skip rskip mode=1 signhide tmvp b-intra strong-intra-smoothing deblock sao
gray,14,1027723727,mt19937,256,256,10,gray,IPB,cqp,16,,frame-threads=1:pools=4:log-level=info:keyint=250:min-keyint=25:bframes=4:b-adapt=2:scenecut=0:qp=16,655360,566812,,0.864886474609375,,11290.06,16.9,1,2,7,13.0,16.0,17.71,False,0.372,31.06,False,1.370058,3.242543,43.0219,10,1.370058,3.242543,43.0219,10,,,,,,,,,20ce295d0fcdee11caa36ab3a5bc654db85b96c284d0d003c1976508c777e045,rd=3 psy-rd=2.00 early-skip rskip mode=1 signhide tmvp b-intra strong-intra-smoothing deblock sao
gray,14,1027723727,mt19937,256,256,10,gray,IPB,cqp,18,,frame-threads=1:pools=4:log-level=info:keyint=250:min-keyint=25:bframes=4:b-adapt=2:scenecut=0:qp=18,655360,531155,,0.8104782104492188,,10576.92,18.9,1,2,7,15.0,18.0,19.71,False,0.3844,30.21,False,1.733038,5.089401,41.0641,12,1.733038,5.089401,41.0641,12,,,,,,,,,20ce295d0fcdee11caa36ab3a5bc654db85b96c284d0d003c1976508c777e045,rd=3 psy-rd=2.00 early-skip rskip mode=1 signhide tmvp b-intra strong-intra-smoothing deblock sao
gray,14,1027723727,mt19937,256,256,10,gray,IPB,cqp,20,,frame-threads=1:pools=4:log-level=info:keyint=250:min-keyint=25:bframes=4:b-adapt=2:scenecut=0:qp=20,655360,497540,,0.759185791015625,,9904.62,20.9,1,2,7,17.0,20.0,21.71,False,0.3844,29.69,False,2.169859,7.855309,39.1792,15,2.169859,7.855309,39.1792,15,,,,,,,,,20ce295d0fcdee11caa36ab3a5bc654db85b96c284d0d003c1976508c777e045,rd=3 psy-rd=2.00 early-skip rskip mode=1 signhide tmvp b-intra strong-intra-smoothing deblock sao
gray,14,1027723727,mt19937,256,256,10,gray,IPB,cqp,24,,frame-threads=1:pools=4:log-level=info:keyint=250:min-keyint=25:bframes=4:b-adapt=2:scenecut=0:qp=24,655360,431210,,0.6579742431640625,,8578.02,24.9,1,2,7,21.0,24.0,25.71,False,0.3859,29.57,False,3.424878,19.358337,35.2621,25,3.424878,19.358337,35.2621,25,,,,,,,,,20ce295d0fcdee11caa36ab3a5bc654db85b96c284d0d003c1976508c777e045,rd=3 psy-rd=2.00 early-skip rskip mode=1 signhide tmvp b-intra strong-intra-smoothing deblock sao
gray,14,1027723727,mt19937,256,256,10,gray,IPB,cqp,28,,frame-threads=1:pools=4:log-level=info:keyint=250:min-keyint=25:bframes=4:b-adapt=2:scenecut=0:qp=28,655360,367216,,0.5603271484375,,7298.14,28.9,1,2,7,25.0,28.0,29.71,False,0.3732,31.19,False,5.362201,47.112164,31.3995,34,5.362201,47.112164,31.3995,34,,,,,,,,,20ce295d0fcdee11caa36ab3a5bc654db85b96c284d0d003c1976508c777e045,rd=3 psy-rd=2.00 early-skip rskip mode=1 signhide tmvp b-intra strong-intra-smoothing deblock sao
gray,14,1027723727,mt19937,256,256,10,gray,IPB,cqp,32,,frame-threads=1:pools=4:log-level=info:keyint=250:min-keyint=25:bframes=4:b-adapt=2:scenecut=0:qp=32,655360,301456,,0.4599853515625,,5982.94,32.9,1,2,7,29.0,32.0,33.71,False,0.4228,27.57,False,8.547816,118.816426,27.382,56,8.547816,118.816426,27.382,56,,,,,,,,,20ce295d0fcdee11caa36ab3a5bc654db85b96c284d0d003c1976508c777e045,rd=3 psy-rd=2.00 early-skip rskip mode=1 signhide tmvp b-intra strong-intra-smoothing deblock sao
gray,14,1027723727,mt19937,256,256,10,gray,IPB,cqp,36,,frame-threads=1:pools=4:log-level=info:keyint=250:min-keyint=25:bframes=4:b-adapt=2:scenecut=0:qp=36,655360,237907,,0.36301727294921876,,4711.96,36.9,1,2,7,33.0,36.0,37.71,False,0.3922,29.08,False,13.402141,292.917497,23.4634,84,13.402141,292.917497,23.4634,84,,,,,,,,,20ce295d0fcdee11caa36ab3a5bc654db85b96c284d0d003c1976508c777e045,rd=3 psy-rd=2.00 early-skip rskip mode=1 signhide tmvp b-intra strong-intra-smoothing deblock sao
gray,14,1027723727,mt19937,256,256,10,gray,IPB,cqp,40,,frame-threads=1:pools=4:log-level=info:keyint=250:min-keyint=25:bframes=4:b-adapt=2:scenecut=0:qp=40,655360,171691,,0.26197967529296873,,3387.64,40.9,1,2,7,37.0,40.0,41.71,False,0.3802,30.53,False,20.864975,707.261255,19.635,141,20.864975,707.261255,19.635,141,,,,,,,,,20ce295d0fcdee11caa36ab3a5bc654db85b96c284d0d003c1976508c777e045,rd=3 psy-rd=2.00 early-skip rskip mode=1 signhide tmvp b-intra strong-intra-smoothing deblock sao
gray,14,1027723727,mt19937,256,256,10,gray,IPB,cqp,44,,frame-threads=1:pools=4:log-level=info:keyint=250:min-keyint=25:bframes=4:b-adapt=2:scenecut=0:qp=44,655360,98695,,0.15059661865234375,,1927.72,44.9,1,2,7,41.0,44.0,45.71,False,0.3559,33.45,False,33.510129,1803.575122,15.5695,205,33.510129,1803.575122,15.5695,205,,,,,,,,,20ce295d0fcdee11caa36ab3a5bc654db85b96c284d0d003c1976508c777e045,rd=3 psy-rd=2.00 early-skip rskip mode=1 signhide tmvp b-intra strong-intra-smoothing deblock sao
gray,14,1027723727,mt19937,256,256,10,gray,IPB,cqp,48,,frame-threads=1:pools=4:log-level=info:keyint=250:min-keyint=25:bframes=4:b-adapt=2:scenecut=0:qp=48,655360,36530,,0.0557403564453125,,684.42,48.9,1,2,7,45.0,48.0,49.71,False,0.2175,61.08,False,52.611046,4125.08076,11.9765,246,52.611046,4125.08076,11.9765,246,,,,,,,,,20ce295d0fcdee11caa36ab3a5bc654db85b96c284d0d003c1976508c777e045,rd=3 psy-rd=2.00 early-skip rskip mode=1 signhide tmvp b-intra strong-intra-smoothing deblock sao
gray,14,1027723727,mt19937,256,256,10,gray,IPB,cqp,51,,frame-threads=1:pools=4:log-level=info:keyint=250:min-keyint=25:bframes=4:b-adapt=2:scenecut=0:qp=51,655360,10903,,0.01663665771484375,,171.88,51.9,1,2,7,48.0,51.0,52.71,False,0.1004,183.31,False,63.997112,5846.344627,10.462,254,63.997112,5846.344627,10.462,254,,,,,,,,,20ce295d0fcdee11caa36ab3a5bc654db85b96c284d0d003c1976508c777e045,rd=3 psy-rd=2.00 early-skip rskip mode=1 signhide tmvp b-intra strong-intra-smoothing deblock sao
