experiment,sample,seed,source,width,height,frames,pix_fmt,structure,rc_mode,qp,variant,x265_params,raw_bytes,hevc_bytes,mp4_bytes,ratio_hevc,ratio_mp4,kbps,avg_qp,frames_I,frames_P,frames_B,avgqp_I,avgqp_P,avgqp_B,lossless_rc,encode_wall_s,encode_fps,identical,mae_all,mse_all,psnr_all,max_err_all,mae_Y,mse_Y,psnr_Y,max_err_Y,mae_U,mse_U,psnr_U,max_err_U,mae_V,mse_V,psnr_V,max_err_V,input_sha256,tools
tools,0,2911400141,mt19937,256,256,10,yuv420p,IPB,lossless,,baseline,frame-threads=1:pools=4:log-level=info:keyint=250:min-keyint=25:bframes=4:b-adapt=2:scenecut=0:lossless=1,983040,1308071,,1.330638631184896,,26115.32,4.0,1,2,7,4.0,4.0,4.0,True,0.4946,22.4,True,0.0,0.0,inf,0,0.0,0.0,inf,0,0.0,0.0,inf,0,0.0,0.0,inf,0,04de64a868b87608314fcb141a985efd2a49f62ed7a0ca580365a96605f62d6f,rd=3 psy-rd=2.00 early-skip rskip mode=1 signhide tmvp b-intra strong-intra-smoothing deblock sao
tools,0,2911400141,mt19937,256,256,10,yuv420p,IPB,cqp,16,baseline,frame-threads=1:pools=4:log-level=info:keyint=250:min-keyint=25:bframes=4:b-adapt=2:scenecut=0:qp=16,983040,841367,,0.8558827718098958,,16781.16,16.9,1,2,7,13.0,16.0,17.71,False,0.5297,20.85,False,1.423755,3.487384,42.7058,10,1.389403,3.333195,42.9022,9,1.496991,3.811298,42.3201,10,1.487927,3.780225,42.3556,10,04de64a868b87608314fcb141a985efd2a49f62ed7a0ca580365a96605f62d6f,rd=3 psy-rd=2.00 early-skip rskip mode=1 signhide tmvp b-intra strong-intra-smoothing deblock sao
tools,0,2911400141,mt19937,256,256,10,yuv420p,IPB,cqp,32,baseline,frame-threads=1:pools=4:log-level=info:keyint=250:min-keyint=25:bframes=4:b-adapt=2:scenecut=0:qp=32,983040,448876,,0.45662027994791665,,8931.34,32.9,1,2,7,29.0,32.0,33.71,False,0.6012,18.16,False,8.502828,117.094366,27.4454,59,8.693643,122.570151,27.247,59,8.109991,105.865851,27.8832,48,8.132404,106.419745,27.8606,55,04de64a868b87608314fcb141a985efd2a49f62ed7a0ca580365a96605f62d6f,rd=3 psy-rd=2.00 early-skip rskip mode=1 signhide tmvp b-intra strong-intra-smoothing deblock sao
tools,0,2911400141,mt19937,256,256,10,yuv420p,IPB,lossless,,no-sao,frame-threads=1:pools=4:log-level=info:keyint=250:min-keyint=25:bframes=4:b-adapt=2:scenecut=0:lossless=1:sao=0,983040,1308073,,1.3306406656901042,,26115.3,4.0,1,2,7,4.0,4.0,4.0,True,0.4626,24.02,True,0.0,0.0,inf,0,0.0,0.0,inf,0,0.0,0.0,inf,0,0.0,0.0,inf,0,04de64a868b87608314fcb141a985efd2a49f62ed7a0ca580365a96605f62d6f,rd=3 psy-rd=2.00 early-skip rskip mode=1 signhide tmvp b-intra strong-intra-smoothing deblock
tools,0,2911400141,mt19937,256,256,10,yuv420p,IPB,cqp,16,no-sao,frame-threads=1:pools=4:log-level=info:keyint=250:min-keyint=25:bframes=4:b-adapt=2:scenecut=0:qp=16:sao=0,983040,839621,,0.8541066487630208,,16746.18,16.9,1,2,7,13.0,16.0,17.71,False,0.534,20.56,False,1.486257,3.775614,42.3609,10,1.4442,3.577751,42.5947,10,1.573291,4.183899,41.915,9,1.56745,4.158783,41.9411,10,04de64a868b87608314fcb141a985efd2a49f62ed7a0ca580365a96605f62d6f,rd=3 psy-rd=2.00 early-skip rskip mode=1 signhide tmvp b-intra strong-intra-smoothing deblock
tools,0,2911400141,mt19937,256,256,10,yuv420p,IPB,cqp,32,no-sao,frame-threads=1:pools=4:log-level=info:keyint=250:min-keyint=25:bframes=4:b-adapt=2:scenecut=0:qp=32:sao=0,983040,445226,,0.45290730794270834,,8858.28,32.9,1,2,7,29.0,32.0,33.71,False,0.5732,19.06,False,8.795777,124.827284,27.1677,55,8.980019,130.325932,26.9805,55,8.434039,113.969513,27.5629,50,8.420551,113.69046,27.5736,48,04de64a868b87608314fcb141a985efd2a49f62ed7a0ca580365a96605f62d6f,rd=3 psy-rd=2.00 early-skip rskip mode=1 signhide tmvp b-intra strong-intra-smoothing deblock
tools,0,2911400141,mt19937,256,256,10,yuv420p,IPB,lossless,,sao,frame-threads=1:pools=4:log-level=info:keyint=250:min-keyint=25:bframes=4:b-adapt=2:scenecut=0:lossless=1:sao=1,983040,1308071,,1.330638631184896,,26115.32,4.0,1,2,7,4.0,4.0,4.0,True,0.4847,22.95,True,0.0,0.0,inf,0,0.0,0.0,inf,0,0.0,0.0,inf,0,0.0,0.0,inf,0,04de64a868b87608314fcb141a985efd2a49f62ed7a0ca580365a96605f62d6f,rd=3 psy-rd=2.00 early-skip rskip mode=1 signhide tmvp b-intra strong-intra-smoothing deblock sao
tools,0,2911400141,mt19937,256,256,10,yuv420p,IPB,cqp,16,sao,frame-threads=1:pools=4:log-level=info:keyint=250:min-keyint=25:bframes=4:b-adapt=2:scenecut=0:qp=16:sao=1,983040,841367,,0.8558827718098958,,16781.16,16.9,1,2,7,13.0,16.0,17.71,False,0.5436,20.29,False,1.423755,3.487384,42.7058,10,1.389403,3.333195,42.9022,9,1.496991,3.811298,42.3201,10,1.487927,3.780225,42.3556,10,04de64a868b87608314fcb141a985efd2a49f62ed7a0ca580365a96605f62d6f,rd=3 psy-rd=2.00 early-skip rskip mode=1 signhide tmvp b-intra strong-intra-smoothing deblock sao
tools,0,2911400141,mt19937,256,256,10,yuv420p,IPB,cqp,32,sao,frame-threads=1:pools=4:log-level=info:keyint=250:min-keyint=25:bframes=4:b-adapt=2:scenecut=0:qp=32:sao=1,983040,448876,,0.45662027994791665,,8931.34,32.9,1,2,7,29.0,32.0,33.71,False,0.5947,18.2,False,8.502828,117.094366,27.4454,59,8.693643,122.570151,27.247,59,8.109991,105.865851,27.8832,48,8.132404,106.419745,27.8606,55,04de64a868b87608314fcb141a985efd2a49f62ed7a0ca580365a96605f62d6f,rd=3 psy-rd=2.00 early-skip rskip mode=1 signhide tmvp b-intra strong-intra-smoothing deblock sao
tools,0,2911400141,mt19937,256,256,10,yuv420p,IPB,lossless,,no-deblock,frame-threads=1:pools=4:log-level=info:keyint=250:min-keyint=25:bframes=4:b-adapt=2:scenecut=0:lossless=1:deblock=0,983040,1308071,,1.330638631184896,,26115.32,4.0,1,2,7,4.0,4.0,4.0,True,0.4892,23.2,True,0.0,0.0,inf,0,0.0,0.0,inf,0,0.0,0.0,inf,0,0.0,0.0,inf,0,04de64a868b87608314fcb141a985efd2a49f62ed7a0ca580365a96605f62d6f,rd=3 psy-rd=2.00 early-skip rskip mode=1 signhide tmvp b-intra strong-intra-smoothing deblock sao
tools,0,2911400141,mt19937,256,256,10,yuv420p,IPB,cqp,16,no-deblock,frame-threads=1:pools=4:log-level=info:keyint=250:min-keyint=25:bframes=4:b-adapt=2:scenecut=0:qp=16:deblock=0,983040,841367,,0.8558827718098958,,16781.16,16.9,1,2,7,13.0,16.0,17.71,False,0.5528,19.82,False,1.423755,3.487384,42.7058,10,1.389403,3.333195,42.9022,9,1.496991,3.811298,42.3201,10,1.487927,3.780225,42.3556,10,04de64a868b87608314fcb141a985efd2a49f62ed7a0ca580365a96605f62d6f,rd=3 psy-rd=2.00 early-skip rskip mode=1 signhide tmvp b-intra strong-intra-smoothing deblock sao
tools,0,2911400141,mt19937,256,256,10,yuv420p,IPB,cqp,32,no-deblock,frame-threads=1:pools=4:log-level=info:keyint=250:min-keyint=25:bframes=4:b-adapt=2:scenecut=0:qp=32:deblock=0,983040,448876,,0.45662027994791665,,8931.34,32.9,1,2,7,29.0,32.0,33.71,False,0.587,18.51,False,8.502828,117.094366,27.4454,59,8.693643,122.570151,27.247,59,8.109991,105.865851,27.8832,48,8.132404,106.419745,27.8606,55,04de64a868b87608314fcb141a985efd2a49f62ed7a0ca580365a96605f62d6f,rd=3 psy-rd=2.00 early-skip rskip mode=1 signhide tmvp b-intra strong-intra-smoothing deblock sao
tools,0,2911400141,mt19937,256,256,10,yuv420p,IPB,lossless,,deblock,frame-threads=1:pools=4:log-level=info:keyint=250:min-keyint=25:bframes=4:b-adapt=2:scenecut=0:lossless=1:deblock=1,983040,1308072,,1.3306396484375,,26115.34,4.0,1,2,7,4.0,4.0,4.0,True,0.5001,22.24,True,0.0,0.0,inf,0,0.0,0.0,inf,0,0.0,0.0,inf,0,0.0,0.0,inf,0,04de64a868b87608314fcb141a985efd2a49f62ed7a0ca580365a96605f62d6f,rd=3 psy-rd=2.00 early-skip rskip mode=1 signhide tmvp b-intra strong-intra-smoothing deblock(tC=1:B=1) sao
tools,0,2911400141,mt19937,256,256,10,yuv420p,IPB,cqp,16,deblock,frame-threads=1:pools=4:log-level=info:keyint=250:min-keyint=25:bframes=4:b-adapt=2:scenecut=0:qp=16:deblock=1,983040,841368,,0.8558837890625,,16781.18,16.9,1,2,7,13.0,16.0,17.71,False,0.5454,20.16,False,1.423755,3.487384,42.7058,10,1.389403,3.333195,42.9022,9,1.496991,3.811298,42.3201,10,1.487927,3.780225,42.3556,10,04de64a868b87608314fcb141a985efd2a49f62ed7a0ca580365a96605f62d6f,rd=3 psy-rd=2.00 early-skip rskip mode=1 signhide tmvp b-intra strong-intra-smoothing deblock(tC=1:B=1) sao
tools,0,2911400141,mt19937,256,256,10,yuv420p,IPB,cqp,32,deblock,frame-threads=1:pools=4:log-level=info:keyint=250:min-keyint=25:bframes=4:b-adapt=2:scenecut=0:qp=32:deblock=1,983040,450148,,0.45791422526041664,,8956.78,32.9,1,2,7,29.0,32.0,33.71,False,0.5991,18.24,False,8.486134,116.634008,27.4626,57,8.659442,121.688855,27.2783,57,8.153015,106.861609,27.8426,50,8.126019,106.187018,27.8701,49,04de64a868b87608314fcb141a985efd2a49f62ed7a0ca580365a96605f62d6f,rd=3 psy-rd=2.00 early-skip rskip mode=1 signhide tmvp b-intra strong-intra-smoothing deblock(tC=1:B=1) sao
tools,0,2911400141,mt19937,256,256,10,yuv420p,IPB,lossless,,tskip,frame-threads=1:pools=4:log-level=info:keyint=250:min-keyint=25:bframes=4:b-adapt=2:scenecut=0:lossless=1:tskip=1,983040,1308068,,1.3306355794270834,,26115.32,4.0,1,2,7,4.0,4.0,4.0,True,0.4819,22.96,True,0.0,0.0,inf,0,0.0,0.0,inf,0,0.0,0.0,inf,0,0.0,0.0,inf,0,04de64a868b87608314fcb141a985efd2a49f62ed7a0ca580365a96605f62d6f,rd=3 psy-rd=2.00 early-skip rskip mode=1 tskip signhide tmvp b-intra strong-intra-smoothing deblock sao
tools,0,2911400141,mt19937,256,256,10,yuv420p,IPB,cqp,16,tskip,frame-threads=1:pools=4:log-level=info:keyint=250:min-keyint=25:bframes=4:b-adapt=2:scenecut=0:qp=16:tskip=1,983040,846267,,0.8608673095703125,,16879.22,16.9,1,2,7,13.0,16.0,17.71,False,0.6167,17.56,False,1.403606,3.39843,42.818,10,1.382825,3.303824,42.9406,9,1.444696,3.587213,42.5832,9,1.445642,3.588074,42.5822,10,04de64a868b87608314fcb141a985efd2a49f62ed7a0ca580365a96605f62d6f,rd=3 psy-rd=2.00 early-skip rskip mode=1 tskip signhide tmvp b-intra strong-intra-smoothing deblock sao
tools,0,2911400141,mt19937,256,256,10,yuv420p,IPB,cqp,32,tskip,frame-threads=1:pools=4:log-level=info:keyint=250:min-keyint=25:bframes=4:b-adapt=2:scenecut=0:qp=32:tskip=1,983040,454173,,0.4620086669921875,,9037.34,32.9,1,2,7,29.0,32.0,33.71,False,0.6639,16.3,False,8.366328,113.68989,27.5736,56,8.638556,121.359735,27.2901,56,7.816577,98.350488,28.203,48,7.827167,98.349908,28.2031,44,04de64a868b87608314fcb141a985efd2a49f62ed7a0ca580365a96605f62d6f,rd=3 psy-rd=2.00 early-skip rskip mode=1 tskip signhide tmvp b-intra strong-intra-smoothing deblock sao
tools,0,2911400141,mt19937,256,256,10,yuv420p,IPB,lossless,,tskip-fast,frame-threads=1:pools=4:log-level=info:keyint=250:min-keyint=25:bframes=4:b-adapt=2:scenecut=0:lossless=1:tskip=1:tskip-fast=1,983040,1308065,,1.3306325276692708,,26115.32,4.0,1,2,7,4.0,4.0,4.0,True,0.4951,22.52,True,0.0,0.0,inf,0,0.0,0.0,inf,0,0.0,0.0,inf,0,0.0,0.0,inf,0,04de64a868b87608314fcb141a985efd2a49f62ed7a0ca580365a96605f62d6f,rd=3 psy-rd=2.00 early-skip rskip mode=1 tskip-fast signhide tmvp b-intra strong-intra-smoothing deblock sao
tools,0,2911400141,mt19937,256,256,10,yuv420p,IPB,cqp,16,tskip-fast,frame-threads=1:pools=4:log-level=info:keyint=250:min-keyint=25:bframes=4:b-adapt=2:scenecut=0:qp=16:tskip=1:tskip-fast=1,983040,844876,,0.8594523111979167,,16851.46,16.9,1,2,7,13.0,16.0,17.71,False,0.5745,19.03,False,1.411145,3.426721,42.782,10,1.386957,3.317441,42.9228,9,1.46109,3.653949,42.5032,10,1.457953,3.636615,42.5238,9,04de64a868b87608314fcb141a985efd2a49f62ed7a0ca580365a96605f62d6f,rd=3 psy-rd=2.00 early-skip rskip mode=1 tskip-fast signhide tmvp b-intra strong-intra-smoothing deblock sao
tools,0,2911400141,mt19937,256,256,10,yuv420p,IPB,cqp,32,tskip-fast,frame-threads=1:pools=4:log-level=info:keyint=250:min-keyint=25:bframes=4:b-adapt=2:scenecut=0:qp=32:tskip=1:tskip-fast=1,983040,454537,,0.4623789469401042,,9044.68,32.9,1,2,7,29.0,32.0,33.71,False,0.5904,18.38,False,8.368658,113.724801,27.5723,57,8.623401,120.996771,27.3031,57,7.867212,99.419836,28.1561,47,7.851135,98.941882,28.177,44,04de64a868b87608314fcb141a985efd2a49f62ed7a0ca580365a96605f62d6f,rd=3 psy-rd=2.00 early-skip rskip mode=1 tskip-fast signhide tmvp b-intra strong-intra-smoothing deblock sao
tools,0,2911400141,mt19937,256,256,10,yuv420p,IPB,lossless,,amp,frame-threads=1:pools=4:log-level=info:keyint=250:min-keyint=25:bframes=4:b-adapt=2:scenecut=0:lossless=1:amp=1,983040,1308071,,1.330638631184896,,26115.32,4.0,1,2,7,4.0,4.0,4.0,True,0.4921,22.85,True,0.0,0.0,inf,0,0.0,0.0,inf,0,0.0,0.0,inf,0,0.0,0.0,inf,0,04de64a868b87608314fcb141a985efd2a49f62ed7a0ca580365a96605f62d6f,rd=3 psy-rd=2.00 early-skip rskip mode=1 signhide tmvp b-intra strong-intra-smoothing deblock sao
tools,0,2911400141,mt19937,256,256,10,yuv420p,IPB,cqp,16,amp,frame-threads=1:pools=4:log-level=info:keyint=250:min-keyint=25:bframes=4:b-adapt=2:scenecut=0:qp=16:amp=1,983040,841367,,0.8558827718098958,,16781.16,16.9,1,2,7,13.0,16.0,17.71,False,0.5643,19.43,False,1.423755,3.487384,42.7058,10,1.389403,3.333195,42.9022,9,1.496991,3.811298,42.3201,10,1.487927,3.780225,42.3556,10,04de64a868b87608314fcb141a985efd2a49f62ed7a0ca580365a96605f62d6f,rd=3 psy-rd=2.00 early-skip rskip mode=1 signhide tmvp b-intra strong-intra-smoothing deblock sao
tools,0,2911400141,mt19937,256,256,10,yuv420p,IPB,cqp,32,amp,frame-threads=1:pools=4:log-level=info:keyint=250:min-keyint=25:bframes=4:b-adapt=2:scenecut=0:qp=32:amp=1,983040,448876,,0.45662027994791665,,8931.34,32.9,1,2,7,29.0,32.0,33.71,False,0.5886,18.48,False,8.502828,117.094366,27.4454,59,8.693643,122.570151,27.247,59,8.109991,105.865851,27.8832,48,8.132404,106.419745,27.8606,55,04de64a868b87608314fcb141a985efd2a49f62ed7a0ca580365a96605f62d6f,rd=3 psy-rd=2.00 early-skip rskip mode=1 signhide tmvp b-intra strong-intra-smoothing deblock sao
tools,0,2911400141,mt19937,256,256,10,yuv420p,IPB,lossless,,no-rect,frame-threads=1:pools=4:log-level=info:keyint=250:min-keyint=25:bframes=4:b-adapt=2:scenecut=0:lossless=1:rect=0,983040,1308071,,1.330638631184896,,26115.32,4.0,1,2,7,4.0,4.0,4.0,True,0.4807,23.17,True,0.0,0.0,inf,0,0.0,0.0,inf,0,0.0,0.0,inf,0,0.0,0.0,inf,0,04de64a868b87608314fcb141a985efd2a49f62ed7a0ca580365a96605f62d6f,rd=3 psy-rd=2.00 early-skip rskip mode=1 signhide tmvp b-intra strong-intra-smoothing deblock sao
tools,0,2911400141,mt19937,256,256,10,yuv420p,IPB,cqp,16,no-rect,frame-threads=1:pools=4:log-level=info:keyint=250:min-keyint=25:bframes=4:b-adapt=2:scenecut=0:qp=16:rect=0,983040,841367,,0.8558827718098958,,16781.16,16.9,1,2,7,13.0,16.0,17.71,False,0.5424,20.24,False,1.423755,3.487384,42.7058,10,1.389403,3.333195,42.9022,9,1.496991,3.811298,42.3201,10,1.487927,3.780225,42.3556,10,04de64a868b87608314fcb141a985efd2a49f62ed7a0ca580365a96605f62d6f,rd=3 psy-rd=2.00 early-skip rskip mode=1 signhide tmvp b-intra strong-intra-smoothing deblock sao
tools,0,2911400141,mt19937,256,256,10,yuv420p,IPB,cqp,32,no-rect,frame-threads=1:pools=4:log-level=info:keyint=250:min-keyint=25:bframes=4:b-adapt=2:scenecut=0:qp=32:rect=0,983040,448876,,0.45662027994791665,,8931.34,32.9,1,2,7,29.0,32.0,33.71,False,0.5909,18.43,False,8.502828,117.094366,27.4454,59,8.693643,122.570151,27.247,59,8.109991,105.865851,27.8832,48,8.132404,106.419745,27.8606,55,04de64a868b87608314fcb141a985efd2a49f62ed7a0ca580365a96605f62d6f,rd=3 psy-rd=2.00 early-skip rskip mode=1 signhide tmvp b-intra strong-intra-smoothing deblock sao
tools,0,2911400141,mt19937,256,256,10,yuv420p,IPB,lossless,,rd1,frame-threads=1:pools=4:log-level=info:keyint=250:min-keyint=25:bframes=4:b-adapt=2:scenecut=0:lossless=1:rd=1,983040,1315174,,1.3378641764322916,,26257.38,4.0,1,2,7,4.0,4.0,4.0,True,0.2932,40.78,True,0.0,0.0,inf,0,0.0,0.0,inf,0,0.0,0.0,inf,0,0.0,0.0,inf,0,04de64a868b87608314fcb141a985efd2a49f62ed7a0ca580365a96605f62d6f,rd=1 early-skip rskip mode=1 signhide tmvp b-intra strong-intra-smoothing deblock sao
tools,0,2911400141,mt19937,256,256,10,yuv420p,IPB,cqp,16,rd1,frame-threads=1:pools=4:log-level=info:keyint=250:min-keyint=25:bframes=4:b-adapt=2:scenecut=0:qp=16:rd=1,983040,847740,,0.86236572265625,,16908.62,16.9,1,2,7,13.0,16.0,17.71,False,0.3259,36.35,False,1.469836,3.705778,42.442,10,1.440512,3.573935,42.5993,9,1.525531,3.957831,42.1562,10,1.531439,3.981097,42.1308,9,04de64a868b87608314fcb141a985efd2a49f62ed7a0ca580365a96605f62d6f,rd=1 early-skip rskip mode=1 signhide tmvp b-intra strong-intra-smoothing deblock sao
tools,0,2911400141,mt19937,256,256,10,yuv420p,IPB,cqp,32,rd1,frame-threads=1:pools=4:log-level=info:keyint=250:min-keyint=25:bframes=4:b-adapt=2:scenecut=0:qp=32:rd=1,983040,445577,,0.45326436360677086,,8865.36,32.9,1,2,7,29.0,32.0,33.71,False,0.3511,32.94,False,8.820893,126.386703,27.1138,65,9.013127,132.196452,26.9186,65,8.421539,114.305524,27.5501,50,8.451312,115.228888,27.5152,50,04de64a868b87608314fcb141a985efd2a49f62ed7a0ca580365a96605f62d6f,rd=1 early-skip rskip mode=1 signhide tmvp b-intra strong-intra-smoothing deblock sao
tools,0,2911400141,mt19937,256,256,10,yuv420p,IPB,lossless,,rd3,frame-threads=1:pools=4:log-level=info:keyint=250:min-keyint=25:bframes=4:b-adapt=2:scenecut=0:lossless=1:rd=3,983040,1308071,,1.330638631184896,,26115.32,4.0,1,2,7,4.0,4.0,4.0,True,0.4977,22.2,True,0.0,0.0,inf,0,0.0,0.0,inf,0,0.0,0.0,inf,0,0.0,0.0,inf,0,04de64a868b87608314fcb141a985efd2a49f62ed7a0ca580365a96605f62d6f,rd=3 psy-rd=2.00 early-skip rskip mode=1 signhide tmvp b-intra strong-intra-smoothing deblock sao
tools,0,2911400141,mt19937,256,256,10,yuv420p,IPB,cqp,16,rd3,frame-threads=1:pools=4:log-level=info:keyint=250:min-keyint=25:bframes=4:b-adapt=2:scenecut=0:qp=16:rd=3,983040,841367,,0.8558827718098958,,16781.16,16.9,1,2,7,13.0,16.0,17.71,False,0.5511,19.87,False,1.423755,3.487384,42.7058,10,1.389403,3.333195,42.9022,9,1.496991,3.811298,42.3201,10,1.487927,3.780225,42.3556,10,04de64a868b87608314fcb141a985efd2a49f62ed7a0ca580365a96605f62d6f,rd=3 psy-rd=2.00 early-skip rskip mode=1 signhide tmvp b-intra strong-intra-smoothing deblock sao
tools,0,2911400141,mt19937,256,256,10,yuv420p,IPB,cqp,32,rd3,frame-threads=1:pools=4:log-level=info:keyint=250:min-keyint=25:bframes=4:b-adapt=2:scenecut=0:qp=32:rd=3,983040,448876,,0.45662027994791665,,8931.34,32.9,1,2,7,29.0,32.0,33.71,False,0.5976,18.31,False,8.502828,117.094366,27.4454,59,8.693643,122.570151,27.247,59,8.109991,105.865851,27.8832,48,8.132404,106.419745,27.8606,55,04de64a868b87608314fcb141a985efd2a49f62ed7a0ca580365a96605f62d6f,rd=3 psy-rd=2.00 early-skip rskip mode=1 signhide tmvp b-intra strong-intra-smoothing deblock sao
tools,0,2911400141,mt19937,256,256,10,yuv420p,IPB,lossless,,rd5,frame-threads=1:pools=4:log-level=info:keyint=250:min-keyint=25:bframes=4:b-adapt=2:scenecut=0:lossless=1:rd=5,983040,1302185,,1.3246510823567708,,25997.6,4.0,1,2,7,4.0,4.0,4.0,True,0.9199,11.49,True,0.0,0.0,inf,0,0.0,0.0,inf,0,0.0,0.0,inf,0,0.0,0.0,inf,0,04de64a868b87608314fcb141a985efd2a49f62ed7a0ca580365a96605f62d6f,rd=5 psy-rd=2.00 early-skip rskip mode=1 signhide tmvp b-intra strong-intra-smoothing deblock sao
tools,0,2911400141,mt19937,256,256,10,yuv420p,IPB,cqp,16,rd5,frame-threads=1:pools=4:log-level=info:keyint=250:min-keyint=25:bframes=4:b-adapt=2:scenecut=0:qp=16:rd=5,983040,859212,,0.87403564453125,,17138.06,16.9,1,2,7,13.0,16.0,17.71,False,1.0941,9.58,False,1.228852,2.669799,43.866,9,1.10849,2.163531,44.7792,7,1.466089,3.669043,42.4853,9,1.473065,3.695624,42.4539,8,04de64a868b87608314fcb141a985efd2a49f62ed7a0ca580365a96605f62d6f,rd=5 psy-rd=2.00 early-skip rskip mode=1 signhide tmvp b-intra strong-intra-smoothing deblock sao
tools,0,2911400141,mt19937,256,256,10,yuv420p,IPB,cqp,32,rd5,frame-threads=1:pools=4:log-level=info:keyint=250:min-keyint=25:bframes=4:b-adapt=2:scenecut=0:qp=32:rd=5,983040,469270,,0.4773661295572917,,9339.22,32.9,1,2,7,29.0,32.0,33.71,False,1.1249,9.27,False,7.681596,95.335323,28.3383,51,7.534438,91.801665,28.5023,51,7.972601,102.220306,28.0354,46,7.979224,102.584973,28.02,46,04de64a868b87608314fcb141a985efd2a49f62ed7a0ca580365a96605f62d6f,rd=5 psy-rd=2.00 early-skip rskip mode=1 signhide tmvp b-intra strong-intra-smoothing deblock sao
tools,0,2911400141,mt19937,256,256,10,yuv420p,IPB,lossless,,rdoq0,frame-threads=1:pools=4:log-level=info:keyint=250:min-keyint=25:bframes=4:b-adapt=2:scenecut=0:lossless=1:rdoq-level=0,983040,1308071,,1.330638631184896,,26115.32,4.0,1,2,7,4.0,4.0,4.0,True,0.4834,23.07,True,0.0,0.0,inf,0,0.0,0.0,inf,0,0.0,0.0,inf,0,0.0,0.0,inf,0,04de64a868b87608314fcb141a985efd2a49f62ed7a0ca580365a96605f62d6f,rd=3 psy-rd=2.00 early-skip rskip mode=1 signhide tmvp b-intra strong-intra-smoothing deblock sao
tools,0,2911400141,mt19937,256,256,10,yuv420p,IPB,cqp,16,rdoq0,frame-threads=1:pools=4:log-level=info:keyint=250:min-keyint=25:bframes=4:b-adapt=2:scenecut=0:qp=16:rdoq-level=0,983040,841367,,0.8558827718098958,,16781.16,16.9,1,2,7,13.0,16.0,17.71,False,0.5665,19.95,False,1.423755,3.487384,42.7058,10,1.389403,3.333195,42.9022,9,1.496991,3.811298,42.3201,10,1.487927,3.780225,42.3556,10,04de64a868b87608314fcb141a985efd2a49f62ed7a0ca580365a96605f62d6f,rd=3 psy-rd=2.00 early-skip rskip mode=1 signhide tmvp b-intra strong-intra-smoothing deblock sao
tools,0,2911400141,mt19937,256,256,10,yuv420p,IPB,cqp,32,rdoq0,frame-threads=1:pools=4:log-level=info:keyint=250:min-keyint=25:bframes=4:b-adapt=2:scenecut=0:qp=32:rdoq-level=0,983040,448876,,0.45662027994791665,,8931.34,32.9,1,2,7,29.0,32.0,33.71,False,0.5808,18.77,False,8.502828,117.094366,27.4454,59,8.693643,122.570151,27.247,59,8.109991,105.865851,27.8832,48,8.132404,106.419745,27.8606,55,04de64a868b87608314fcb141a985efd2a49f62ed7a0ca580365a96605f62d6f,rd=3 psy-rd=2.00 early-skip rskip mode=1 signhide tmvp b-intra strong-intra-smoothing deblock sao
tools,0,2911400141,mt19937,256,256,10,yuv420p,IPB,lossless,,rdoq2,frame-threads=1:pools=4:log-level=info:keyint=250:min-keyint=25:bframes=4:b-adapt=2:scenecut=0:lossless=1:rdoq-level=2,983040,1308071,,1.330638631184896,,26115.32,4.0,1,2,7,4.0,4.0,4.0,True,0.4944,22.37,True,0.0,0.0,inf,0,0.0,0.0,inf,0,0.0,0.0,inf,0,0.0,0.0,inf,0,04de64a868b87608314fcb141a985efd2a49f62ed7a0ca580365a96605f62d6f,rd=3 psy-rd=2.00 rdoq=2 early-skip rskip mode=1 signhide tmvp b-intra strong-intra-smoothing deblock sao
tools,0,2911400141,mt19937,256,256,10,yuv420p,IPB,cqp,16,rdoq2,frame-threads=1:pools=4:log-level=info:keyint=250:min-keyint=25:bframes=4:b-adapt=2:scenecut=0:qp=16:rdoq-level=2,983040,829785,,0.8441009521484375,,16549.52,16.9,1,2,7,13.0,16.0,17.71,False,1.0154,10.34,False,1.086452,2.08878,44.9319,8,1.063663,2.009177,45.1006,8,1.130182,2.241803,44.6248,7,1.133881,2.254169,44.6009,7,04de64a868b87608314fcb141a985efd2a49f62ed7a0ca580365a96605f62d6f,rd=3 psy-rd=2.00 rdoq=2 early-skip rskip mode=1 signhide tmvp b-intra strong-intra-smoothing deblock sao
tools,0,2911400141,mt19937,256,256,10,yuv420p,IPB,cqp,32,rdoq2,frame-threads=1:pools=4:log-level=info:keyint=250:min-keyint=25:bframes=4:b-adapt=2:scenecut=0:qp=32:rdoq-level=2,983040,447687,,0.4554107666015625,,8907.56,32.9,1,2,7,29.0,32.0,33.71,False,1.151,9.09,False,6.412882,66.745369,29.8866,46,6.579073,70.286644,29.6621,46,6.089178,59.748395,30.3675,36,6.071826,59.577246,30.38,38,04de64a868b87608314fcb141a985efd2a49f62ed7a0ca580365a96605f62d6f,rd=3 psy-rd=2.00 rdoq=2 early-skip rskip mode=1 signhide tmvp b-intra strong-intra-smoothing deblock sao
tools,0,2911400141,mt19937,256,256,10,yuv420p,IPB,lossless,,no-early-skip,frame-threads=1:pools=4:log-level=info:keyint=250:min-keyint=25:bframes=4:b-adapt=2:scenecut=0:lossless=1:early-skip=0,983040,1308074,,1.3306416829427083,,26115.32,4.0,1,2,7,4.0,4.0,4.0,True,0.4957,22.4,True,0.0,0.0,inf,0,0.0,0.0,inf,0,0.0,0.0,inf,0,0.0,0.0,inf,0,04de64a868b87608314fcb141a985efd2a49f62ed7a0ca580365a96605f62d6f,rd=3 psy-rd=2.00 rskip mode=1 signhide tmvp b-intra strong-intra-smoothing deblock sao
tools,0,2911400141,mt19937,256,256,10,yuv420p,IPB,cqp,16,no-early-skip,frame-threads=1:pools=4:log-level=info:keyint=250:min-keyint=25:bframes=4:b-adapt=2:scenecut=0:qp=16:early-skip=0,983040,841370,,0.8558858235677084,,16781.16,16.9,1,2,7,13.0,16.0,17.71,False,0.5407,20.29,False,1.423755,3.487384,42.7058,10,1.389403,3.333195,42.9022,9,1.496991,3.811298,42.3201,10,1.487927,3.780225,42.3556,10,04de64a868b87608314fcb141a985efd2a49f62ed7a0ca580365a96605f62d6f,rd=3 psy-rd=2.00 rskip mode=1 signhide tmvp b-intra strong-intra-smoothing deblock sao
tools,0,2911400141,mt19937,256,256,10,yuv420p,IPB,cqp,32,no-early-skip,frame-threads=1:pools=4:log-level=info:keyint=250:min-keyint=25:bframes=4:b-adapt=2:scenecut=0:qp=32:early-skip=0,983040,448879,,0.45662333170572916,,8931.34,32.9,1,2,7,29.0,32.0,33.71,False,0.5938,18.34,False,8.502828,117.094366,27.4454,59,8.693643,122.570151,27.247,59,8.109991,105.865851,27.8832,48,8.132404,106.419745,27.8606,55,04de64a868b87608314fcb141a985efd2a49f62ed7a0ca580365a96605f62d6f,rd=3 psy-rd=2.00 rskip mode=1 signhide tmvp b-intra strong-intra-smoothing deblock sao
tools,0,2911400141,mt19937,256,256,10,yuv420p,IPB,lossless,,early-skip,frame-threads=1:pools=4:log-level=info:keyint=250:min-keyint=25:bframes=4:b-adapt=2:scenecut=0:lossless=1:early-skip=1,983040,1308071,,1.330638631184896,,26115.32,4.0,1,2,7,4.0,4.0,4.0,True,0.4934,22.63,True,0.0,0.0,inf,0,0.0,0.0,inf,0,0.0,0.0,inf,0,0.0,0.0,inf,0,04de64a868b87608314fcb141a985efd2a49f62ed7a0ca580365a96605f62d6f,rd=3 psy-rd=2.00 early-skip rskip mode=1 signhide tmvp b-intra strong-intra-smoothing deblock sao
tools,0,2911400141,mt19937,256,256,10,yuv420p,IPB,cqp,16,early-skip,frame-threads=1:pools=4:log-level=info:keyint=250:min-keyint=25:bframes=4:b-adapt=2:scenecut=0:qp=16:early-skip=1,983040,841367,,0.8558827718098958,,16781.16,16.9,1,2,7,13.0,16.0,17.71,False,0.538,20.39,False,1.423755,3.487384,42.7058,10,1.389403,3.333195,42.9022,9,1.496991,3.811298,42.3201,10,1.487927,3.780225,42.3556,10,04de64a868b87608314fcb141a985efd2a49f62ed7a0ca580365a96605f62d6f,rd=3 psy-rd=2.00 early-skip rskip mode=1 signhide tmvp b-intra strong-intra-smoothing deblock sao
tools,0,2911400141,mt19937,256,256,10,yuv420p,IPB,cqp,32,early-skip,frame-threads=1:pools=4:log-level=info:keyint=250:min-keyint=25:bframes=4:b-adapt=2:scenecut=0:qp=32:early-skip=1,983040,448876,,0.45662027994791665,,8931.34,32.9,1,2,7,29.0,32.0,33.71,False,0.5893,18.63,False,8.502828,117.094366,27.4454,59,8.693643,122.570151,27.247,59,8.109991,105.865851,27.8832,48,8.132404,106.419745,27.8606,55,04de64a868b87608314fcb141a985efd2a49f62ed7a0ca580365a96605f62d6f,rd=3 psy-rd=2.00 early-skip rskip mode=1 signhide tmvp b-intra strong-intra-smoothing deblock sao
tools,0,2911400141,mt19937,256,256,10,yuv420p,IPB,lossless,,cu-lossless,frame-threads=1:pools=4:log-level=info:keyint=250:min-keyint=25:bframes=4:b-adapt=2:scenecut=0:lossless=1:cu-lossless=1,983040,1308068,,1.3306355794270834,,26115.32,4.0,1,2,7,4.0,4.0,4.0,True,0.4948,22.45,True,0.0,0.0,inf,0,0.0,0.0,inf,0,0.0,0.0,inf,0,0.0,0.0,inf,0,04de64a868b87608314fcb141a985efd2a49f62ed7a0ca580365a96605f62d6f,rd=3 psy-rd=2.00 early-skip rskip mode=1 cu-lossless signhide tmvp b-intra strong-intra-smoothing deblock sao
tools,0,2911400141,mt19937,256,256,10,yuv420p,IPB,cqp,16,cu-lossless,frame-threads=1:pools=4:log-level=info:keyint=250:min-keyint=25:bframes=4:b-adapt=2:scenecut=0:qp=16:cu-lossless=1,983040,841247,,0.8557607014973958,,16778.82,16.9,1,2,7,13.0,16.0,17.71,False,0.6315,17.14,False,1.426212,3.498337,42.6922,10,1.392215,3.346725,42.8846,10,1.494434,3.80498,42.3273,9,1.493976,3.798138,42.3351,10,04de64a868b87608314fcb141a985efd2a49f62ed7a0ca580365a96605f62d6f,rd=3 psy-rd=2.00 early-skip rskip mode=1 cu-lossless signhide tmvp b-intra strong-intra-smoothing deblock sao
tools,0,2911400141,mt19937,256,256,10,yuv420p,IPB,cqp,32,cu-lossless,frame-threads=1:pools=4:log-level=info:keyint=250:min-keyint=25:bframes=4:b-adapt=2:scenecut=0:qp=32:cu-lossless=1,983040,446697,,0.4544036865234375,,8887.82,32.9,1,2,7,29.0,32.0,33.71,False,0.7003,15.38,False,8.540699,118.289778,27.4013,57,8.733807,123.74653,27.2055,57,8.149683,107.31344,27.8243,51,8.159283,107.439105,27.8192,52,04de64a868b87608314fcb141a985efd2a49f62ed7a0ca580365a96605f62d6f,rd=3 psy-rd=2.00 early-skip rskip mode=1 cu-lossless signhide tmvp b-intra strong-intra-smoothing deblock sao
tools,0,2911400141,mt19937,256,256,10,yuv420p,IPB,lossless,,ref1,frame-threads=1:pools=4:log-level=info:keyint=250:min-keyint=25:bframes=4:b-adapt=2:scenecut=0:lossless=1:ref=1,983040,1308122,,1.3306905110677083,,26116.34,4.0,1,2,7,4.0,4.0,4.0,True,0.4951,22.52,True,0.0,0.0,inf,0,0.0,0.0,inf,0,0.0,0.0,inf,0,0.0,0.0,inf,0,04de64a868b87608314fcb141a985efd2a49f62ed7a0ca580365a96605f62d6f,rd=3 psy-rd=2.00 early-skip rskip mode=1 signhide tmvp b-intra strong-intra-smoothing deblock sao
tools,0,2911400141,mt19937,256,256,10,yuv420p,IPB,cqp,16,ref1,frame-threads=1:pools=4:log-level=info:keyint=250:min-keyint=25:bframes=4:b-adapt=2:scenecut=0:qp=16:ref=1,983040,842723,,0.8572621663411458,,16808.28,16.9,1,2,7,13.0,16.0,17.71,False,0.5299,20.87,False,1.420717,3.474532,42.7218,10,1.38792,3.32632,42.9112,10,1.491248,3.786243,42.3487,9,1.481378,3.75567,42.3839,10,04de64a868b87608314fcb141a985efd2a49f62ed7a0ca580365a96605f62d6f,rd=3 psy-rd=2.00 early-skip rskip mode=1 signhide tmvp b-intra strong-intra-smoothing deblock sao
tools,0,2911400141,mt19937,256,256,10,yuv420p,IPB,cqp,32,ref1,frame-threads=1:pools=4:log-level=info:keyint=250:min-keyint=25:bframes=4:b-adapt=2:scenecut=0:qp=32:ref=1,983040,448116,,0.45584716796875,,8916.14,32.9,1,2,7,29.0,32.0,33.71,False,0.5834,19.01,False,8.501235,117.174587,27.4425,59,8.689745,122.58325,27.2465,59,8.118829,106.277509,27.8664,50,8.129602,106.437012,27.8599,51,04de64a868b87608314fcb141a985efd2a49f62ed7a0ca580365a96605f62d6f,rd=3 psy-rd=2.00 early-skip rskip mode=1 signhide tmvp b-intra strong-intra-smoothing deblock sao
tools,0,2911400141,mt19937,256,256,10,yuv420p,IPB,lossless,,ref5,frame-threads=1:pools=4:log-level=info:keyint=250:min-keyint=25:bframes=4:b-adapt=2:scenecut=0:lossless=1:ref=5,983040,1308130,,1.3306986490885417,,26116.5,4.0,1,2,7,4.0,4.0,4.0,True,0.4985,22.44,True,0.0,0.0,inf,0,0.0,0.0,inf,0,0.0,0.0,inf,0,0.0,0.0,inf,0,04de64a868b87608314fcb141a985efd2a49f62ed7a0ca580365a96605f62d6f,rd=3 psy-rd=2.00 early-skip rskip mode=1 signhide tmvp b-intra strong-intra-smoothing deblock sao
tools,0,2911400141,mt19937,256,256,10,yuv420p,IPB,cqp,16,ref5,frame-threads=1:pools=4:log-level=info:keyint=250:min-keyint=25:bframes=4:b-adapt=2:scenecut=0:qp=16:ref=5,983040,842086,,0.8566141764322917,,16795.54,16.9,1,2,7,13.0,16.0,17.71,False,0.5616,19.56,False,1.421848,3.477198,42.7185,10,1.388484,3.327486,42.9096,9,1.493121,3.79234,42.3417,8,1.484027,3.760907,42.3779,10,04de64a868b87608314fcb141a985efd2a49f62ed7a0ca580365a96605f62d6f,rd=3 psy-rd=2.00 early-skip rskip mode=1 signhide tmvp b-intra strong-intra-smoothing deblock sao
tools,0,2911400141,mt19937,256,256,10,yuv420p,IPB,cqp,32,ref5,frame-threads=1:pools=4:log-level=info:keyint=250:min-keyint=25:bframes=4:b-adapt=2:scenecut=0:qp=32:ref=5,983040,447938,,0.4556660970052083,,8912.58,32.9,1,2,7,29.0,32.0,33.71,False,0.5982,18.23,False,8.528486,117.820641,27.4186,59,8.718896,123.298917,27.2212,59,8.142297,106.767041,27.8464,49,8.153033,106.961139,27.8385,55,04de64a868b87608314fcb141a985efd2a49f62ed7a0ca580365a96605f62d6f,rd=3 psy-rd=2.00 early-skip rskip mode=1 signhide tmvp b-intra strong-intra-smoothing deblock sao
tools,0,2911400141,mt19937,256,256,10,yuv420p,IPB,lossless,,no-weightp,frame-threads=1:pools=4:log-level=info:keyint=250:min-keyint=25:bframes=4:b-adapt=2:scenecut=0:lossless=1:weightp=0,983040,1308071,,1.330638631184896,,26115.26,4.0,1,2,7,4.0,4.0,4.0,True,0.4909,22.85,True,0.0,0.0,inf,0,0.0,0.0,inf,0,0.0,0.0,inf,0,0.0,0.0,inf,0,04de64a868b87608314fcb141a985efd2a49f62ed7a0ca580365a96605f62d6f,rd=3 psy-rd=2.00 early-skip rskip mode=1 signhide tmvp b-intra strong-intra-smoothing deblock sao
tools,0,2911400141,mt19937,256,256,10,yuv420p,IPB,cqp,16,no-weightp,frame-threads=1:pools=4:log-level=info:keyint=250:min-keyint=25:bframes=4:b-adapt=2:scenecut=0:qp=16:weightp=0,983040,841367,,0.8558827718098958,,16781.1,16.9,1,2,7,13.0,16.0,17.71,False,0.542,20.21,False,1.423755,3.487384,42.7058,10,1.389403,3.333195,42.9022,9,1.496991,3.811298,42.3201,10,1.487927,3.780225,42.3556,10,04de64a868b87608314fcb141a985efd2a49f62ed7a0ca580365a96605f62d6f,rd=3 psy-rd=2.00 early-skip rskip mode=1 signhide tmvp b-intra strong-intra-smoothing deblock sao
tools,0,2911400141,mt19937,256,256,10,yuv420p,IPB,cqp,32,no-weightp,frame-threads=1:pools=4:log-level=info:keyint=250:min-keyint=25:bframes=4:b-adapt=2:scenecut=0:qp=32:weightp=0,983040,448875,,0.4566192626953125,,8931.26,32.9,1,2,7,29.0,32.0,33.71,False,0.5935,18.29,False,8.502828,117.094366,27.4454,59,8.693643,122.570151,27.247,59,8.109991,105.865851,27.8832,48,8.132404,106.419745,27.8606,55,04de64a868b87608314fcb141a985efd2a49f62ed7a0ca580365a96605f62d6f,rd=3 psy-rd=2.00 early-skip rskip mode=1 signhide tmvp b-intra strong-intra-smoothing deblock sao
tools,0,2911400141,mt19937,256,256,10,yuv420p,IPB,lossless,,weightb,frame-threads=1:pools=4:log-level=info:keyint=250:min-keyint=25:bframes=4:b-adapt=2:scenecut=0:lossless=1:weightb=1,983040,1307950,,1.3305155436197917,,26112.96,4.0,1,2,7,4.0,4.0,4.0,True,0.5,22.15,True,0.0,0.0,inf,0,0.0,0.0,inf,0,0.0,0.0,inf,0,0.0,0.0,inf,0,04de64a868b87608314fcb141a985efd2a49f62ed7a0ca580365a96605f62d6f,rd=3 psy-rd=2.00 early-skip rskip mode=1 signhide tmvp b-intra strong-intra-smoothing deblock sao
tools,0,2911400141,mt19937,256,256,10,yuv420p,IPB,cqp,16,weightb,frame-threads=1:pools=4:log-level=info:keyint=250:min-keyint=25:bframes=4:b-adapt=2:scenecut=0:qp=16:weightb=1,983040,842146,,0.8566752115885417,,16796.8,16.9,1,2,7,13.0,16.0,17.71,False,0.5476,20.06,False,1.421133,3.475786,42.7203,10,1.387202,3.323399,42.915,9,1.493781,3.795331,42.3383,10,1.48421,3.76579,42.3722,10,04de64a868b87608314fcb141a985efd2a49f62ed7a0ca580365a96605f62d6f,rd=3 psy-rd=2.00 early-skip rskip mode=1 signhide tmvp b-intra strong-intra-smoothing deblock sao
tools,0,2911400141,mt19937,256,256,10,yuv420p,IPB,cqp,32,weightb,frame-threads=1:pools=4:log-level=info:keyint=250:min-keyint=25:bframes=4:b-adapt=2:scenecut=0:qp=32:weightb=1,983040,448544,,0.45628255208333335,,8924.76,32.9,1,2,7,29.0,32.0,33.71,False,0.6015,18.22,False,8.509846,117.369872,27.4352,59,8.701219,122.876109,27.2361,59,8.113739,105.974884,27.8788,51,8.14046,106.739911,27.8475,55,04de64a868b87608314fcb141a985efd2a49f62ed7a0ca580365a96605f62d6f,rd=3 psy-rd=2.00 early-skip rskip mode=1 signhide tmvp b-intra strong-intra-smoothing deblock sao
tools,0,2911400141,mt19937,256,256,10,yuv420p,IPB,lossless,,scenecut-default,frame-threads=1:pools=4:log-level=info:keyint=250:min-keyint=25:bframes=4:b-adapt=2:scenecut=0:lossless=1:scenecut=40,983040,1305532,,1.3280558268229166,,26064.52,4.0,2,2,6,4.0,4.0,4.0,True,0.4897,22.46,True,0.0,0.0,inf,0,0.0,0.0,inf,0,0.0,0.0,inf,0,0.0,0.0,inf,0,04de64a868b87608314fcb141a985efd2a49f62ed7a0ca580365a96605f62d6f,rd=3 psy-rd=2.00 early-skip rskip mode=1 signhide tmvp b-intra strong-intra-smoothing deblock sao
tools,0,2911400141,mt19937,256,256,10,yuv420p,IPB,cqp,16,scenecut-default,frame-threads=1:pools=4:log-level=info:keyint=250:min-keyint=25:bframes=4:b-adapt=2:scenecut=0:qp=16:scenecut=40,983040,856319,,0.8710927327473958,,17080.18,16.4,2,2,6,13.0,16.0,17.67,False,0.5603,19.7,False,1.318112,3.125552,43.1815,10,1.285989,2.989755,43.3744,9,1.381409,3.396277,42.8208,9,1.383307,3.398016,42.8185,10,04de64a868b87608314fcb141a985efd2a49f62ed7a0ca580365a96605f62d6f,rd=3 psy-rd=2.00 early-skip rskip mode=1 signhide tmvp b-intra strong-intra-smoothing deblock sao
tools,0,2911400141,mt19937,256,256,10,yuv420p,IPB,cqp,32,scenecut-default,frame-threads=1:pools=4:log-level=info:keyint=250:min-keyint=25:bframes=4:b-adapt=2:scenecut=0:qp=32:scenecut=40,983040,457976,,0.46587727864583334,,9113.32,32.4,2,2,6,29.0,32.0,33.67,False,0.6093,17.85,False,7.9935,105.869649,27.8831,59,8.149947,110.476738,27.6981,59,7.686218,96.777087,28.2731,46,7.674994,96.533856,28.284,49,04de64a868b87608314fcb141a985efd2a49f62ed7a0ca580365a96605f62d6f,rd=3 psy-rd=2.00 early-skip rskip mode=1 signhide tmvp b-intra strong-intra-smoothing deblock sao
tools,0,2911400141,mt19937,256,256,10,yuv420p,IPB,lossless,,aq0,frame-threads=1:pools=4:log-level=info:keyint=250:min-keyint=25:bframes=4:b-adapt=2:scenecut=0:lossless=1:aq-mode=0,983040,1308071,,1.330638631184896,,26115.32,4.0,1,2,7,4.0,4.0,4.0,True,0.5069,22.63,True,0.0,0.0,inf,0,0.0,0.0,inf,0,0.0,0.0,inf,0,0.0,0.0,inf,0,04de64a868b87608314fcb141a985efd2a49f62ed7a0ca580365a96605f62d6f,rd=3 psy-rd=2.00 early-skip rskip mode=1 signhide tmvp b-intra strong-intra-smoothing deblock sao
tools,0,2911400141,mt19937,256,256,10,yuv420p,IPB,cqp,16,aq0,frame-threads=1:pools=4:log-level=info:keyint=250:min-keyint=25:bframes=4:b-adapt=2:scenecut=0:qp=16:aq-mode=0,983040,841367,,0.8558827718098958,,16781.16,16.9,1,2,7,13.0,16.0,17.71,False,0.5383,20.42,False,1.423755,3.487384,42.7058,10,1.389403,3.333195,42.9022,9,1.496991,3.811298,42.3201,10,1.487927,3.780225,42.3556,10,04de64a868b87608314fcb141a985efd2a49f62ed7a0ca580365a96605f62d6f,rd=3 psy-rd=2.00 early-skip rskip mode=1 signhide tmvp b-intra strong-intra-smoothing deblock sao
tools,0,2911400141,mt19937,256,256,10,yuv420p,IPB,cqp,32,aq0,frame-threads=1:pools=4:log-level=info:keyint=250:min-keyint=25:bframes=4:b-adapt=2:scenecut=0:qp=32:aq-mode=0,983040,448876,,0.45662027994791665,,8931.34,32.9,1,2,7,29.0,32.0,33.71,False,0.5901,18.47,False,8.502828,117.094366,27.4454,59,8.693643,122.570151,27.247,59,8.109991,105.865851,27.8832,48,8.132404,106.419745,27.8606,55,04de64a868b87608314fcb141a985efd2a49f62ed7a0ca580365a96605f62d6f,rd=3 psy-rd=2.00 early-skip rskip mode=1 signhide tmvp b-intra strong-intra-smoothing deblock sao
tools,0,2911400141,mt19937,256,256,10,yuv420p,IPB,lossless,,aq1,frame-threads=1:pools=4:log-level=info:keyint=250:min-keyint=25:bframes=4:b-adapt=2:scenecut=0:lossless=1:aq-mode=1,983040,1308071,,1.330638631184896,,26115.32,4.0,1,2,7,4.0,4.0,4.0,True,0.4862,22.77,True,0.0,0.0,inf,0,0.0,0.0,inf,0,0.0,0.0,inf,0,0.0,0.0,inf,0,04de64a868b87608314fcb141a985efd2a49f62ed7a0ca580365a96605f62d6f,rd=3 psy-rd=2.00 early-skip rskip mode=1 signhide tmvp b-intra strong-intra-smoothing deblock sao
tools,0,2911400141,mt19937,256,256,10,yuv420p,IPB,cqp,16,aq1,frame-threads=1:pools=4:log-level=info:keyint=250:min-keyint=25:bframes=4:b-adapt=2:scenecut=0:qp=16:aq-mode=1,983040,841367,,0.8558827718098958,,16781.16,16.9,1,2,7,13.0,16.0,17.71,False,0.5471,20.23,False,1.423755,3.487384,42.7058,10,1.389403,3.333195,42.9022,9,1.496991,3.811298,42.3201,10,1.487927,3.780225,42.3556,10,04de64a868b87608314fcb141a985efd2a49f62ed7a0ca580365a96605f62d6f,rd=3 psy-rd=2.00 early-skip rskip mode=1 signhide tmvp b-intra strong-intra-smoothing deblock sao
tools,0,2911400141,mt19937,256,256,10,yuv420p,IPB,cqp,32,aq1,frame-threads=1:pools=4:log-level=info:keyint=250:min-keyint=25:bframes=4:b-adapt=2:scenecut=0:qp=32:aq-mode=1,983040,448876,,0.45662027994791665,,8931.34,32.9,1,2,7,29.0,32.0,33.71,False,0.5958,18.27,False,8.502828,117.094366,27.4454,59,8.693643,122.570151,27.247,59,8.109991,105.865851,27.8832,48,8.132404,106.419745,27.8606,55,04de64a868b87608314fcb141a985efd2a49f62ed7a0ca580365a96605f62d6f,rd=3 psy-rd=2.00 early-skip rskip mode=1 signhide tmvp b-intra strong-intra-smoothing deblock sao
tools,0,2911400141,mt19937,256,256,10,yuv420p,IPB,lossless,,aq2,frame-threads=1:pools=4:log-level=info:keyint=250:min-keyint=25:bframes=4:b-adapt=2:scenecut=0:lossless=1:aq-mode=2,983040,1308071,,1.330638631184896,,26115.32,4.0,1,2,7,4.0,4.0,4.0,True,0.496,22.31,True,0.0,0.0,inf,0,0.0,0.0,inf,0,0.0,0.0,inf,0,0.0,0.0,inf,0,04de64a868b87608314fcb141a985efd2a49f62ed7a0ca580365a96605f62d6f,rd=3 psy-rd=2.00 early-skip rskip mode=1 signhide tmvp b-intra strong-intra-smoothing deblock sao
tools,0,2911400141,mt19937,256,256,10,yuv420p,IPB,cqp,16,aq2,frame-threads=1:pools=4:log-level=info:keyint=250:min-keyint=25:bframes=4:b-adapt=2:scenecut=0:qp=16:aq-mode=2,983040,841367,,0.8558827718098958,,16781.16,16.9,1,2,7,13.0,16.0,17.71,False,0.5503,19.95,False,1.423755,3.487384,42.7058,10,1.389403,3.333195,42.9022,9,1.496991,3.811298,42.3201,10,1.487927,3.780225,42.3556,10,04de64a868b87608314fcb141a985efd2a49f62ed7a0ca580365a96605f62d6f,rd=3 psy-rd=2.00 early-skip rskip mode=1 signhide tmvp b-intra strong-intra-smoothing deblock sao
tools,0,2911400141,mt19937,256,256,10,yuv420p,IPB,cqp,32,aq2,frame-threads=1:pools=4:log-level=info:keyint=250:min-keyint=25:bframes=4:b-adapt=2:scenecut=0:qp=32:aq-mode=2,983040,448876,,0.45662027994791665,,8931.34,32.9,1,2,7,29.0,32.0,33.71,False,0.5944,18.46,False,8.502828,117.094366,27.4454,59,8.693643,122.570151,27.247,59,8.109991,105.865851,27.8832,48,8.132404,106.419745,27.8606,55,04de64a868b87608314fcb141a985efd2a49f62ed7a0ca580365a96605f62d6f,rd=3 psy-rd=2.00 early-skip rskip mode=1 signhide tmvp b-intra strong-intra-smoothing deblock sao
tools,0,2911400141,mt19937,256,256,10,yuv420p,IPB,lossless,,aq3,frame-threads=1:pools=4:log-level=info:keyint=250:min-keyint=25:bframes=4:b-adapt=2:scenecut=0:lossless=1:aq-mode=3,983040,1308071,,1.330638631184896,,26115.32,4.0,1,2,7,4.0,4.0,4.0,True,0.4833,22.98,True,0.0,0.0,inf,0,0.0,0.0,inf,0,0.0,0.0,inf,0,0.0,0.0,inf,0,04de64a868b87608314fcb141a985efd2a49f62ed7a0ca580365a96605f62d6f,rd=3 psy-rd=2.00 early-skip rskip mode=1 signhide tmvp b-intra strong-intra-smoothing deblock sao
tools,0,2911400141,mt19937,256,256,10,yuv420p,IPB,cqp,16,aq3,frame-threads=1:pools=4:log-level=info:keyint=250:min-keyint=25:bframes=4:b-adapt=2:scenecut=0:qp=16:aq-mode=3,983040,841367,,0.8558827718098958,,16781.16,16.9,1,2,7,13.0,16.0,17.71,False,0.5465,20.13,False,1.423755,3.487384,42.7058,10,1.389403,3.333195,42.9022,9,1.496991,3.811298,42.3201,10,1.487927,3.780225,42.3556,10,04de64a868b87608314fcb141a985efd2a49f62ed7a0ca580365a96605f62d6f,rd=3 psy-rd=2.00 early-skip rskip mode=1 signhide tmvp b-intra strong-intra-smoothing deblock sao
tools,0,2911400141,mt19937,256,256,10,yuv420p,IPB,cqp,32,aq3,frame-threads=1:pools=4:log-level=info:keyint=250:min-keyint=25:bframes=4:b-adapt=2:scenecut=0:qp=32:aq-mode=3,983040,448876,,0.45662027994791665,,8931.34,32.9,1,2,7,29.0,32.0,33.71,False,0.5875,18.56,False,8.502828,117.094366,27.4454,59,8.693643,122.570151,27.247,59,8.109991,105.865851,27.8832,48,8.132404,106.419745,27.8606,55,04de64a868b87608314fcb141a985efd2a49f62ed7a0ca580365a96605f62d6f,rd=3 psy-rd=2.00 early-skip rskip mode=1 signhide tmvp b-intra strong-intra-smoothing deblock sao
tools,0,2911400141,mt19937,256,256,10,yuv420p,IPB,lossless,,psy-rd0,frame-threads=1:pools=4:log-level=info:keyint=250:min-keyint=25:bframes=4:b-adapt=2:scenecut=0:lossless=1:psy-rd=0,983040,1308198,,1.330767822265625,,26117.86,4.0,1,2,7,4.0,4.0,4.0,True,0.491,22.48,True,0.0,0.0,inf,0,0.0,0.0,inf,0,0.0,0.0,inf,0,0.0,0.0,inf,0,04de64a868b87608314fcb141a985efd2a49f62ed7a0ca580365a96605f62d6f,rd=3 early-skip rskip mode=1 signhide tmvp b-intra strong-intra-smoothing deblock sao
tools,0,2911400141,mt19937,256,256,10,yuv420p,IPB,cqp,16,psy-rd0,frame-threads=1:pools=4:log-level=info:keyint=250:min-keyint=25:bframes=4:b-adapt=2:scenecut=0:qp=16:psy-rd=0,983040,828276,,0.84256591796875,,16519.34,16.9,1,2,7,13.0,16.0,17.71,False,0.5463,20.02,False,1.447123,3.593612,42.5755,10,1.408475,3.41553,42.7962,9,1.524902,3.957629,42.1565,10,1.523938,3.941919,42.1737,10,04de64a868b87608314fcb141a985efd2a49f62ed7a0ca580365a96605f62d6f,rd=3 early-skip rskip mode=1 signhide tmvp b-intra strong-intra-smoothing deblock sao
tools,0,2911400141,mt19937,256,256,10,yuv420p,IPB,cqp,32,psy-rd0,frame-threads=1:pools=4:log-level=info:keyint=250:min-keyint=25:bframes=4:b-adapt=2:scenecut=0:qp=32:psy-rd=0,983040,431086,,0.43852335611979165,,8575.54,32.9,1,2,7,29.0,32.0,33.71,False,0.586,18.68,False,8.695354,122.283646,27.2571,60,8.897072,128.218803,27.0513,60,8.269629,110.023743,27.7159,50,8.314209,110.802917,27.6853,49,04de64a868b87608314fcb141a985efd2a49f62ed7a0ca580365a96605f62d6f,rd=3 early-skip rskip mode=1 signhide tmvp b-intra strong-intra-smoothing deblock sao
tools,0,2911400141,mt19937,256,256,10,yuv420p,IPB,lossless,,psy-rd2,frame-threads=1:pools=4:log-level=info:keyint=250:min-keyint=25:bframes=4:b-adapt=2:scenecut=0:lossless=1:psy-rd=2.0,983040,1308071,,1.330638631184896,,26115.32,4.0,1,2,7,4.0,4.0,4.0,True,0.4859,22.9,True,0.0,0.0,inf,0,0.0,0.0,inf,0,0.0,0.0,inf,0,0.0,0.0,inf,0,04de64a868b87608314fcb141a985efd2a49f62ed7a0ca580365a96605f62d6f,rd=3 psy-rd=2.00 early-skip rskip mode=1 signhide tmvp b-intra strong-intra-smoothing deblock sao
tools,0,2911400141,mt19937,256,256,10,yuv420p,IPB,cqp,16,psy-rd2,frame-threads=1:pools=4:log-level=info:keyint=250:min-keyint=25:bframes=4:b-adapt=2:scenecut=0:qp=16:psy-rd=2.0,983040,841367,,0.8558827718098958,,16781.16,16.9,1,2,7,13.0,16.0,17.71,False,0.5468,20.1,False,1.423755,3.487384,42.7058,10,1.389403,3.333195,42.9022,9,1.496991,3.811298,42.3201,10,1.487927,3.780225,42.3556,10,04de64a868b87608314fcb141a985efd2a49f62ed7a0ca580365a96605f62d6f,rd=3 psy-rd=2.00 early-skip rskip mode=1 signhide tmvp b-intra strong-intra-smoothing deblock sao
tools,0,2911400141,mt19937,256,256,10,yuv420p,IPB,cqp,32,psy-rd2,frame-threads=1:pools=4:log-level=info:keyint=250:min-keyint=25:bframes=4:b-adapt=2:scenecut=0:qp=32:psy-rd=2.0,983040,448876,,0.45662027994791665,,8931.34,32.9,1,2,7,29.0,32.0,33.71,False,0.604,18.04,False,8.502828,117.094366,27.4454,59,8.693643,122.570151,27.247,59,8.109991,105.865851,27.8832,48,8.132404,106.419745,27.8606,55,04de64a868b87608314fcb141a985efd2a49f62ed7a0ca580365a96605f62d6f,rd=3 psy-rd=2.00 early-skip rskip mode=1 signhide tmvp b-intra strong-intra-smoothing deblock sao
tools,0,2911400141,mt19937,256,256,10,yuv420p,IPB,lossless,,psy-rdoq2.5,frame-threads=1:pools=4:log-level=info:keyint=250:min-keyint=25:bframes=4:b-adapt=2:scenecut=0:lossless=1:psy-rdoq=2.5:rdoq-level=2,983040,1308071,,1.330638631184896,,26115.32,4.0,1,2,7,4.0,4.0,4.0,True,0.4946,22.5,True,0.0,0.0,inf,0,0.0,0.0,inf,0,0.0,0.0,inf,0,0.0,0.0,inf,0,04de64a868b87608314fcb141a985efd2a49f62ed7a0ca580365a96605f62d6f,rd=3 psy-rd=2.00 rdoq=2 psy-rdoq=2.50 early-skip rskip mode=1 signhide tmvp b-intra strong-intra-smoothing deblock sao
tools,0,2911400141,mt19937,256,256,10,yuv420p,IPB,cqp,16,psy-rdoq2.5,frame-threads=1:pools=4:log-level=info:keyint=250:min-keyint=25:bframes=4:b-adapt=2:scenecut=0:qp=16:psy-rdoq=2.5:rdoq-level=2,983040,830237,,0.8445607503255208,,16558.56,16.9,1,2,7,13.0,16.0,17.71,False,1.045,10.05,False,1.085559,2.083018,44.9439,8,1.061974,2.00172,45.1168,8,1.131647,2.238873,44.6305,7,1.133813,2.252356,44.6044,7,04de64a868b87608314fcb141a985efd2a49f62ed7a0ca580365a96605f62d6f,rd=3 psy-rd=2.00 rdoq=2 psy-rdoq=2.50 early-skip rskip mode=1 signhide tmvp b-intra strong-intra-smoothing deblock sao
tools,0,2911400141,mt19937,256,256,10,yuv420p,IPB,cqp,32,psy-rdoq2.5,frame-threads=1:pools=4:log-level=info:keyint=250:min-keyint=25:bframes=4:b-adapt=2:scenecut=0:qp=32:psy-rdoq=2.5:rdoq-level=2,983040,448757,,0.45649922688802086,,8928.96,32.9,1,2,7,29.0,32.0,33.71,False,1.1866,8.81,False,6.379678,65.979086,29.9367,46,6.52803,69.120517,29.7347,46,6.092078,59.805371,30.3634,36,6.073871,59.587079,30.3793,37,04de64a868b87608314fcb141a985efd2a49f62ed7a0ca580365a96605f62d6f,rd=3 psy-rd=2.00 rdoq=2 psy-rdoq=2.50 early-skip rskip mode=1 signhide tmvp b-intra strong-intra-smoothing deblock sao
tools,0,2911400141,mt19937,256,256,10,yuv420p,IPB,lossless,,ctu32,frame-threads=1:pools=4:log-level=info:keyint=250:min-keyint=25:bframes=4:b-adapt=2:scenecut=0:lossless=1:ctu=32,983040,1310048,,1.3326497395833334,,26154.86,4.0,1,2,7,4.0,4.0,4.0,True,0.3755,30.15,True,0.0,0.0,inf,0,0.0,0.0,inf,0,0.0,0.0,inf,0,0.0,0.0,inf,0,04de64a868b87608314fcb141a985efd2a49f62ed7a0ca580365a96605f62d6f,rd=3 psy-rd=2.00 early-skip rskip mode=1 signhide tmvp b-intra strong-intra-smoothing deblock sao
tools,0,2911400141,mt19937,256,256,10,yuv420p,IPB,cqp,16,ctu32,frame-threads=1:pools=4:log-level=info:keyint=250:min-keyint=25:bframes=4:b-adapt=2:scenecut=0:qp=16:ctu=32,983040,844879,,0.8594553629557292,,16851.4,16.9,1,2,7,13.0,16.0,17.71,False,0.425,26.35,False,1.426388,3.501868,42.6878,10,1.394067,3.355301,42.8735,9,1.493237,3.800598,42.3323,8,1.488818,3.789404,42.3451,10,04de64a868b87608314fcb141a985efd2a49f62ed7a0ca580365a96605f62d6f,rd=3 psy-rd=2.00 early-skip rskip mode=1 signhide tmvp b-intra strong-intra-smoothing deblock sao
tools,0,2911400141,mt19937,256,256,10,yuv420p,IPB,cqp,32,ctu32,frame-threads=1:pools=4:log-level=info:keyint=250:min-keyint=25:bframes=4:b-adapt=2:scenecut=0:qp=32:ctu=32,983040,447639,,0.4553619384765625,,8906.6,32.9,1,2,7,29.0,32.0,33.71,False,0.4316,25.92,False,8.603589,119.785421,27.3468,56,8.74153,124.03708,27.1953,56,8.303619,110.725629,27.6883,53,8.351794,111.838574,27.6449,49,04de64a868b87608314fcb141a985efd2a49f62ed7a0ca580365a96605f62d6f,rd=3 psy-rd=2.00 early-skip rskip mode=1 signhide tmvp b-intra strong-intra-smoothing deblock sao
tools,0,2911400141,mt19937,256,256,10,yuv420p,IPB,lossless,,ctu16,frame-threads=1:pools=4:log-level=info:keyint=250:min-keyint=25:bframes=4:b-adapt=2:scenecut=0:lossless=1:ctu=16,983040,1312971,,1.3356231689453124,,26213.32,4.0,1,2,7,4.0,4.0,4.0,True,0.3025,39.62,True,0.0,0.0,inf,0,0.0,0.0,inf,0,0.0,0.0,inf,0,0.0,0.0,inf,0,04de64a868b87608314fcb141a985efd2a49f62ed7a0ca580365a96605f62d6f,rd=3 psy-rd=2.00 early-skip rskip mode=1 signhide tmvp b-intra strong-intra-smoothing deblock sao
tools,0,2911400141,mt19937,256,256,10,yuv420p,IPB,cqp,16,ctu16,frame-threads=1:pools=4:log-level=info:keyint=250:min-keyint=25:bframes=4:b-adapt=2:scenecut=0:qp=16:ctu=16,983040,854731,,0.8694773356119792,,17048.44,16.9,1,2,7,13.0,16.0,17.71,False,0.3447,33.66,False,1.454636,3.632067,42.5293,11,1.406819,3.415959,42.7957,10,1.550995,4.067352,42.0377,11,1.549542,4.061212,42.0442,10,04de64a868b87608314fcb141a985efd2a49f62ed7a0ca580365a96605f62d6f,rd=3 psy-rd=2.00 early-skip rskip mode=1 signhide tmvp b-intra strong-intra-smoothing deblock sao
tools,0,2911400141,mt19937,256,256,10,yuv420p,IPB,cqp,32,ctu16,frame-threads=1:pools=4:log-level=info:keyint=250:min-keyint=25:bframes=4:b-adapt=2:scenecut=0:qp=32:ctu=16,983040,454830,,0.462677001953125,,9050.42,32.9,1,2,7,29.0,32.0,33.71,False,0.3412,34.58,False,8.733492,123.339038,27.2198,61,8.888412,128.212866,27.0515,61,8.419989,113.539154,27.5793,49,8.427313,113.64361,27.5754,50,04de64a868b87608314fcb141a985efd2a49f62ed7a0ca580365a96605f62d6f,rd=3 psy-rd=2.00 early-skip rskip mode=1 signhide tmvp b-intra strong-intra-smoothing deblock sao
tools,0,2911400141,mt19937,256,256,10,yuv420p,IPB,lossless,,no-signhide,frame-threads=1:pools=4:log-level=info:keyint=250:min-keyint=25:bframes=4:b-adapt=2:scenecut=0:lossless=1:signhide=0,983040,1308074,,1.3306416829427083,,26115.32,4.0,1,2,7,4.0,4.0,4.0,True,0.5061,21.75,True,0.0,0.0,inf,0,0.0,0.0,inf,0,0.0,0.0,inf,0,0.0,0.0,inf,0,04de64a868b87608314fcb141a985efd2a49f62ed7a0ca580365a96605f62d6f,rd=3 psy-rd=2.00 early-skip rskip mode=1 tmvp b-intra strong-intra-smoothing deblock sao
tools,0,2911400141,mt19937,256,256,10,yuv420p,IPB,cqp,16,no-signhide,frame-threads=1:pools=4:log-level=info:keyint=250:min-keyint=25:bframes=4:b-adapt=2:scenecut=0:qp=16:signhide=0,983040,849902,,0.8645650227864583,,16951.8,16.9,1,2,7,13.0,16.0,17.71,False,0.4866,22.69,False,1.487223,3.791652,42.3425,10,1.454112,3.639238,42.5207,10,1.549835,4.083136,42.0209,10,1.557056,4.109827,41.9926,9,04de64a868b87608314fcb141a985efd2a49f62ed7a0ca580365a96605f62d6f,rd=3 psy-rd=2.00 early-skip rskip mode=1 tmvp b-intra strong-intra-smoothing deblock sao
tools,0,2911400141,mt19937,256,256,10,yuv420p,IPB,cqp,32,no-signhide,frame-threads=1:pools=4:log-level=info:keyint=250:min-keyint=25:bframes=4:b-adapt=2:scenecut=0:qp=32:signhide=0,983040,454703,,0.4625478108723958,,9047.82,32.9,1,2,7,29.0,32.0,33.71,False,0.5229,21.07,False,8.910074,128.644011,27.0369,59,9.119638,135.024884,26.8267,59,8.496735,115.928131,27.4889,53,8.485156,115.836401,27.4924,47,04de64a868b87608314fcb141a985efd2a49f62ed7a0ca580365a96605f62d6f,rd=3 psy-rd=2.00 early-skip rskip mode=1 tmvp b-intra strong-intra-smoothing deblock sao
tools,0,2911400141,mt19937,256,256,10,yuv420p,IPB,lossless,,no-tmvp,frame-threads=1:pools=4:log-level=info:keyint=250:min-keyint=25:bframes=4:b-adapt=2:scenecut=0:lossless=1:tmvp=0,983040,1308071,,1.330638631184896,,26115.32,4.0,1,2,7,4.0,4.0,4.0,True,0.4972,22.25,True,0.0,0.0,inf,0,0.0,0.0,inf,0,0.0,0.0,inf,0,0.0,0.0,inf,0,04de64a868b87608314fcb141a985efd2a49f62ed7a0ca580365a96605f62d6f,rd=3 psy-rd=2.00 early-skip rskip mode=1 signhide tmvp b-intra strong-intra-smoothing deblock sao
tools,0,2911400141,mt19937,256,256,10,yuv420p,IPB,cqp,16,no-tmvp,frame-threads=1:pools=4:log-level=info:keyint=250:min-keyint=25:bframes=4:b-adapt=2:scenecut=0:qp=16:tmvp=0,983040,841367,,0.8558827718098958,,16781.16,16.9,1,2,7,13.0,16.0,17.71,False,0.5436,20.14,False,1.423755,3.487384,42.7058,10,1.389403,3.333195,42.9022,9,1.496991,3.811298,42.3201,10,1.487927,3.780225,42.3556,10,04de64a868b87608314fcb141a985efd2a49f62ed7a0ca580365a96605f62d6f,rd=3 psy-rd=2.00 early-skip rskip mode=1 signhide tmvp b-intra strong-intra-smoothing deblock sao
tools,0,2911400141,mt19937,256,256,10,yuv420p,IPB,cqp,32,no-tmvp,frame-threads=1:pools=4:log-level=info:keyint=250:min-keyint=25:bframes=4:b-adapt=2:scenecut=0:qp=32:tmvp=0,983040,448876,,0.45662027994791665,,8931.34,32.9,1,2,7,29.0,32.0,33.71,False,0.5975,18.16,False,8.502828,117.094366,27.4454,59,8.693643,122.570151,27.247,59,8.109991,105.865851,27.8832,48,8.132404,106.419745,27.8606,55,04de64a868b87608314fcb141a985efd2a49f62ed7a0ca580365a96605f62d6f,rd=3 psy-rd=2.00 early-skip rskip mode=1 signhide tmvp b-intra strong-intra-smoothing deblock sao
tools,0,2911400141,mt19937,256,256,10,yuv420p,IPB,lossless,,no-strong-intra-smoothing,frame-threads=1:pools=4:log-level=info:keyint=250:min-keyint=25:bframes=4:b-adapt=2:scenecut=0:lossless=1:strong-intra-smoothing=0,983040,1308077,,1.3306447347005208,,26115.38,4.0,1,2,7,4.0,4.0,4.0,True,0.4884,22.74,True,0.0,0.0,inf,0,0.0,0.0,inf,0,0.0,0.0,inf,0,0.0,0.0,inf,0,04de64a868b87608314fcb141a985efd2a49f62ed7a0ca580365a96605f62d6f,rd=3 psy-rd=2.00 early-skip rskip mode=1 signhide tmvp b-intra deblock sao
tools,0,2911400141,mt19937,256,256,10,yuv420p,IPB,cqp,16,no-strong-intra-smoothing,frame-threads=1:pools=4:log-level=info:keyint=250:min-keyint=25:bframes=4:b-adapt=2:scenecut=0:qp=16:strong-intra-smoothing=0,983040,841424,,0.8559407552083333,,16782.24,16.9,1,2,7,13.0,16.0,17.71,False,0.6837,16.1,False,1.423752,3.487285,42.7059,10,1.389513,3.333611,42.9017,9,1.496338,3.80885,42.3229,10,1.488123,3.78042,42.3554,10,04de64a868b87608314fcb141a985efd2a49f62ed7a0ca580365a96605f62d6f,rd=3 psy-rd=2.00 early-skip rskip mode=1 signhide tmvp b-intra deblock sao
tools,0,2911400141,mt19937,256,256,10,yuv420p,IPB,cqp,32,no-strong-intra-smoothing,frame-threads=1:pools=4:log-level=info:keyint=250:min-keyint=25:bframes=4:b-adapt=2:scenecut=0:qp=32:strong-intra-smoothing=0,983040,448345,,0.4560801188151042,,8920.66,32.9,1,2,7,29.0,32.0,33.71,False,0.627,17.71,False,8.508443,117.53741,27.429,57,8.699232,123.085603,27.2287,57,8.138708,106.498706,27.8574,49,8.115021,106.383344,27.8621,50,04de64a868b87608314fcb141a985efd2a49f62ed7a0ca580365a96605f62d6f,rd=3 psy-rd=2.00 early-skip rskip mode=1 signhide tmvp b-intra deblock sao
tools,0,2911400141,mt19937,256,256,10,yuv420p,IPB,lossless,,constrained-intra,frame-threads=1:pools=4:log-level=info:keyint=250:min-keyint=25:bframes=4:b-adapt=2:scenecut=0:lossless=1:constrained-intra=1,983040,1309821,,1.3324188232421874,,26150.38,4.0,1,2,7,4.0,4.0,4.0,True,0.485,22.87,True,0.0,0.0,inf,0,0.0,0.0,inf,0,0.0,0.0,inf,0,0.0,0.0,inf,0,04de64a868b87608314fcb141a985efd2a49f62ed7a0ca580365a96605f62d6f,rd=3 psy-rd=2.00 early-skip rskip mode=1 signhide tmvp cip b-intra strong-intra-smoothing deblock sao
tools,0,2911400141,mt19937,256,256,10,yuv420p,IPB,cqp,16,constrained-intra,frame-threads=1:pools=4:log-level=info:keyint=250:min-keyint=25:bframes=4:b-adapt=2:scenecut=0:qp=16:constrained-intra=1,983040,843034,,0.8575785319010417,,16814.56,16.9,1,2,7,13.0,16.0,17.71,False,0.5593,19.72,False,1.424737,3.487778,42.7053,10,1.391191,3.336787,42.8975,9,1.492407,3.78999,42.3444,9,1.491248,3.789526,42.345,10,04de64a868b87608314fcb141a985efd2a49f62ed7a0ca580365a96605f62d6f,rd=3 psy-rd=2.00 early-skip rskip mode=1 signhide tmvp cip b-intra strong-intra-smoothing deblock sao
tools,0,2911400141,mt19937,256,256,10,yuv420p,IPB,cqp,32,constrained-intra,frame-threads=1:pools=4:log-level=info:keyint=250:min-keyint=25:bframes=4:b-adapt=2:scenecut=0:qp=32:constrained-intra=1,983040,448289,,0.45602315266927085,,8919.66,32.9,1,2,7,29.0,32.0,33.71,False,0.5895,18.43,False,8.520654,117.656663,27.4246,60,8.704279,123.037061,27.2304,60,8.150916,106.828064,27.844,56,8.155896,106.963672,27.8384,50,04de64a868b87608314fcb141a985efd2a49f62ed7a0ca580365a96605f62d6f,rd=3 psy-rd=2.00 early-skip rskip mode=1 signhide tmvp cip b-intra strong-intra-smoothing deblock sao
tools,0,2911400141,mt19937,256,256,10,yuv420p,IPB,lossless,,b-intra,frame-threads=1:pools=4:log-level=info:keyint=250:min-keyint=25:bframes=4:b-adapt=2:scenecut=0:lossless=1:b-intra=1,983040,1308071,,1.330638631184896,,26115.32,4.0,1,2,7,4.0,4.0,4.0,True,0.4942,22.43,True,0.0,0.0,inf,0,0.0,0.0,inf,0,0.0,0.0,inf,0,0.0,0.0,inf,0,04de64a868b87608314fcb141a985efd2a49f62ed7a0ca580365a96605f62d6f,rd=3 psy-rd=2.00 early-skip rskip mode=1 signhide tmvp b-intra strong-intra-smoothing deblock sao
tools,0,2911400141,mt19937,256,256,10,yuv420p,IPB,cqp,16,b-intra,frame-threads=1:pools=4:log-level=info:keyint=250:min-keyint=25:bframes=4:b-adapt=2:scenecut=0:qp=16:b-intra=1,983040,841367,,0.8558827718098958,,16781.16,16.9,1,2,7,13.0,16.0,17.71,False,0.5588,20.04,False,1.423755,3.487384,42.7058,10,1.389403,3.333195,42.9022,9,1.496991,3.811298,42.3201,10,1.487927,3.780225,42.3556,10,04de64a868b87608314fcb141a985efd2a49f62ed7a0ca580365a96605f62d6f,rd=3 psy-rd=2.00 early-skip rskip mode=1 signhide tmvp b-intra strong-intra-smoothing deblock sao
tools,0,2911400141,mt19937,256,256,10,yuv420p,IPB,cqp,32,b-intra,frame-threads=1:pools=4:log-level=info:keyint=250:min-keyint=25:bframes=4:b-adapt=2:scenecut=0:qp=32:b-intra=1,983040,448876,,0.45662027994791665,,8931.34,32.9,1,2,7,29.0,32.0,33.71,False,0.5953,18.24,False,8.502828,117.094366,27.4454,59,8.693643,122.570151,27.247,59,8.109991,105.865851,27.8832,48,8.132404,106.419745,27.8606,55,04de64a868b87608314fcb141a985efd2a49f62ed7a0ca580365a96605f62d6f,rd=3 psy-rd=2.00 early-skip rskip mode=1 signhide tmvp b-intra strong-intra-smoothing deblock sao
tools,0,2911400141,mt19937,256,256,10,yuv420p,IPB,lossless,,no-b-pyramid,frame-threads=1:pools=4:log-level=info:keyint=250:min-keyint=25:bframes=4:b-adapt=2:scenecut=0:lossless=1:b-pyramid=0,983040,1307985,,1.3305511474609375,,26113.54,4.0,1,2,7,4.0,4.0,4.0,True,0.4989,22.24,True,0.0,0.0,inf,0,0.0,0.0,inf,0,0.0,0.0,inf,0,0.0,0.0,inf,0,04de64a868b87608314fcb141a985efd2a49f62ed7a0ca580365a96605f62d6f,rd=3 psy-rd=2.00 early-skip rskip mode=1 signhide tmvp b-intra strong-intra-smoothing deblock sao
tools,0,2911400141,mt19937,256,256,10,yuv420p,IPB,cqp,16,no-b-pyramid,frame-threads=1:pools=4:log-level=info:keyint=250:min-keyint=25:bframes=4:b-adapt=2:scenecut=0:qp=16:b-pyramid=0,983040,834524,,0.8489217122395833,,16644.24,17.1,1,2,7,13.0,16.0,18.0,False,0.5537,19.75,False,1.453381,3.630143,42.5316,10,1.416608,3.458527,42.7419,10,1.529779,3.986432,42.125,10,1.524078,3.960321,42.1535,10,04de64a868b87608314fcb141a985efd2a49f62ed7a0ca580365a96605f62d6f,rd=3 psy-rd=2.00 early-skip rskip mode=1 signhide tmvp b-intra strong-intra-smoothing deblock sao
tools,0,2911400141,mt19937,256,256,10,yuv420p,IPB,cqp,32,no-b-pyramid,frame-threads=1:pools=4:log-level=info:keyint=250:min-keyint=25:bframes=4:b-adapt=2:scenecut=0:qp=32:b-pyramid=0,983040,442697,,0.45033467610677086,,8807.7,33.1,1,2,7,29.0,32.0,34.0,False,0.6268,17.37,False,8.728176,123.365554,27.2189,60,8.927049,129.158,27.0196,60,8.331378,111.624103,27.6532,49,8.32948,111.937219,27.6411,48,04de64a868b87608314fcb141a985efd2a49f62ed7a0ca580365a96605f62d6f,rd=3 psy-rd=2.00 early-skip rskip mode=1 signhide tmvp b-intra strong-intra-smoothing deblock sao
tools,0,2911400141,mt19937,256,256,10,yuv420p,IPB,lossless,,no-cutree,frame-threads=1:pools=4:log-level=info:keyint=250:min-keyint=25:bframes=4:b-adapt=2:scenecut=0:lossless=1:cutree=0,983040,1308071,,1.330638631184896,,26115.32,4.0,1,2,7,4.0,4.0,4.0,True,0.4823,23.02,True,0.0,0.0,inf,0,0.0,0.0,inf,0,0.0,0.0,inf,0,0.0,0.0,inf,0,04de64a868b87608314fcb141a985efd2a49f62ed7a0ca580365a96605f62d6f,rd=3 psy-rd=2.00 early-skip rskip mode=1 signhide tmvp b-intra strong-intra-smoothing deblock sao
tools,0,2911400141,mt19937,256,256,10,yuv420p,IPB,cqp,16,no-cutree,frame-threads=1:pools=4:log-level=info:keyint=250:min-keyint=25:bframes=4:b-adapt=2:scenecut=0:qp=16:cutree=0,983040,841367,,0.8558827718098958,,16781.16,16.9,1,2,7,13.0,16.0,17.71,False,0.552,19.99,False,1.423755,3.487384,42.7058,10,1.389403,3.333195,42.9022,9,1.496991,3.811298,42.3201,10,1.487927,3.780225,42.3556,10,04de64a868b87608314fcb141a985efd2a49f62ed7a0ca580365a96605f62d6f,rd=3 psy-rd=2.00 early-skip rskip mode=1 signhide tmvp b-intra strong-intra-smoothing deblock sao
tools,0,2911400141,mt19937,256,256,10,yuv420p,IPB,cqp,32,no-cutree,frame-threads=1:pools=4:log-level=info:keyint=250:min-keyint=25:bframes=4:b-adapt=2:scenecut=0:qp=32:cutree=0,983040,448876,,0.45662027994791665,,8931.34,32.9,1,2,7,29.0,32.0,33.71,False,0.5876,18.55,False,8.502828,117.094366,27.4454,59,8.693643,122.570151,27.247,59,8.109991,105.865851,27.8832,48,8.132404,106.419745,27.8606,55,04de64a868b87608314fcb141a985efd2a49f62ed7a0ca580365a96605f62d6f,rd=3 psy-rd=2.00 early-skip rskip mode=1 signhide tmvp b-intra strong-intra-smoothing deblock sao
tools,0,2911400141,mt19937,256,256,10,yuv420p,IPB,lossless,,no-open-gop,frame-threads=1:pools=4:log-level=info:keyint=250:min-keyint=25:bframes=4:b-adapt=2:scenecut=0:lossless=1:open-gop=0,983040,1308074,,1.3306416829427083,,26115.32,4.0,1,2,7,4.0,4.0,4.0,True,0.4976,22.26,True,0.0,0.0,inf,0,0.0,0.0,inf,0,0.0,0.0,inf,0,0.0,0.0,inf,0,04de64a868b87608314fcb141a985efd2a49f62ed7a0ca580365a96605f62d6f,rd=3 psy-rd=2.00 early-skip rskip mode=1 signhide tmvp b-intra strong-intra-smoothing deblock sao
tools,0,2911400141,mt19937,256,256,10,yuv420p,IPB,cqp,16,no-open-gop,frame-threads=1:pools=4:log-level=info:keyint=250:min-keyint=25:bframes=4:b-adapt=2:scenecut=0:qp=16:open-gop=0,983040,841370,,0.8558858235677084,,16781.16,16.9,1,2,7,13.0,16.0,17.71,False,0.5582,19.56,False,1.423755,3.487384,42.7058,10,1.389403,3.333195,42.9022,9,1.496991,3.811298,42.3201,10,1.487927,3.780225,42.3556,10,04de64a868b87608314fcb141a985efd2a49f62ed7a0ca580365a96605f62d6f,rd=3 psy-rd=2.00 early-skip rskip mode=1 signhide tmvp b-intra strong-intra-smoothing deblock sao
tools,0,2911400141,mt19937,256,256,10,yuv420p,IPB,cqp,32,no-open-gop,frame-threads=1:pools=4:log-level=info:keyint=250:min-keyint=25:bframes=4:b-adapt=2:scenecut=0:qp=32:open-gop=0,983040,448879,,0.45662333170572916,,8931.34,32.9,1,2,7,29.0,32.0,33.71,False,0.5956,18.35,False,8.502828,117.094366,27.4454,59,8.693643,122.570151,27.247,59,8.109991,105.865851,27.8832,48,8.132404,106.419745,27.8606,55,04de64a868b87608314fcb141a985efd2a49f62ed7a0ca580365a96605f62d6f,rd=3 psy-rd=2.00 early-skip rskip mode=1 signhide tmvp b-intra strong-intra-smoothing deblock sao
tools,1,2530793510,mt19937,256,256,10,yuv420p,IPB,lossless,,baseline,frame-threads=1:pools=4:log-level=info:keyint=250:min-keyint=25:bframes=4:b-adapt=2:scenecut=0:lossless=1,983040,1305510,,1.328033447265625,,26064.1,4.0,1,2,7,4.0,4.0,4.0,True,0.483,22.95,True,0.0,0.0,inf,0,0.0,0.0,inf,0,0.0,0.0,inf,0,0.0,0.0,inf,0,3c354e226b278b11d48feaffe9a7ccda01a42b0463d772ef4694e88bd6e3a2ec,rd=3 psy-rd=2.00 early-skip rskip mode=1 signhide tmvp b-intra strong-intra-smoothing deblock sao
tools,1,2530793510,mt19937,256,256,10,yuv420p,IPB,cqp,16,baseline,frame-threads=1:pools=4:log-level=info:keyint=250:min-keyint=25:bframes=4:b-adapt=2:scenecut=0:qp=16,983040,840915,,0.8554229736328125,,16772.12,16.9,1,2,7,13.0,16.0,17.71,False,0.5606,19.7,False,1.424154,3.494153,42.6974,9,1.390787,3.344092,42.888,9,1.492529,3.800317,42.3326,9,1.489246,3.788232,42.3464,9,3c354e226b278b11d48feaffe9a7ccda01a42b0463d772ef4694e88bd6e3a2ec,rd=3 psy-rd=2.00 early-skip rskip mode=1 signhide tmvp b-intra strong-intra-smoothing deblock sao
tools,1,2530793510,mt19937,256,256,10,yuv420p,IPB,cqp,32,baseline,frame-threads=1:pools=4:log-level=info:keyint=250:min-keyint=25:bframes=4:b-adapt=2:scenecut=0:qp=32,983040,446243,,0.4539418538411458,,8878.68,32.9,1,2,7,29.0,32.0,33.71,False,0.5982,18.34,False,8.524522,117.776367,27.4202,59,8.720847,123.485233,27.2147,59,8.114246,105.842725,27.8842,49,8.1495,106.874548,27.8421,47,3c354e226b278b11d48feaffe9a7ccda01a42b0463d772ef4694e88bd6e3a2ec,rd=3 psy-rd=2.00 early-skip rskip mode=1 signhide tmvp b-intra strong-intra-smoothing deblock sao
tools,1,2530793510,mt19937,256,256,10,yuv420p,IPB,lossless,,no-sao,frame-threads=1:pools=4:log-level=info:keyint=250:min-keyint=25:bframes=4:b-adapt=2:scenecut=0:lossless=1:sao=0,983040,1305497,,1.3280202229817708,,26063.78,4.0,1,2,7,4.0,4.0,4.0,True,0.4637,24.09,True,0.0,0.0,inf,0,0.0,0.0,inf,0,0.0,0.0,inf,0,0.0,0.0,inf,0,3c354e226b278b11d48feaffe9a7ccda01a42b0463d772ef4694e88bd6e3a2ec,rd=3 psy-rd=2.00 early-skip rskip mode=1 signhide tmvp b-intra strong-intra-smoothing deblock
tools,1,2530793510,mt19937,256,256,10,yuv420p,IPB,cqp,16,no-sao,frame-threads=1:pools=4:log-level=info:keyint=250:min-keyint=25:bframes=4:b-adapt=2:scenecut=0:qp=16:sao=0,983040,839214,,0.853692626953125,,16738.04,16.9,1,2,7,13.0,16.0,17.71,False,0.5386,20.36,False,1.484124,3.768877,42.3687,10,1.440857,3.56524,42.6099,10,1.57179,4.185852,41.913,9,1.569525,4.166449,41.9331,10,3c354e226b278b11d48feaffe9a7ccda01a42b0463d772ef4694e88bd6e3a2ec,rd=3 psy-rd=2.00 early-skip rskip mode=1 signhide tmvp b-intra strong-intra-smoothing deblock
tools,1,2530793510,mt19937,256,256,10,yuv420p,IPB,cqp,32,no-sao,frame-threads=1:pools=4:log-level=info:keyint=250:min-keyint=25:bframes=4:b-adapt=2:scenecut=0:qp=32:sao=0,983040,446845,,0.4545542399088542,,8890.66,32.9,1,2,7,29.0,32.0,33.71,False,0.574,19.0,False,8.738578,123.291418,27.2215,57,8.916356,128.622237,27.0376,57,8.384277,112.812549,27.6072,45,8.381769,112.447015,27.6213,49,3c354e226b278b11d48feaffe9a7ccda01a42b0463d772ef4694e88bd6e3a2ec,rd=3 psy-rd=2.00 early-skip rskip mode=1 signhide tmvp b-intra strong-intra-smoothing deblock
tools,1,2530793510,mt19937,256,256,10,yuv420p,IPB,lossless,,sao,frame-threads=1:pools=4:log-level=info:keyint=250:min-keyint=25:bframes=4:b-adapt=2:scenecut=0:lossless=1:sao=1,983040,1305510,,1.328033447265625,,26064.1,4.0,1,2,7,4.0,4.0,4.0,True,0.4844,22.91,True,0.0,0.0,inf,0,0.0,0.0,inf,0,0.0,0.0,inf,0,0.0,0.0,inf,0,3c354e226b278b11d48feaffe9a7ccda01a42b0463d772ef4694e88bd6e3a2ec,rd=3 psy-rd=2.00 early-skip rskip mode=1 signhide tmvp b-intra strong-intra-smoothing deblock sao
tools,1,2530793510,mt19937,256,256,10,yuv420p,IPB,cqp,16,sao,frame-threads=1:pools=4:log-level=info:keyint=250:min-keyint=25:bframes=4:b-adapt=2:scenecut=0:qp=16:sao=1,983040,840915,,0.8554229736328125,,16772.12,16.9,1,2,7,13.0,16.0,17.71,False,0.5508,20.01,False,1.424154,3.494153,42.6974,9,1.390787,3.344092,42.888,9,1.492529,3.800317,42.3326,9,1.489246,3.788232,42.3464,9,3c354e226b278b11d48feaffe9a7ccda01a42b0463d772ef4694e88bd6e3a2ec,rd=3 psy-rd=2.00 early-skip rskip mode=1 signhide tmvp b-intra strong-intra-smoothing deblock sao
tools,1,2530793510,mt19937,256,256,10,yuv420p,IPB,cqp,32,sao,frame-threads=1:pools=4:log-level=info:keyint=250:min-keyint=25:bframes=4:b-adapt=2:scenecut=0:qp=32:sao=1,983040,446243,,0.4539418538411458,,8878.68,32.9,1,2,7,29.0,32.0,33.71,False,0.5959,18.22,False,8.524522,117.776367,27.4202,59,8.720847,123.485233,27.2147,59,8.114246,105.842725,27.8842,49,8.1495,106.874548,27.8421,47,3c354e226b278b11d48feaffe9a7ccda01a42b0463d772ef4694e88bd6e3a2ec,rd=3 psy-rd=2.00 early-skip rskip mode=1 signhide tmvp b-intra strong-intra-smoothing deblock sao
tools,1,2530793510,mt19937,256,256,10,yuv420p,IPB,lossless,,no-deblock,frame-threads=1:pools=4:log-level=info:keyint=250:min-keyint=25:bframes=4:b-adapt=2:scenecut=0:lossless=1:deblock=0,983040,1305510,,1.328033447265625,,26064.1,4.0,1,2,7,4.0,4.0,4.0,True,0.4779,23.47,True,0.0,0.0,inf,0,0.0,0.0,inf,0,0.0,0.0,inf,0,0.0,0.0,inf,0,3c354e226b278b11d48feaffe9a7ccda01a42b0463d772ef4694e88bd6e3a2ec,rd=3 psy-rd=2.00 early-skip rskip mode=1 signhide tmvp b-intra strong-intra-smoothing deblock sao
tools,1,2530793510,mt19937,256,256,10,yuv420p,IPB,cqp,16,no-deblock,frame-threads=1:pools=4:log-level=info:keyint=250:min-keyint=25:bframes=4:b-adapt=2:scenecut=0:qp=16:deblock=0,983040,840915,,0.8554229736328125,,16772.12,16.9,1,2,7,13.0,16.0,17.71,False,0.5502,20.02,False,1.424154,3.494153,42.6974,9,1.390787,3.344092,42.888,9,1.492529,3.800317,42.3326,9,1.489246,3.788232,42.3464,9,3c354e226b278b11d48feaffe9a7ccda01a42b0463d772ef4694e88bd6e3a2ec,rd=3 psy-rd=2.00 early-skip rskip mode=1 signhide tmvp b-intra strong-intra-smoothing deblock sao
tools,1,2530793510,mt19937,256,256,10,yuv420p,IPB,cqp,32,no-deblock,frame-threads=1:pools=4:log-level=info:keyint=250:min-keyint=25:bframes=4:b-adapt=2:scenecut=0:qp=32:deblock=0,983040,446243,,0.4539418538411458,,8878.68,32.9,1,2,7,29.0,32.0,33.71,False,0.6108,17.74,False,8.524522,117.776367,27.4202,59,8.720847,123.485233,27.2147,59,8.114246,105.842725,27.8842,49,8.1495,106.874548,27.8421,47,3c354e226b278b11d48feaffe9a7ccda01a42b0463d772ef4694e88bd6e3a2ec,rd=3 psy-rd=2.00 early-skip rskip mode=1 signhide tmvp b-intra strong-intra-smoothing deblock sao
tools,1,2530793510,mt19937,256,256,10,yuv420p,IPB,lossless,,deblock,frame-threads=1:pools=4:log-level=info:keyint=250:min-keyint=25:bframes=4:b-adapt=2:scenecut=0:lossless=1:deblock=1,983040,1305511,,1.3280344645182292,,26064.12,4.0,1,2,7,4.0,4.0,4.0,True,0.4808,23.1,True,0.0,0.0,inf,0,0.0,0.0,inf,0,0.0,0.0,inf,0,0.0,0.0,inf,0,3c354e226b278b11d48feaffe9a7ccda01a42b0463d772ef4694e88bd6e3a2ec,rd=3 psy-rd=2.00 early-skip rskip mode=1 signhide tmvp b-intra strong-intra-smoothing deblock(tC=1:B=1) sao
tools,1,2530793510,mt19937,256,256,10,yuv420p,IPB,cqp,16,deblock,frame-threads=1:pools=4:log-level=info:keyint=250:min-keyint=25:bframes=4:b-adapt=2:scenecut=0:qp=16:deblock=1,983040,840916,,0.8554239908854167,,16772.14,16.9,1,2,7,13.0,16.0,17.71,False,0.5609,19.48,False,1.424154,3.494153,42.6974,9,1.390787,3.344092,42.888,9,1.492529,3.800317,42.3326,9,1.489246,3.788232,42.3464,9,3c354e226b278b11d48feaffe9a7ccda01a42b0463d772ef4694e88bd6e3a2ec,rd=3 psy-rd=2.00 early-skip rskip mode=1 signhide tmvp b-intra strong-intra-smoothing deblock(tC=1:B=1) sao
tools,1,2530793510,mt19937,256,256,10,yuv420p,IPB,cqp,32,deblock,frame-threads=1:pools=4:log-level=info:keyint=250:min-keyint=25:bframes=4:b-adapt=2:scenecut=0:qp=32:deblock=1,983040,447035,,0.4547475179036458,,8894.52,32.9,1,2,7,29.0,32.0,33.71,False,0.6096,18.03,False,8.52804,117.835136,27.4181,59,8.701318,122.959744,27.2332,59,8.173462,107.301318,27.8248,48,8.189502,107.87052,27.8018,46,3c354e226b278b11d48feaffe9a7ccda01a42b0463d772ef4694e88bd6e3a2ec,rd=3 psy-rd=2.00 early-skip rskip mode=1 signhide tmvp b-intra strong-intra-smoothing deblock(tC=1:B=1) sao
tools,1,2530793510,mt19937,256,256,10,yuv420p,IPB,lossless,,tskip,frame-threads=1:pools=4:log-level=info:keyint=250:min-keyint=25:bframes=4:b-adapt=2:scenecut=0:lossless=1:tskip=1,983040,1305507,,1.3280303955078125,,26064.1,4.0,1,2,7,4.0,4.0,4.0,True,0.4786,23.76,True,0.0,0.0,inf,0,0.0,0.0,inf,0,0.0,0.0,inf,0,0.0,0.0,inf,0,3c354e226b278b11d48feaffe9a7ccda01a42b0463d772ef4694e88bd6e3a2ec,rd=3 psy-rd=2.00 early-skip rskip mode=1 tskip signhide tmvp b-intra strong-intra-smoothing deblock sao
tools,1,2530793510,mt19937,256,256,10,yuv420p,IPB,cqp,16,tskip,frame-threads=1:pools=4:log-level=info:keyint=250:min-keyint=25:bframes=4:b-adapt=2:scenecut=0:qp=16:tskip=1,983040,843864,,0.8584228515625,,16831.16,16.9,1,2,7,13.0,16.0,17.71,False,0.6324,17.12,False,1.409419,3.424128,42.7853,10,1.387225,3.322006,42.9168,9,1.455737,3.636279,42.5242,9,1.451874,3.620465,42.5432,10,3c354e226b278b11d48feaffe9a7ccda01a42b0463d772ef4694e88bd6e3a2ec,rd=3 psy-rd=2.00 early-skip rskip mode=1 tskip signhide tmvp b-intra strong-intra-smoothing deblock sao
tools,1,2530793510,mt19937,256,256,10,yuv420p,IPB,cqp,32,tskip,frame-threads=1:pools=4:log-level=info:keyint=250:min-keyint=25:bframes=4:b-adapt=2:scenecut=0:qp=32:tskip=1,983040,451103,,0.4588857014973958,,8975.94,32.9,1,2,7,29.0,32.0,33.71,False,0.676,15.93,False,8.415125,114.901477,27.5275,59,8.67513,122.27953,27.2573,59,7.890851,100.07287,28.1276,48,7.899377,100.217871,28.1214,48,3c354e226b278b11d48feaffe9a7ccda01a42b0463d772ef4694e88bd6e3a2ec,rd=3 psy-rd=2.00 early-skip rskip mode=1 tskip signhide tmvp b-intra strong-intra-smoothing deblock sao
tools,1,2530793510,mt19937,256,256,10,yuv420p,IPB,lossless,,tskip-fast,frame-threads=1:pools=4:log-level=info:keyint=250:min-keyint=25:bframes=4:b-adapt=2:scenecut=0:lossless=1:tskip=1:tskip-fast=1,983040,1305504,,1.32802734375,,26064.1,4.0,1,2,7,4.0,4.0,4.0,True,0.477,23.27,True,0.0,0.0,inf,0,0.0,0.0,inf,0,0.0,0.0,inf,0,0.0,0.0,inf,0,3c354e226b278b11d48feaffe9a7ccda01a42b0463d772ef4694e88bd6e3a2ec,rd=3 psy-rd=2.00 early-skip rskip mode=1 tskip-fast signhide tmvp b-intra strong-intra-smoothing deblock sao
tools,1,2530793510,mt19937,256,256,10,yuv420p,IPB,cqp,16,tskip-fast,frame-threads=1:pools=4:log-level=info:keyint=250:min-keyint=25:bframes=4:b-adapt=2:scenecut=0:qp=16:tskip=1:tskip-fast=1,983040,845193,,0.8597747802734375,,16857.8,16.9,1,2,7,13.0,16.0,17.71,False,0.5724,19.0,False,1.408966,3.421045,42.7892,10,1.384584,3.312956,42.9286,10,1.458167,3.640271,42.5195,9,1.457294,3.634174,42.5267,9,3c354e226b278b11d48feaffe9a7ccda01a42b0463d772ef4694e88bd6e3a2ec,rd=3 psy-rd=2.00 early-skip rskip mode=1 tskip-fast signhide tmvp b-intra strong-intra-smoothing deblock sao
tools,1,2530793510,mt19937,256,256,10,yuv420p,IPB,cqp,32,tskip-fast,frame-threads=1:pools=4:log-level=info:keyint=250:min-keyint=25:bframes=4:b-adapt=2:scenecut=0:qp=32:tskip=1:tskip-fast=1,983040,450479,,0.45825093587239585,,8963.52,32.9,1,2,7,29.0,32.0,33.71,False,0.6275,17.21,False,8.426397,115.014586,27.5233,62,8.673378,122.136818,27.2623,62,7.933533,100.841052,28.0944,51,7.931335,100.699194,28.1005,47,3c354e226b278b11d48feaffe9a7ccda01a42b0463d772ef4694e88bd6e3a2ec,rd=3 psy-rd=2.00 early-skip rskip mode=1 tskip-fast signhide tmvp b-intra strong-intra-smoothing deblock sao
tools,1,2530793510,mt19937,256,256,10,yuv420p,IPB,lossless,,amp,frame-threads=1:pools=4:log-level=info:keyint=250:min-keyint=25:bframes=4:b-adapt=2:scenecut=0:lossless=1:amp=1,983040,1305510,,1.328033447265625,,26064.1,4.0,1,2,7,4.0,4.0,4.0,True,0.4707,23.66,True,0.0,0.0,inf,0,0.0,0.0,inf,0,0.0,0.0,inf,0,0.0,0.0,inf,0,3c354e226b278b11d48feaffe9a7ccda01a42b0463d772ef4694e88bd6e3a2ec,rd=3 psy-rd=2.00 early-skip rskip mode=1 signhide tmvp b-intra strong-intra-smoothing deblock sao
tools,1,2530793510,mt19937,256,256,10,yuv420p,IPB,cqp,16,amp,frame-threads=1:pools=4:log-level=info:keyint=250:min-keyint=25:bframes=4:b-adapt=2:scenecut=0:qp=16:amp=1,983040,840915,,0.8554229736328125,,16772.12,16.9,1,2,7,13.0,16.0,17.71,False,0.5408,20.34,False,1.424154,3.494153,42.6974,9,1.390787,3.344092,42.888,9,1.492529,3.800317,42.3326,9,1.489246,3.788232,42.3464,9,3c354e226b278b11d48feaffe9a7ccda01a42b0463d772ef4694e88bd6e3a2ec,rd=3 psy-rd=2.00 early-skip rskip mode=1 signhide tmvp b-intra strong-intra-smoothing deblock sao
tools,1,2530793510,mt19937,256,256,10,yuv420p,IPB,cqp,32,amp,frame-threads=1:pools=4:log-level=info:keyint=250:min-keyint=25:bframes=4:b-adapt=2:scenecut=0:qp=32:amp=1,983040,446243,,0.4539418538411458,,8878.68,32.9,1,2,7,29.0,32.0,33.71,False,0.6051,17.91,False,8.524522,117.776367,27.4202,59,8.720847,123.485233,27.2147,59,8.114246,105.842725,27.8842,49,8.1495,106.874548,27.8421,47,3c354e226b278b11d48feaffe9a7ccda01a42b0463d772ef4694e88bd6e3a2ec,rd=3 psy-rd=2.00 early-skip rskip mode=1 signhide tmvp b-intra strong-intra-smoothing deblock sao
tools,1,2530793510,mt19937,256,256,10,yuv420p,IPB,lossless,,no-rect,frame-threads=1:pools=4:log-level=info:keyint=250:min-keyint=25:bframes=4:b-adapt=2:scenecut=0:lossless=1:rect=0,983040,1305510,,1.328033447265625,,26064.1,4.0,1,2,7,4.0,4.0,4.0,True,0.4988,22.18,True,0.0,0.0,inf,0,0.0,0.0,inf,0,0.0,0.0,inf,0,0.0,0.0,inf,0,3c354e226b278b11d48feaffe9a7ccda01a42b0463d772ef4694e88bd6e3a2ec,rd=3 psy-rd=2.00 early-skip rskip mode=1 signhide tmvp b-intra strong-intra-smoothing deblock sao
tools,1,2530793510,mt19937,256,256,10,yuv420p,IPB,cqp,16,no-rect,frame-threads=1:pools=4:log-level=info:keyint=250:min-keyint=25:bframes=4:b-adapt=2:scenecut=0:qp=16:rect=0,983040,840915,,0.8554229736328125,,16772.12,16.9,1,2,7,13.0,16.0,17.71,False,0.5587,19.55,False,1.424154,3.494153,42.6974,9,1.390787,3.344092,42.888,9,1.492529,3.800317,42.3326,9,1.489246,3.788232,42.3464,9,3c354e226b278b11d48feaffe9a7ccda01a42b0463d772ef4694e88bd6e3a2ec,rd=3 psy-rd=2.00 early-skip rskip mode=1 signhide tmvp b-intra strong-intra-smoothing deblock sao
tools,1,2530793510,mt19937,256,256,10,yuv420p,IPB,cqp,32,no-rect,frame-threads=1:pools=4:log-level=info:keyint=250:min-keyint=25:bframes=4:b-adapt=2:scenecut=0:qp=32:rect=0,983040,446243,,0.4539418538411458,,8878.68,32.9,1,2,7,29.0,32.0,33.71,False,0.6045,17.88,False,8.524522,117.776367,27.4202,59,8.720847,123.485233,27.2147,59,8.114246,105.842725,27.8842,49,8.1495,106.874548,27.8421,47,3c354e226b278b11d48feaffe9a7ccda01a42b0463d772ef4694e88bd6e3a2ec,rd=3 psy-rd=2.00 early-skip rskip mode=1 signhide tmvp b-intra strong-intra-smoothing deblock sao
tools,1,2530793510,mt19937,256,256,10,yuv420p,IPB,lossless,,rd1,frame-threads=1:pools=4:log-level=info:keyint=250:min-keyint=25:bframes=4:b-adapt=2:scenecut=0:lossless=1:rd=1,983040,1313643,,1.3363067626953125,,26226.76,4.0,1,2,7,4.0,4.0,4.0,True,0.2895,41.06,True,0.0,0.0,inf,0,0.0,0.0,inf,0,0.0,0.0,inf,0,0.0,0.0,inf,0,3c354e226b278b11d48feaffe9a7ccda01a42b0463d772ef4694e88bd6e3a2ec,rd=1 early-skip rskip mode=1 signhide tmvp b-intra strong-intra-smoothing deblock sao
tools,1,2530793510,mt19937,256,256,10,yuv420p,IPB,cqp,16,rd1,frame-threads=1:pools=4:log-level=info:keyint=250:min-keyint=25:bframes=4:b-adapt=2:scenecut=0:qp=16:rd=1,983040,847872,,0.8625,,16911.26,16.9,1,2,7,13.0,16.0,17.71,False,0.3308,35.33,False,1.468464,3.700207,42.4485,10,1.44048,3.573189,42.6002,10,1.528174,3.964966,42.1484,10,1.520691,3.943518,42.172,10,3c354e226b278b11d48feaffe9a7ccda01a42b0463d772ef4694e88bd6e3a2ec,rd=1 early-skip rskip mode=1 signhide tmvp b-intra strong-intra-smoothing deblock sao
tools,1,2530793510,mt19937,256,256,10,yuv420p,IPB,cqp,32,rd1,frame-threads=1:pools=4:log-level=info:keyint=250:min-keyint=25:bframes=4:b-adapt=2:scenecut=0:qp=32:rd=1,983040,445393,,0.45307718912760414,,8861.68,32.9,1,2,7,29.0,32.0,33.71,False,0.3554,32.33,False,8.829176,126.452935,27.1115,63,9.023555,132.347688,26.9136,63,8.453693,114.933282,27.5263,50,8.427142,114.393573,27.5468,49,3c354e226b278b11d48feaffe9a7ccda01a42b0463d772ef4694e88bd6e3a2ec,rd=1 early-skip rskip mode=1 signhide tmvp b-intra strong-intra-smoothing deblock sao
tools,1,2530793510,mt19937,256,256,10,yuv420p,IPB,lossless,,rd3,frame-threads=1:pools=4:log-level=info:keyint=250:min-keyint=25:bframes=4:b-adapt=2:scenecut=0:lossless=1:rd=3,983040,1305510,,1.328033447265625,,26064.1,4.0,1,2,7,4.0,4.0,4.0,True,0.4743,23.38,True,0.0,0.0,inf,0,0.0,0.0,inf,0,0.0,0.0,inf,0,0.0,0.0,inf,0,3c354e226b278b11d48feaffe9a7ccda01a42b0463d772ef4694e88bd6e3a2ec,rd=3 psy-rd=2.00 early-skip rskip mode=1 signhide tmvp b-intra strong-intra-smoothing deblock sao
tools,1,2530793510,mt19937,256,256,10,yuv420p,IPB,cqp,16,rd3,frame-threads=1:pools=4:log-level=info:keyint=250:min-keyint=25:bframes=4:b-adapt=2:scenecut=0:qp=16:rd=3,983040,840915,,0.8554229736328125,,16772.12,16.9,1,2,7,13.0,16.0,17.71,False,0.5441,20.07,False,1.424154,3.494153,42.6974,9,1.390787,3.344092,42.888,9,1.492529,3.800317,42.3326,9,1.489246,3.788232,42.3464,9,3c354e226b278b11d48feaffe9a7ccda01a42b0463d772ef4694e88bd6e3a2ec,rd=3 psy-rd=2.00 early-skip rskip mode=1 signhide tmvp b-intra strong-intra-smoothing deblock sao
tools,1,2530793510,mt19937,256,256,10,yuv420p,IPB,cqp,32,rd3,frame-threads=1:pools=4:log-level=info:keyint=250:min-keyint=25:bframes=4:b-adapt=2:scenecut=0:qp=32:rd=3,983040,446243,,0.4539418538411458,,8878.68,32.9,1,2,7,29.0,32.0,33.71,False,0.6073,17.95,False,8.524522,117.776367,27.4202,59,8.720847,123.485233,27.2147,59,8.114246,105.842725,27.8842,49,8.1495,106.874548,27.8421,47,3c354e226b278b11d48feaffe9a7ccda01a42b0463d772ef4694e88bd6e3a2ec,rd=3 psy-rd=2.00 early-skip rskip mode=1 signhide tmvp b-intra strong-intra-smoothing deblock sao
tools,1,2530793510,mt19937,256,256,10,yuv420p,IPB,lossless,,rd5,frame-threads=1:pools=4:log-level=info:keyint=250:min-keyint=25:bframes=4:b-adapt=2:scenecut=0:lossless=1:rd=5,983040,1298760,,1.3211669921875,,25929.1,4.0,1,2,7,4.0,4.0,4.0,True,0.9019,11.71,True,0.0,0.0,inf,0,0.0,0.0,inf,0,0.0,0.0,inf,0,0.0,0.0,inf,0,3c354e226b278b11d48feaffe9a7ccda01a42b0463d772ef4694e88bd6e3a2ec,rd=5 psy-rd=2.00 early-skip rskip mode=1 signhide tmvp b-intra strong-intra-smoothing deblock sao
tools,1,2530793510,mt19937,256,256,10,yuv420p,IPB,cqp,16,rd5,frame-threads=1:pools=4:log-level=info:keyint=250:min-keyint=25:bframes=4:b-adapt=2:scenecut=0:qp=16:rd=5,983040,859565,,0.8743947347005209,,17145.12,16.9,1,2,7,13.0,16.0,17.71,False,1.0672,9.8,False,1.230383,2.671901,43.8626,9,1.109569,2.165608,44.775,8,1.47356,3.690759,42.4596,8,1.470465,3.678217,42.4744,9,3c354e226b278b11d48feaffe9a7ccda01a42b0463d772ef4694e88bd6e3a2ec,rd=5 psy-rd=2.00 early-skip rskip mode=1 signhide tmvp b-intra strong-intra-smoothing deblock sao
tools,1,2530793510,mt19937,256,256,10,yuv420p,IPB,cqp,32,rd5,frame-threads=1:pools=4:log-level=info:keyint=250:min-keyint=25:bframes=4:b-adapt=2:scenecut=0:qp=32:rd=5,983040,468654,,0.476739501953125,,9326.9,32.9,1,2,7,29.0,32.0,33.71,False,1.1197,9.36,False,7.681645,95.388536,28.3358,51,7.537906,92.016571,28.4921,50,7.962268,101.855981,28.0509,48,7.975977,102.408948,28.0274,51,3c354e226b278b11d48feaffe9a7ccda01a42b0463d772ef4694e88bd6e3a2ec,rd=5 psy-rd=2.00 early-skip rskip mode=1 signhide tmvp b-intra strong-intra-smoothing deblock sao
tools,1,2530793510,mt19937,256,256,10,yuv420p,IPB,lossless,,rdoq0,frame-threads=1:pools=4:log-level=info:keyint=250:min-keyint=25:bframes=4:b-adapt=2:scenecut=0:lossless=1:rdoq-level=0,983040,1305510,,1.328033447265625,,26064.1,4.0,1,2,7,4.0,4.0,4.0,True,0.4825,23.08,True,0.0,0.0,inf,0,0.0,0.0,inf,0,0.0,0.0,inf,0,0.0,0.0,inf,0,3c354e226b278b11d48feaffe9a7ccda01a42b0463d772ef4694e88bd6e3a2ec,rd=3 psy-rd=2.00 early-skip rskip mode=1 signhide tmvp b-intra strong-intra-smoothing deblock sao
tools,1,2530793510,mt19937,256,256,10,yuv420p,IPB,cqp,16,rdoq0,frame-threads=1:pools=4:log-level=info:keyint=250:min-keyint=25:bframes=4:b-adapt=2:scenecut=0:qp=16:rdoq-level=0,983040,840915,,0.8554229736328125,,16772.12,16.9,1,2,7,13.0,16.0,17.71,False,0.5392,20.3,False,1.424154,3.494153,42.6974,9,1.390787,3.344092,42.888,9,1.492529,3.800317,42.3326,9,1.489246,3.788232,42.3464,9,3c354e226b278b11d48feaffe9a7ccda01a42b0463d772ef4694e88bd6e3a2ec,rd=3 psy-rd=2.00 early-skip rskip mode=1 signhide tmvp b-intra strong-intra-smoothing deblock sao
tools,1,2530793510,mt19937,256,256,10,yuv420p,IPB,cqp,32,rdoq0,frame-threads=1:pools=4:log-level=info:keyint=250:min-keyint=25:bframes=4:b-adapt=2:scenecut=0:qp=32:rdoq-level=0,983040,446243,,0.4539418538411458,,8878.68,32.9,1,2,7,29.0,32.0,33.71,False,0.6031,17.95,False,8.524522,117.776367,27.4202,59,8.720847,123.485233,27.2147,59,8.114246,105.842725,27.8842,49,8.1495,106.874548,27.8421,47,3c354e226b278b11d48feaffe9a7ccda01a42b0463d772ef4694e88bd6e3a2ec,rd=3 psy-rd=2.00 early-skip rskip mode=1 signhide tmvp b-intra strong-intra-smoothing deblock sao
tools,1,2530793510,mt19937,256,256,10,yuv420p,IPB,lossless,,rdoq2,frame-threads=1:pools=4:log-level=info:keyint=250:min-keyint=25:bframes=4:b-adapt=2:scenecut=0:lossless=1:rdoq-level=2,983040,1305510,,1.328033447265625,,26064.1,4.0,1,2,7,4.0,4.0,4.0,True,0.4894,22.61,True,0.0,0.0,inf,0,0.0,0.0,inf,0,0.0,0.0,inf,0,0.0,0.0,inf,0,3c354e226b278b11d48feaffe9a7ccda01a42b0463d772ef4694e88bd6e3a2ec,rd=3 psy-rd=2.00 rdoq=2 early-skip rskip mode=1 signhide tmvp b-intra strong-intra-smoothing deblock sao
tools,1,2530793510,mt19937,256,256,10,yuv420p,IPB,cqp,16,rdoq2,frame-threads=1:pools=4:log-level=info:keyint=250:min-keyint=25:bframes=4:b-adapt=2:scenecut=0:qp=16:rdoq-level=2,983040,827803,,0.8420847574869792,,16509.88,16.9,1,2,7,13.0,16.0,17.71,False,1.0706,9.77,False,1.097162,2.111112,44.8857,8,1.078862,2.041743,45.0308,7,1.13255,2.247321,44.6142,8,1.134973,2.25238,44.6044,8,3c354e226b278b11d48feaffe9a7ccda01a42b0463d772ef4694e88bd6e3a2ec,rd=3 psy-rd=2.00 rdoq=2 early-skip rskip mode=1 signhide tmvp b-intra strong-intra-smoothing deblock sao
tools,1,2530793510,mt19937,256,256,10,yuv420p,IPB,cqp,32,rdoq2,frame-threads=1:pools=4:log-level=info:keyint=250:min-keyint=25:bframes=4:b-adapt=2:scenecut=0:qp=32:rdoq-level=2,983040,447574,,0.45529581705729166,,8905.3,32.9,1,2,7,29.0,32.0,33.71,False,1.1522,9.05,False,6.420737,66.8732,29.8783,43,6.59149,70.468382,29.6509,43,6.075891,59.68949,30.3718,38,6.082568,59.676184,30.3728,39,3c354e226b278b11d48feaffe9a7ccda01a42b0463d772ef4694e88bd6e3a2ec,rd=3 psy-rd=2.00 rdoq=2 early-skip rskip mode=1 signhide tmvp b-intra strong-intra-smoothing deblock sao
tools,1,2530793510,mt19937,256,256,10,yuv420p,IPB,lossless,,no-early-skip,frame-threads=1:pools=4:log-level=info:keyint=250:min-keyint=25:bframes=4:b-adapt=2:scenecut=0:lossless=1:early-skip=0,983040,1305513,,1.3280364990234375,,26064.1,4.0,1,2,7,4.0,4.0,4.0,True,0.4671,23.88,True,0.0,0.0,inf,0,0.0,0.0,inf,0,0.0,0.0,inf,0,0.0,0.0,inf,0,3c354e226b278b11d48feaffe9a7ccda01a42b0463d772ef4694e88bd6e3a2ec,rd=3 psy-rd=2.00 rskip mode=1 signhide tmvp b-intra strong-intra-smoothing deblock sao
tools,1,2530793510,mt19937,256,256,10,yuv420p,IPB,cqp,16,no-early-skip,frame-threads=1:pools=4:log-level=info:keyint=250:min-keyint=25:bframes=4:b-adapt=2:scenecut=0:qp=16:early-skip=0,983040,840918,,0.855426025390625,,16772.12,16.9,1,2,7,13.0,16.0,17.71,False,0.557,19.72,False,1.424154,3.494153,42.6974,9,1.390787,3.344092,42.888,9,1.492529,3.800317,42.3326,9,1.489246,3.788232,42.3464,9,3c354e226b278b11d48feaffe9a7ccda01a42b0463d772ef4694e88bd6e3a2ec,rd=3 psy-rd=2.00 rskip mode=1 signhide tmvp b-intra strong-intra-smoothing deblock sao
tools,1,2530793510,mt19937,256,256,10,yuv420p,IPB,cqp,32,no-early-skip,frame-threads=1:pools=4:log-level=info:keyint=250:min-keyint=25:bframes=4:b-adapt=2:scenecut=0:qp=32:early-skip=0,983040,446246,,0.45394490559895834,,8878.68,32.9,1,2,7,29.0,32.0,33.71,False,0.6006,18.0,False,8.524522,117.776367,27.4202,59,8.720847,123.485233,27.2147,59,8.114246,105.842725,27.8842,49,8.1495,106.874548,27.8421,47,3c354e226b278b11d48feaffe9a7ccda01a42b0463d772ef4694e88bd6e3a2ec,rd=3 psy-rd=2.00 rskip mode=1 signhide tmvp b-intra strong-intra-smoothing deblock sao
tools,1,2530793510,mt19937,256,256,10,yuv420p,IPB,lossless,,early-skip,frame-threads=1:pools=4:log-level=info:keyint=250:min-keyint=25:bframes=4:b-adapt=2:scenecut=0:lossless=1:early-skip=1,983040,1305510,,1.328033447265625,,26064.1,4.0,1,2,7,4.0,4.0,4.0,True,0.4761,23.44,True,0.0,0.0,inf,0,0.0,0.0,inf,0,0.0,0.0,inf,0,0.0,0.0,inf,0,3c354e226b278b11d48feaffe9a7ccda01a42b0463d772ef4694e88bd6e3a2ec,rd=3 psy-rd=2.00 early-skip rskip mode=1 signhide tmvp b-intra strong-intra-smoothing deblock sao
tools,1,2530793510,mt19937,256,256,10,yuv420p,IPB,cqp,16,early-skip,frame-threads=1:pools=4:log-level=info:keyint=250:min-keyint=25:bframes=4:b-adapt=2:scenecut=0:qp=16:early-skip=1,983040,840915,,0.8554229736328125,,16772.12,16.9,1,2,7,13.0,16.0,17.71,False,0.568,19.34,False,1.424154,3.494153,42.6974,9,1.390787,3.344092,42.888,9,1.492529,3.800317,42.3326,9,1.489246,3.788232,42.3464,9,3c354e226b278b11d48feaffe9a7ccda01a42b0463d772ef4694e88bd6e3a2ec,rd=3 psy-rd=2.00 early-skip rskip mode=1 signhide tmvp b-intra strong-intra-smoothing deblock sao
tools,1,2530793510,mt19937,256,256,10,yuv420p,IPB,cqp,32,early-skip,frame-threads=1:pools=4:log-level=info:keyint=250:min-keyint=25:bframes=4:b-adapt=2:scenecut=0:qp=32:early-skip=1,983040,446243,,0.4539418538411458,,8878.68,32.9,1,2,7,29.0,32.0,33.71,False,0.6115,17.76,False,8.524522,117.776367,27.4202,59,8.720847,123.485233,27.2147,59,8.114246,105.842725,27.8842,49,8.1495,106.874548,27.8421,47,3c354e226b278b11d48feaffe9a7ccda01a42b0463d772ef4694e88bd6e3a2ec,rd=3 psy-rd=2.00 early-skip rskip mode=1 signhide tmvp b-intra strong-intra-smoothing deblock sao
tools,1,2530793510,mt19937,256,256,10,yuv420p,IPB,lossless,,cu-lossless,frame-threads=1:pools=4:log-level=info:keyint=250:min-keyint=25:bframes=4:b-adapt=2:scenecut=0:lossless=1:cu-lossless=1,983040,1305507,,1.3280303955078125,,26064.1,4.0,1,2,7,4.0,4.0,4.0,True,0.4787,23.16,True,0.0,0.0,inf,0,0.0,0.0,inf,0,0.0,0.0,inf,0,0.0,0.0,inf,0,3c354e226b278b11d48feaffe9a7ccda01a42b0463d772ef4694e88bd6e3a2ec,rd=3 psy-rd=2.00 early-skip rskip mode=1 cu-lossless signhide tmvp b-intra strong-intra-smoothing deblock sao
tools,1,2530793510,mt19937,256,256,10,yuv420p,IPB,cqp,16,cu-lossless,frame-threads=1:pools=4:log-level=info:keyint=250:min-keyint=25:bframes=4:b-adapt=2:scenecut=0:qp=16:cu-lossless=1,983040,843203,,0.8577504475911458,,16817.94,16.9,1,2,7,13.0,16.0,17.71,False,0.6193,17.45,False,1.416142,3.453642,42.748,9,1.383847,3.308612,42.9343,9,1.483167,3.75542,42.3842,9,1.478296,3.731982,42.4114,9,3c354e226b278b11d48feaffe9a7ccda01a42b0463d772ef4694e88bd6e3a2ec,rd=3 psy-rd=2.00 early-skip rskip mode=1 cu-lossless signhide tmvp b-intra strong-intra-smoothing deblock sao
tools,1,2530793510,mt19937,256,256,10,yuv420p,IPB,cqp,32,cu-lossless,frame-threads=1:pools=4:log-level=info:keyint=250:min-keyint=25:bframes=4:b-adapt=2:scenecut=0:qp=32:cu-lossless=1,983040,447237,,0.4549530029296875,,8898.62,32.9,1,2,7,29.0,32.0,33.71,False,0.6968,15.49,False,8.501678,117.211143,27.4411,60,8.697621,122.887877,27.2357,60,8.112231,105.722327,27.8891,48,8.107355,105.993024,27.878,47,3c354e226b278b11d48feaffe9a7ccda01a42b0463d772ef4694e88bd6e3a2ec,rd=3 psy-rd=2.00 early-skip rskip mode=1 cu-lossless signhide tmvp b-intra strong-intra-smoothing deblock sao
tools,1,2530793510,mt19937,256,256,10,yuv420p,IPB,lossless,,ref1,frame-threads=1:pools=4:log-level=info:keyint=250:min-keyint=25:bframes=4:b-adapt=2:scenecut=0:lossless=1:ref=1,983040,1306674,,1.329217529296875,,26087.38,4.0,1,2,7,4.0,4.0,4.0,True,0.4684,24.27,True,0.0,0.0,inf,0,0.0,0.0,inf,0,0.0,0.0,inf,0,0.0,0.0,inf,0,3c354e226b278b11d48feaffe9a7ccda01a42b0463d772ef4694e88bd6e3a2ec,rd=3 psy-rd=2.00 early-skip rskip mode=1 signhide tmvp b-intra strong-intra-smoothing deblock sao
tools,1,2530793510,mt19937,256,256,10,yuv420p,IPB,cqp,16,ref1,frame-threads=1:pools=4:log-level=info:keyint=250:min-keyint=25:bframes=4:b-adapt=2:scenecut=0:qp=16:ref=1,983040,839171,,0.8536488850911458,,16737.24,16.9,1,2,7,13.0,16.0,17.71,False,0.5418,20.24,False,1.427813,3.513893,42.6729,9,1.393794,3.358513,42.8693,9,1.495776,3.822717,42.3071,9,1.495923,3.826587,42.3027,9,3c354e226b278b11d48feaffe9a7ccda01a42b0463d772ef4694e88bd6e3a2ec,rd=3 psy-rd=2.00 early-skip rskip mode=1 signhide tmvp b-intra strong-intra-smoothing deblock sao
tools,1,2530793510,mt19937,256,256,10,yuv420p,IPB,cqp,32,ref1,frame-threads=1:pools=4:log-level=info:keyint=250:min-keyint=25:bframes=4:b-adapt=2:scenecut=0:qp=32:ref=1,983040,446346,,0.454046630859375,,8880.74,32.9,1,2,7,29.0,32.0,33.71,False,0.5893,18.44,False,8.511796,117.570943,27.4278,55,8.704352,123.180133,27.2254,55,8.110022,105.825415,27.8849,47,8.143347,106.879712,27.8419,55,3c354e226b278b11d48feaffe9a7ccda01a42b0463d772ef4694e88bd6e3a2ec,rd=3 psy-rd=2.00 early-skip rskip mode=1 signhide tmvp b-intra strong-intra-smoothing deblock sao
tools,1,2530793510,mt19937,256,256,10,yuv420p,IPB,lossless,,ref5,frame-threads=1:pools=4:log-level=info:keyint=250:min-keyint=25:bframes=4:b-adapt=2:scenecut=0:lossless=1:ref=5,983040,1305597,,1.3281219482421875,,26065.84,4.0,1,2,7,4.0,4.0,4.0,True,0.4769,23.34,True,0.0,0.0,inf,0,0.0,0.0,inf,0,0.0,0.0,inf,0,0.0,0.0,inf,0,3c354e226b278b11d48feaffe9a7ccda01a42b0463d772ef4694e88bd6e3a2ec,rd=3 psy-rd=2.00 early-skip rskip mode=1 signhide tmvp b-intra strong-intra-smoothing deblock sao
tools,1,2530793510,mt19937,256,256,10,yuv420p,IPB,cqp,16,ref5,frame-threads=1:pools=4:log-level=info:keyint=250:min-keyint=25:bframes=4:b-adapt=2:scenecut=0:qp=16:ref=5,983040,838922,,0.8533955891927083,,16732.26,16.9,1,2,7,13.0,16.0,17.71,False,0.5686,19.28,False,1.429011,3.51929,42.6663,9,1.394109,3.361888,42.865,9,1.49928,3.836646,42.2913,9,1.498352,3.831543,42.2971,9,3c354e226b278b11d48feaffe9a7ccda01a42b0463d772ef4694e88bd6e3a2ec,rd=3 psy-rd=2.00 early-skip rskip mode=1 signhide tmvp b-intra strong-intra-smoothing deblock sao
tools,1,2530793510,mt19937,256,256,10,yuv420p,IPB,cqp,32,ref5,frame-threads=1:pools=4:log-level=info:keyint=250:min-keyint=25:bframes=4:b-adapt=2:scenecut=0:qp=32:ref=5,983040,447488,,0.4552083333333333,,8903.58,32.9,1,2,7,29.0,32.0,33.71,False,0.6152,17.67,False,8.497759,117.021701,27.4481,59,8.692563,122.617822,27.2453,59,8.100934,105.577203,27.8951,47,8.115369,106.081714,27.8744,47,3c354e226b278b11d48feaffe9a7ccda01a42b0463d772ef4694e88bd6e3a2ec,rd=3 psy-rd=2.00 early-skip rskip mode=1 signhide tmvp b-intra strong-intra-smoothing deblock sao
tools,1,2530793510,mt19937,256,256,10,yuv420p,IPB,lossless,,no-weightp,frame-threads=1:pools=4:log-level=info:keyint=250:min-keyint=25:bframes=4:b-adapt=2:scenecut=0:lossless=1:weightp=0,983040,1305510,,1.328033447265625,,26064.04,4.0,1,2,7,4.0,4.0,4.0,True,0.4868,23.04,True,0.0,0.0,inf,0,0.0,0.0,inf,0,0.0,0.0,inf,0,0.0,0.0,inf,0,3c354e226b278b11d48feaffe9a7ccda01a42b0463d772ef4694e88bd6e3a2ec,rd=3 psy-rd=2.00 early-skip rskip mode=1 signhide tmvp b-intra strong-intra-smoothing deblock sao
tools,1,2530793510,mt19937,256,256,10,yuv420p,IPB,cqp,16,no-weightp,frame-threads=1:pools=4:log-level=info:keyint=250:min-keyint=25:bframes=4:b-adapt=2:scenecut=0:qp=16:weightp=0,983040,840915,,0.8554229736328125,,16772.06,16.9,1,2,7,13.0,16.0,17.71,False,0.5493,19.92,False,1.424154,3.494153,42.6974,9,1.390787,3.344092,42.888,9,1.492529,3.800317,42.3326,9,1.489246,3.788232,42.3464,9,3c354e226b278b11d48feaffe9a7ccda01a42b0463d772ef4694e88bd6e3a2ec,rd=3 psy-rd=2.00 early-skip rskip mode=1 signhide tmvp b-intra strong-intra-smoothing deblock sao
tools,1,2530793510,mt19937,256,256,10,yuv420p,IPB,cqp,32,no-weightp,frame-threads=1:pools=4:log-level=info:keyint=250:min-keyint=25:bframes=4:b-adapt=2:scenecut=0:qp=32:weightp=0,983040,446242,,0.4539408365885417,,8878.6,32.9,1,2,7,29.0,32.0,33.71,False,0.6175,17.51,False,8.524522,117.776367,27.4202,59,8.720847,123.485233,27.2147,59,8.114246,105.842725,27.8842,49,8.1495,106.874548,27.8421,47,3c354e226b278b11d48feaffe9a7ccda01a42b0463d772ef4694e88bd6e3a2ec,rd=3 psy-rd=2.00 early-skip rskip mode=1 signhide tmvp b-intra strong-intra-smoothing deblock sao
tools,1,2530793510,mt19937,256,256,10,yuv420p,IPB,lossless,,weightb,frame-threads=1:pools=4:log-level=info:keyint=250:min-keyint=25:bframes=4:b-adapt=2:scenecut=0:lossless=1:weightb=1,983040,1306473,,1.3290130615234375,,26083.42,4.0,1,2,7,4.0,4.0,4.0,True,0.5045,22.25,True,0.0,0.0,inf,0,0.0,0.0,inf,0,0.0,0.0,inf,0,0.0,0.0,inf,0,3c354e226b278b11d48feaffe9a7ccda01a42b0463d772ef4694e88bd6e3a2ec,rd=3 psy-rd=2.00 early-skip rskip mode=1 signhide tmvp b-intra strong-intra-smoothing deblock sao
tools,1,2530793510,mt19937,256,256,10,yuv420p,IPB,cqp,16,weightb,frame-threads=1:pools=4:log-level=info:keyint=250:min-keyint=25:bframes=4:b-adapt=2:scenecut=0:qp=16:weightb=1,983040,841196,,0.8557088216145833,,16777.8,16.9,1,2,7,13.0,16.0,17.71,False,0.5578,19.57,False,1.425301,3.499854,42.6903,9,1.392047,3.349612,42.8809,9,1.494159,3.809271,42.3224,9,1.489459,3.7914,42.3428,9,3c354e226b278b11d48feaffe9a7ccda01a42b0463d772ef4694e88bd6e3a2ec,rd=3 psy-rd=2.00 early-skip rskip mode=1 signhide tmvp b-intra strong-intra-smoothing deblock sao
tools,1,2530793510,mt19937,256,256,10,yuv420p,IPB,cqp,32,weightb,frame-threads=1:pools=4:log-level=info:keyint=250:min-keyint=25:bframes=4:b-adapt=2:scenecut=0:qp=32:weightb=1,983040,446190,,0.453887939453125,,8877.68,32.9,1,2,7,29.0,32.0,33.71,False,0.6047,17.97,False,8.513775,117.518169,27.4298,60,8.705975,123.089417,27.2286,60,8.116278,106.057452,27.8754,48,8.142468,106.693896,27.8494,47,3c354e226b278b11d48feaffe9a7ccda01a42b0463d772ef4694e88bd6e3a2ec,rd=3 psy-rd=2.00 early-skip rskip mode=1 signhide tmvp b-intra strong-intra-smoothing deblock sao
tools,1,2530793510,mt19937,256,256,10,yuv420p,IPB,lossless,,scenecut-default,frame-threads=1:pools=4:log-level=info:keyint=250:min-keyint=25:bframes=4:b-adapt=2:scenecut=0:lossless=1:scenecut=40,983040,1304377,,1.326880900065104,,26041.42,4.0,2,2,6,4.0,4.0,4.0,True,0.5034,22.13,True,0.0,0.0,inf,0,0.0,0.0,inf,0,0.0,0.0,inf,0,0.0,0.0,inf,0,3c354e226b278b11d48feaffe9a7ccda01a42b0463d772ef4694e88bd6e3a2ec,rd=3 psy-rd=2.00 early-skip rskip mode=1 signhide tmvp b-intra strong-intra-smoothing deblock sao
tools,1,2530793510,mt19937,256,256,10,yuv420p,IPB,cqp,16,scenecut-default,frame-threads=1:pools=4:log-level=info:keyint=250:min-keyint=25:bframes=4:b-adapt=2:scenecut=0:qp=16:scenecut=40,983040,855328,,0.8700846354166667,,17060.36,16.4,2,2,6,13.0,16.0,17.67,False,0.5791,18.82,False,1.318145,3.126889,43.1797,11,1.285738,2.989796,43.3744,9,1.38429,3.403967,42.8109,9,1.381628,3.398181,42.8183,11,3c354e226b278b11d48feaffe9a7ccda01a42b0463d772ef4694e88bd6e3a2ec,rd=3 psy-rd=2.00 early-skip rskip mode=1 signhide tmvp b-intra strong-intra-smoothing deblock sao
tools,1,2530793510,mt19937,256,256,10,yuv420p,IPB,cqp,32,scenecut-default,frame-threads=1:pools=4:log-level=info:keyint=250:min-keyint=25:bframes=4:b-adapt=2:scenecut=0:qp=32:scenecut=40,983040,460171,,0.46811014811197915,,9157.22,32.4,2,2,6,29.0,32.0,33.67,False,0.5953,18.38,False,7.962082,105.058263,27.9165,59,8.110962,109.428836,27.7395,59,7.653735,95.949158,28.3104,48,7.674908,96.685077,28.2772,49,3c354e226b278b11d48feaffe9a7ccda01a42b0463d772ef4694e88bd6e3a2ec,rd=3 psy-rd=2.00 early-skip rskip mode=1 signhide tmvp b-intra strong-intra-smoothing deblock sao
tools,1,2530793510,mt19937,256,256,10,yuv420p,IPB,lossless,,aq0,frame-threads=1:pools=4:log-level=info:keyint=250:min-keyint=25:bframes=4:b-adapt=2:scenecut=0:lossless=1:aq-mode=0,983040,1305510,,1.328033447265625,,26064.1,4.0,1,2,7,4.0,4.0,4.0,True,0.4827,23.04,True,0.0,0.0,inf,0,0.0,0.0,inf,0,0.0,0.0,inf,0,0.0,0.0,inf,0,3c354e226b278b11d48feaffe9a7ccda01a42b0463d772ef4694e88bd6e3a2ec,rd=3 psy-rd=2.00 early-skip rskip mode=1 signhide tmvp b-intra strong-intra-smoothing deblock sao
tools,1,2530793510,mt19937,256,256,10,yuv420p,IPB,cqp,16,aq0,frame-threads=1:pools=4:log-level=info:keyint=250:min-keyint=25:bframes=4:b-adapt=2:scenecut=0:qp=16:aq-mode=0,983040,840915,,0.8554229736328125,,16772.12,16.9,1,2,7,13.0,16.0,17.71,False,0.5498,20.01,False,1.424154,3.494153,42.6974,9,1.390787,3.344092,42.888,9,1.492529,3.800317,42.3326,9,1.489246,3.788232,42.3464,9,3c354e226b278b11d48feaffe9a7ccda01a42b0463d772ef4694e88bd6e3a2ec,rd=3 psy-rd=2.00 early-skip rskip mode=1 signhide tmvp b-intra strong-intra-smoothing deblock sao
tools,1,2530793510,mt19937,256,256,10,yuv420p,IPB,cqp,32,aq0,frame-threads=1:pools=4:log-level=info:keyint=250:min-keyint=25:bframes=4:b-adapt=2:scenecut=0:qp=32:aq-mode=0,983040,446243,,0.4539418538411458,,8878.68,32.9,1,2,7,29.0,32.0,33.71,False,0.6106,17.86,False,8.524522,117.776367,27.4202,59,8.720847,123.485233,27.2147,59,8.114246,105.842725,27.8842,49,8.1495,106.874548,27.8421,47,3c354e226b278b11d48feaffe9a7ccda01a42b0463d772ef4694e88bd6e3a2ec,rd=3 psy-rd=2.00 early-skip rskip mode=1 signhide tmvp b-intra strong-intra-smoothing deblock sao
tools,1,2530793510,mt19937,256,256,10,yuv420p,IPB,lossless,,aq1,frame-threads=1:pools=4:log-level=info:keyint=250:min-keyint=25:bframes=4:b-adapt=2:scenecut=0:lossless=1:aq-mode=1,983040,1305510,,1.328033447265625,,26064.1,4.0,1,2,7,4.0,4.0,4.0,True,0.4787,23.19,True,0.0,0.0,inf,0,0.0,0.0,inf,0,0.0,0.0,inf,0,0.0,0.0,inf,0,3c354e226b278b11d48feaffe9a7ccda01a42b0463d772ef4694e88bd6e3a2ec,rd=3 psy-rd=2.00 early-skip rskip mode=1 signhide tmvp b-intra strong-intra-smoothing deblock sao
tools,1,2530793510,mt19937,256,256,10,yuv420p,IPB,cqp,16,aq1,frame-threads=1:pools=4:log-level=info:keyint=250:min-keyint=25:bframes=4:b-adapt=2:scenecut=0:qp=16:aq-mode=1,983040,840915,,0.8554229736328125,,16772.12,16.9,1,2,7,13.0,16.0,17.71,False,0.5663,19.65,False,1.424154,3.494153,42.6974,9,1.390787,3.344092,42.888,9,1.492529,3.800317,42.3326,9,1.489246,3.788232,42.3464,9,3c354e226b278b11d48feaffe9a7ccda01a42b0463d772ef4694e88bd6e3a2ec,rd=3 psy-rd=2.00 early-skip rskip mode=1 signhide tmvp b-intra strong-intra-smoothing deblock sao
tools,1,2530793510,mt19937,256,256,10,yuv420p,IPB,cqp,32,aq1,frame-threads=1:pools=4:log-level=info:keyint=250:min-keyint=25:bframes=4:b-adapt=2:scenecut=0:qp=32:aq-mode=1,983040,446243,,0.4539418538411458,,8878.68,32.9,1,2,7,29.0,32.0,33.71,False,0.607,17.89,False,8.524522,117.776367,27.4202,59,8.720847,123.485233,27.2147,59,8.114246,105.842725,27.8842,49,8.1495,106.874548,27.8421,47,3c354e226b278b11d48feaffe9a7ccda01a42b0463d772ef4694e88bd6e3a2ec,rd=3 psy-rd=2.00 early-skip rskip mode=1 signhide tmvp b-intra strong-intra-smoothing deblock sao
tools,1,2530793510,mt19937,256,256,10,yuv420p,IPB,lossless,,aq2,frame-threads=1:pools=4:log-level=info:keyint=250:min-keyint=25:bframes=4:b-adapt=2:scenecut=0:lossless=1:aq-mode=2,983040,1305510,,1.328033447265625,,26064.1,4.0,1,2,7,4.0,4.0,4.0,True,0.4829,22.89,True,0.0,0.0,inf,0,0.0,0.0,inf,0,0.0,0.0,inf,0,0.0,0.0,inf,0,3c354e226b278b11d48feaffe9a7ccda01a42b0463d772ef4694e88bd6e3a2ec,rd=3 psy-rd=2.00 early-skip rskip mode=1 signhide tmvp b-intra strong-intra-smoothing deblock sao
tools,1,2530793510,mt19937,256,256,10,yuv420p,IPB,cqp,16,aq2,frame-threads=1:pools=4:log-level=info:keyint=250:min-keyint=25:bframes=4:b-adapt=2:scenecut=0:qp=16:aq-mode=2,983040,840915,,0.8554229736328125,,16772.12,16.9,1,2,7,13.0,16.0,17.71,False,0.5508,19.85,False,1.424154,3.494153,42.6974,9,1.390787,3.344092,42.888,9,1.492529,3.800317,42.3326,9,1.489246,3.788232,42.3464,9,3c354e226b278b11d48feaffe9a7ccda01a42b0463d772ef4694e88bd6e3a2ec,rd=3 psy-rd=2.00 early-skip rskip mode=1 signhide tmvp b-intra strong-intra-smoothing deblock sao
tools,1,2530793510,mt19937,256,256,10,yuv420p,IPB,cqp,32,aq2,frame-threads=1:pools=4:log-level=info:keyint=250:min-keyint=25:bframes=4:b-adapt=2:scenecut=0:qp=32:aq-mode=2,983040,446243,,0.4539418538411458,,8878.68,32.9,1,2,7,29.0,32.0,33.71,False,0.5995,18.15,False,8.524522,117.776367,27.4202,59,8.720847,123.485233,27.2147,59,8.114246,105.842725,27.8842,49,8.1495,106.874548,27.8421,47,3c354e226b278b11d48feaffe9a7ccda01a42b0463d772ef4694e88bd6e3a2ec,rd=3 psy-rd=2.00 early-skip rskip mode=1 signhide tmvp b-intra strong-intra-smoothing deblock sao
tools,1,2530793510,mt19937,256,256,10,yuv420p,IPB,lossless,,aq3,frame-threads=1:pools=4:log-level=info:keyint=250:min-keyint=25:bframes=4:b-adapt=2:scenecut=0:lossless=1:aq-mode=3,983040,1305510,,1.328033447265625,,26064.1,4.0,1,2,7,4.0,4.0,4.0,True,0.4792,23.3,True,0.0,0.0,inf,0,0.0,0.0,inf,0,0.0,0.0,inf,0,0.0,0.0,inf,0,3c354e226b278b11d48feaffe9a7ccda01a42b0463d772ef4694e88bd6e3a2ec,rd=3 psy-rd=2.00 early-skip rskip mode=1 signhide tmvp b-intra strong-intra-smoothing deblock sao
tools,1,2530793510,mt19937,256,256,10,yuv420p,IPB,cqp,16,aq3,frame-threads=1:pools=4:log-level=info:keyint=250:min-keyint=25:bframes=4:b-adapt=2:scenecut=0:qp=16:aq-mode=3,983040,840915,,0.8554229736328125,,16772.12,16.9,1,2,7,13.0,16.0,17.71,False,0.5358,20.71,False,1.424154,3.494153,42.6974,9,1.390787,3.344092,42.888,9,1.492529,3.800317,42.3326,9,1.489246,3.788232,42.3464,9,3c354e226b278b11d48feaffe9a7ccda01a42b0463d772ef4694e88bd6e3a2ec,rd=3 psy-rd=2.00 early-skip rskip mode=1 signhide tmvp b-intra strong-intra-smoothing deblock sao
tools,1,2530793510,mt19937,256,256,10,yuv420p,IPB,cqp,32,aq3,frame-threads=1:pools=4:log-level=info:keyint=250:min-keyint=25:bframes=4:b-adapt=2:scenecut=0:qp=32:aq-mode=3,983040,446243,,0.4539418538411458,,8878.68,32.9,1,2,7,29.0,32.0,33.71,False,0.616,17.66,False,8.524522,117.776367,27.4202,59,8.720847,123.485233,27.2147,59,8.114246,105.842725,27.8842,49,8.1495,106.874548,27.8421,47,3c354e226b278b11d48feaffe9a7ccda01a42b0463d772ef4694e88bd6e3a2ec,rd=3 psy-rd=2.00 early-skip rskip mode=1 signhide tmvp b-intra strong-intra-smoothing deblock sao
tools,1,2530793510,mt19937,256,256,10,yuv420p,IPB,lossless,,psy-rd0,frame-threads=1:pools=4:log-level=info:keyint=250:min-keyint=25:bframes=4:b-adapt=2:scenecut=0:lossless=1:psy-rd=0,983040,1306731,,1.3292755126953124,,26088.52,4.0,1,2,7,4.0,4.0,4.0,True,0.4641,24.03,True,0.0,0.0,inf,0,0.0,0.0,inf,0,0.0,0.0,inf,0,0.0,0.0,inf,0,3c354e226b278b11d48feaffe9a7ccda01a42b0463d772ef4694e88bd6e3a2ec,rd=3 early-skip rskip mode=1 signhide tmvp b-intra strong-intra-smoothing deblock sao
tools,1,2530793510,mt19937,256,256,10,yuv420p,IPB,cqp,16,psy-rd0,frame-threads=1:pools=4:log-level=info:keyint=250:min-keyint=25:bframes=4:b-adapt=2:scenecut=0:qp=16:psy-rd=0,983040,828342,,0.842633056640625,,16520.66,16.9,1,2,7,13.0,16.0,17.71,False,0.535,20.46,False,1.444126,3.585844,42.5849,9,1.405583,3.410002,42.8033,9,1.520062,3.932123,42.1845,9,1.522363,3.942932,42.1726,9,3c354e226b278b11d48feaffe9a7ccda01a42b0463d772ef4694e88bd6e3a2ec,rd=3 early-skip rskip mode=1 signhide tmvp b-intra strong-intra-smoothing deblock sao
tools,1,2530793510,mt19937,256,256,10,yuv420p,IPB,cqp,32,psy-rd0,frame-threads=1:pools=4:log-level=info:keyint=250:min-keyint=25:bframes=4:b-adapt=2:scenecut=0:qp=32:psy-rd=0,983040,430514,,0.43794148763020835,,8564.1,32.9,1,2,7,29.0,32.0,33.71,False,0.5966,18.17,False,8.710714,122.674823,27.2432,58,8.919225,128.749403,27.0334,58,8.268518,110.000928,27.7168,47,8.318866,111.050397,27.6756,47,3c354e226b278b11d48feaffe9a7ccda01a42b0463d772ef4694e88bd6e3a2ec,rd=3 early-skip rskip mode=1 signhide tmvp b-intra strong-intra-smoothing deblock sao
tools,1,2530793510,mt19937,256,256,10,yuv420p,IPB,lossless,,psy-rd2,frame-threads=1:pools=4:log-level=info:keyint=250:min-keyint=25:bframes=4:b-adapt=2:scenecut=0:lossless=1:psy-rd=2.0,983040,1305510,,1.328033447265625,,26064.1,4.0,1,2,7,4.0,4.0,4.0,True,0.4728,23.48,True,0.0,0.0,inf,0,0.0,0.0,inf,0,0.0,0.0,inf,0,0.0,0.0,inf,0,3c354e226b278b11d48feaffe9a7ccda01a42b0463d772ef4694e88bd6e3a2ec,rd=3 psy-rd=2.00 early-skip rskip mode=1 signhide tmvp b-intra strong-intra-smoothing deblock sao
tools,1,2530793510,mt19937,256,256,10,yuv420p,IPB,cqp,16,psy-rd2,frame-threads=1:pools=4:log-level=info:keyint=250:min-keyint=25:bframes=4:b-adapt=2:scenecut=0:qp=16:psy-rd=2.0,983040,840915,,0.8554229736328125,,16772.12,16.9,1,2,7,13.0,16.0,17.71,False,0.5448,20.15,False,1.424154,3.494153,42.6974,9,1.390787,3.344092,42.888,9,1.492529,3.800317,42.3326,9,1.489246,3.788232,42.3464,9,3c354e226b278b11d48feaffe9a7ccda01a42b0463d772ef4694e88bd6e3a2ec,rd=3 psy-rd=2.00 early-skip rskip mode=1 signhide tmvp b-intra strong-intra-smoothing deblock sao
tools,1,2530793510,mt19937,256,256,10,yuv420p,IPB,cqp,32,psy-rd2,frame-threads=1:pools=4:log-level=info:keyint=250:min-keyint=25:bframes=4:b-adapt=2:scenecut=0:qp=32:psy-rd=2.0,983040,446243,,0.4539418538411458,,8878.68,32.9,1,2,7,29.0,32.0,33.71,False,0.5914,18.41,False,8.524522,117.776367,27.4202,59,8.720847,123.485233,27.2147,59,8.114246,105.842725,27.8842,49,8.1495,106.874548,27.8421,47,3c354e226b278b11d48feaffe9a7ccda01a42b0463d772ef4694e88bd6e3a2ec,rd=3 psy-rd=2.00 early-skip rskip mode=1 signhide tmvp b-intra strong-intra-smoothing deblock sao
tools,1,2530793510,mt19937,256,256,10,yuv420p,IPB,lossless,,psy-rdoq2.5,frame-threads=1:pools=4:log-level=info:keyint=250:min-keyint=25:bframes=4:b-adapt=2:scenecut=0:lossless=1:psy-rdoq=2.5:rdoq-level=2,983040,1305510,,1.328033447265625,,26064.1,4.0,1,2,7,4.0,4.0,4.0,True,0.48,23.16,True,0.0,0.0,inf,0,0.0,0.0,inf,0,0.0,0.0,inf,0,0.0,0.0,inf,0,3c354e226b278b11d48feaffe9a7ccda01a42b0463d772ef4694e88bd6e3a2ec,rd=3 psy-rd=2.00 rdoq=2 psy-rdoq=2.50 early-skip rskip mode=1 signhide tmvp b-intra strong-intra-smoothing deblock sao
tools,1,2530793510,mt19937,256,256,10,yuv420p,IPB,cqp,16,psy-rdoq2.5,frame-threads=1:pools=4:log-level=info:keyint=250:min-keyint=25:bframes=4:b-adapt=2:scenecut=0:qp=16:psy-rdoq=2.5:rdoq-level=2,983040,828190,,0.8424784342447916,,16517.62,16.9,1,2,7,13.0,16.0,17.71,False,1.0843,9.67,False,1.095492,2.107218,44.8937,8,1.07706,2.03638,45.0422,8,1.130591,2.245679,44.6173,7,1.134119,2.252112,44.6049,8,3c354e226b278b11d48feaffe9a7ccda01a42b0463d772ef4694e88bd6e3a2ec,rd=3 psy-rd=2.00 rdoq=2 psy-rdoq=2.50 early-skip rskip mode=1 signhide tmvp b-intra strong-intra-smoothing deblock sao
tools,1,2530793510,mt19937,256,256,10,yuv420p,IPB,cqp,32,psy-rdoq2.5,frame-threads=1:pools=4:log-level=info:keyint=250:min-keyint=25:bframes=4:b-adapt=2:scenecut=0:qp=32:psy-rdoq=2.5:rdoq-level=2,983040,448587,,0.4563262939453125,,8925.56,32.9,1,2,7,29.0,32.0,33.71,False,1.1964,8.72,False,6.383908,66.104729,29.9285,42,6.535974,69.300354,29.7234,42,6.076727,59.752484,30.3672,38,6.082825,59.674475,30.3729,39,3c354e226b278b11d48feaffe9a7ccda01a42b0463d772ef4694e88bd6e3a2ec,rd=3 psy-rd=2.00 rdoq=2 psy-rdoq=2.50 early-skip rskip mode=1 signhide tmvp b-intra strong-intra-smoothing deblock sao
tools,1,2530793510,mt19937,256,256,10,yuv420p,IPB,lossless,,ctu32,frame-threads=1:pools=4:log-level=info:keyint=250:min-keyint=25:bframes=4:b-adapt=2:scenecut=0:lossless=1:ctu=32,983040,1306640,,1.3291829427083333,,26086.7,4.0,1,2,7,4.0,4.0,4.0,True,0.3824,29.72,True,0.0,0.0,inf,0,0.0,0.0,inf,0,0.0,0.0,inf,0,0.0,0.0,inf,0,3c354e226b278b11d48feaffe9a7ccda01a42b0463d772ef4694e88bd6e3a2ec,rd=3 psy-rd=2.00 early-skip rskip mode=1 signhide tmvp b-intra strong-intra-smoothing deblock sao
tools,1,2530793510,mt19937,256,256,10,yuv420p,IPB,cqp,16,ctu32,frame-threads=1:pools=4:log-level=info:keyint=250:min-keyint=25:bframes=4:b-adapt=2:scenecut=0:qp=16:ctu=32,983040,845181,,0.8597625732421875,,16857.44,16.9,1,2,7,13.0,16.0,17.71,False,0.4037,28.22,False,1.426426,3.504228,42.6849,10,1.395326,3.360747,42.8664,9,1.489941,3.792419,42.3416,9,1.487311,3.78996,42.3445,10,3c354e226b278b11d48feaffe9a7ccda01a42b0463d772ef4694e88bd6e3a2ec,rd=3 psy-rd=2.00 early-skip rskip mode=1 signhide tmvp b-intra strong-intra-smoothing deblock sao
tools,1,2530793510,mt19937,256,256,10,yuv420p,IPB,cqp,32,ctu32,frame-threads=1:pools=4:log-level=info:keyint=250:min-keyint=25:bframes=4:b-adapt=2:scenecut=0:qp=32:ctu=32,983040,445671,,0.4533599853515625,,8867.24,32.9,1,2,7,29.0,32.0,33.71,False,0.4515,24.69,False,8.624304,120.316087,27.3276,55,8.758733,124.415205,27.1821,55,8.356622,111.954022,27.6404,49,8.354272,112.281677,27.6277,49,3c354e226b278b11d48feaffe9a7ccda01a42b0463d772ef4694e88bd6e3a2ec,rd=3 psy-rd=2.00 early-skip rskip mode=1 signhide tmvp b-intra strong-intra-smoothing deblock sao
tools,1,2530793510,mt19937,256,256,10,yuv420p,IPB,lossless,,ctu16,frame-threads=1:pools=4:log-level=info:keyint=250:min-keyint=25:bframes=4:b-adapt=2:scenecut=0:lossless=1:ctu=16,983040,1308761,,1.331340535481771,,26129.12,4.0,1,2,7,4.0,4.0,4.0,True,0.3022,39.7,True,0.0,0.0,inf,0,0.0,0.0,inf,0,0.0,0.0,inf,0,0.0,0.0,inf,0,3c354e226b278b11d48feaffe9a7ccda01a42b0463d772ef4694e88bd6e3a2ec,rd=3 psy-rd=2.00 early-skip rskip mode=1 signhide tmvp b-intra strong-intra-smoothing deblock sao
tools,1,2530793510,mt19937,256,256,10,yuv420p,IPB,cqp,16,ctu16,frame-threads=1:pools=4:log-level=info:keyint=250:min-keyint=25:bframes=4:b-adapt=2:scenecut=0:qp=16:ctu=16,983040,855871,,0.8706370035807292,,17071.24,16.9,1,2,7,13.0,16.0,17.71,False,0.3522,34.02,False,1.441579,3.568052,42.6065,10,1.398404,3.373132,42.8505,9,1.53067,3.971967,42.1407,9,1.525189,3.943817,42.1716,10,3c354e226b278b11d48feaffe9a7ccda01a42b0463d772ef4694e88bd6e3a2ec,rd=3 psy-rd=2.00 early-skip rskip mode=1 signhide tmvp b-intra strong-intra-smoothing deblock sao
tools,1,2530793510,mt19937,256,256,10,yuv420p,IPB,cqp,32,ctu16,frame-threads=1:pools=4:log-level=info:keyint=250:min-keyint=25:bframes=4:b-adapt=2:scenecut=0:qp=32:ctu=16,983040,453878,,0.4617085774739583,,9031.38,32.9,1,2,7,29.0,32.0,33.71,False,0.3415,34.29,False,8.785303,124.956559,27.1632,64,8.951382,130.17334,26.9856,64,8.448846,114.478217,27.5436,53,8.45744,114.56778,27.5402,52,3c354e226b278b11d48feaffe9a7ccda01a42b0463d772ef4694e88bd6e3a2ec,rd=3 psy-rd=2.00 early-skip rskip mode=1 signhide tmvp b-intra strong-intra-smoothing deblock sao
tools,1,2530793510,mt19937,256,256,10,yuv420p,IPB,lossless,,no-signhide,frame-threads=1:pools=4:log-level=info:keyint=250:min-keyint=25:bframes=4:b-adapt=2:scenecut=0:lossless=1:signhide=0,983040,1305513,,1.3280364990234375,,26064.1,4.0,1,2,7,4.0,4.0,4.0,True,0.486,22.93,True,0.0,0.0,inf,0,0.0,0.0,inf,0,0.0,0.0,inf,0,0.0,0.0,inf,0,3c354e226b278b11d48feaffe9a7ccda01a42b0463d772ef4694e88bd6e3a2ec,rd=3 psy-rd=2.00 early-skip rskip mode=1 tmvp b-intra strong-intra-smoothing deblock sao
tools,1,2530793510,mt19937,256,256,10,yuv420p,IPB,cqp,16,no-signhide,frame-threads=1:pools=4:log-level=info:keyint=250:min-keyint=25:bframes=4:b-adapt=2:scenecut=0:qp=16:signhide=0,983040,850553,,0.8652272542317708,,16964.82,16.9,1,2,7,13.0,16.0,17.71,False,0.4954,22.45,False,1.484573,3.779664,42.3563,11,1.451688,3.629581,42.5322,11,1.552344,4.088672,42.015,9,1.548346,4.07099,42.0338,9,3c354e226b278b11d48feaffe9a7ccda01a42b0463d772ef4694e88bd6e3a2ec,rd=3 psy-rd=2.00 early-skip rskip mode=1 tmvp b-intra strong-intra-smoothing deblock sao
tools,1,2530793510,mt19937,256,256,10,yuv420p,IPB,cqp,32,no-signhide,frame-threads=1:pools=4:log-level=info:keyint=250:min-keyint=25:bframes=4:b-adapt=2:scenecut=0:qp=32:signhide=0,983040,452921,,0.46073506673177084,,9012.18,32.9,1,2,7,29.0,32.0,33.71,False,0.537,20.48,False,8.921191,128.70401,27.0349,57,9.128146,135.058908,26.8256,56,8.506787,115.78783,27.4942,57,8.507776,116.200598,27.4787,50,3c354e226b278b11d48feaffe9a7ccda01a42b0463d772ef4694e88bd6e3a2ec,rd=3 psy-rd=2.00 early-skip rskip mode=1 tmvp b-intra strong-intra-smoothing deblock sao
tools,1,2530793510,mt19937,256,256,10,yuv420p,IPB,lossless,,no-tmvp,frame-threads=1:pools=4:log-level=info:keyint=250:min-keyint=25:bframes=4:b-adapt=2:scenecut=0:lossless=1:tmvp=0,983040,1305510,,1.328033447265625,,26064.1,4.0,1,2,7,4.0,4.0,4.0,True,0.4712,23.64,True,0.0,0.0,inf,0,0.0,0.0,inf,0,0.0,0.0,inf,0,0.0,0.0,inf,0,3c354e226b278b11d48feaffe9a7ccda01a42b0463d772ef4694e88bd6e3a2ec,rd=3 psy-rd=2.00 early-skip rskip mode=1 signhide tmvp b-intra strong-intra-smoothing deblock sao
tools,1,2530793510,mt19937,256,256,10,yuv420p,IPB,cqp,16,no-tmvp,frame-threads=1:pools=4:log-level=info:keyint=250:min-keyint=25:bframes=4:b-adapt=2:scenecut=0:qp=16:tmvp=0,983040,840915,,0.8554229736328125,,16772.12,16.9,1,2,7,13.0,16.0,17.71,False,0.5551,19.69,False,1.424154,3.494153,42.6974,9,1.390787,3.344092,42.888,9,1.492529,3.800317,42.3326,9,1.489246,3.788232,42.3464,9,3c354e226b278b11d48feaffe9a7ccda01a42b0463d772ef4694e88bd6e3a2ec,rd=3 psy-rd=2.00 early-skip rskip mode=1 signhide tmvp b-intra strong-intra-smoothing deblock sao
tools,1,2530793510,mt19937,256,256,10,yuv420p,IPB,cqp,32,no-tmvp,frame-threads=1:pools=4:log-level=info:keyint=250:min-keyint=25:bframes=4:b-adapt=2:scenecut=0:qp=32:tmvp=0,983040,446243,,0.4539418538411458,,8878.68,32.9,1,2,7,29.0,32.0,33.71,False,0.6103,17.83,False,8.524522,117.776367,27.4202,59,8.720847,123.485233,27.2147,59,8.114246,105.842725,27.8842,49,8.1495,106.874548,27.8421,47,3c354e226b278b11d48feaffe9a7ccda01a42b0463d772ef4694e88bd6e3a2ec,rd=3 psy-rd=2.00 early-skip rskip mode=1 signhide tmvp b-intra strong-intra-smoothing deblock sao
tools,1,2530793510,mt19937,256,256,10,yuv420p,IPB,lossless,,no-strong-intra-smoothing,frame-threads=1:pools=4:log-level=info:keyint=250:min-keyint=25:bframes=4:b-adapt=2:scenecut=0:lossless=1:strong-intra-smoothing=0,983040,1305513,,1.3280364990234375,,26064.1,4.0,1,2,7,4.0,4.0,4.0,True,0.4969,22.59,True,0.0,0.0,inf,0,0.0,0.0,inf,0,0.0,0.0,inf,0,0.0,0.0,inf,0,3c354e226b278b11d48feaffe9a7ccda01a42b0463d772ef4694e88bd6e3a2ec,rd=3 psy-rd=2.00 early-skip rskip mode=1 signhide tmvp b-intra deblock sao
tools,1,2530793510,mt19937,256,256,10,yuv420p,IPB,cqp,16,no-strong-intra-smoothing,frame-threads=1:pools=4:log-level=info:keyint=250:min-keyint=25:bframes=4:b-adapt=2:scenecut=0:qp=16:strong-intra-smoothing=0,983040,840918,,0.855426025390625,,16772.12,16.9,1,2,7,13.0,16.0,17.71,False,0.5465,20.2,False,1.424154,3.494153,42.6974,9,1.390787,3.344092,42.888,9,1.492529,3.800317,42.3326,9,1.489246,3.788232,42.3464,9,3c354e226b278b11d48feaffe9a7ccda01a42b0463d772ef4694e88bd6e3a2ec,rd=3 psy-rd=2.00 early-skip rskip mode=1 signhide tmvp b-intra deblock sao
tools,1,2530793510,mt19937,256,256,10,yuv420p,IPB,cqp,32,no-strong-intra-smoothing,frame-threads=1:pools=4:log-level=info:keyint=250:min-keyint=25:bframes=4:b-adapt=2:scenecut=0:qp=32:strong-intra-smoothing=0,983040,447472,,0.4551920572916667,,8903.2,32.9,1,2,7,29.0,32.0,33.71,False,0.5968,18.19,False,8.5144,117.524261,27.4295,55,8.710036,123.253838,27.2228,55,8.112598,105.68125,27.8908,48,8.133661,106.448969,27.8594,48,3c354e226b278b11d48feaffe9a7ccda01a42b0463d772ef4694e88bd6e3a2ec,rd=3 psy-rd=2.00 early-skip rskip mode=1 signhide tmvp b-intra deblock sao
tools,1,2530793510,mt19937,256,256,10,yuv420p,IPB,lossless,,constrained-intra,frame-threads=1:pools=4:log-level=info:keyint=250:min-keyint=25:bframes=4:b-adapt=2:scenecut=0:lossless=1:constrained-intra=1,983040,1309348,,1.3319376627604167,,26140.92,4.0,1,2,7,4.0,4.0,4.0,True,0.4913,22.83,True,0.0,0.0,inf,0,0.0,0.0,inf,0,0.0,0.0,inf,0,0.0,0.0,inf,0,3c354e226b278b11d48feaffe9a7ccda01a42b0463d772ef4694e88bd6e3a2ec,rd=3 psy-rd=2.00 early-skip rskip mode=1 signhide tmvp cip b-intra strong-intra-smoothing deblock sao
tools,1,2530793510,mt19937,256,256,10,yuv420p,IPB,cqp,16,constrained-intra,frame-threads=1:pools=4:log-level=info:keyint=250:min-keyint=25:bframes=4:b-adapt=2:scenecut=0:qp=16:constrained-intra=1,983040,842165,,0.8566945393880209,,16797.18,16.9,1,2,7,13.0,16.0,17.71,False,0.5544,19.77,False,1.426425,3.503057,42.6863,11,1.39276,3.348378,42.8825,9,1.493353,3.817694,42.3128,11,1.494159,3.807135,42.3248,10,3c354e226b278b11d48feaffe9a7ccda01a42b0463d772ef4694e88bd6e3a2ec,rd=3 psy-rd=2.00 early-skip rskip mode=1 signhide tmvp cip b-intra strong-intra-smoothing deblock sao
tools,1,2530793510,mt19937,256,256,10,yuv420p,IPB,cqp,32,constrained-intra,frame-threads=1:pools=4:log-level=info:keyint=250:min-keyint=25:bframes=4:b-adapt=2:scenecut=0:qp=32:constrained-intra=1,983040,449546,,0.45730183919270834,,8944.8,32.9,1,2,7,29.0,32.0,33.71,False,0.5867,18.63,False,8.479156,116.650899,27.4619,60,8.658105,121.90943,27.2704,60,8.104523,105.71712,27.8894,46,8.137994,106.550555,27.8552,51,3c354e226b278b11d48feaffe9a7ccda01a42b0463d772ef4694e88bd6e3a2ec,rd=3 psy-rd=2.00 early-skip rskip mode=1 signhide tmvp cip b-intra strong-intra-smoothing deblock sao
tools,1,2530793510,mt19937,256,256,10,yuv420p,IPB,lossless,,b-intra,frame-threads=1:pools=4:log-level=info:keyint=250:min-keyint=25:bframes=4:b-adapt=2:scenecut=0:lossless=1:b-intra=1,983040,1305510,,1.328033447265625,,26064.1,4.0,1,2,7,4.0,4.0,4.0,True,0.4785,23.17,True,0.0,0.0,inf,0,0.0,0.0,inf,0,0.0,0.0,inf,0,0.0,0.0,inf,0,3c354e226b278b11d48feaffe9a7ccda01a42b0463d772ef4694e88bd6e3a2ec,rd=3 psy-rd=2.00 early-skip rskip mode=1 signhide tmvp b-intra strong-intra-smoothing deblock sao
tools,1,2530793510,mt19937,256,256,10,yuv420p,IPB,cqp,16,b-intra,frame-threads=1:pools=4:log-level=info:keyint=250:min-keyint=25:bframes=4:b-adapt=2:scenecut=0:qp=16:b-intra=1,983040,840915,,0.8554229736328125,,16772.12,16.9,1,2,7,13.0,16.0,17.71,False,0.5515,19.91,False,1.424154,3.494153,42.6974,9,1.390787,3.344092,42.888,9,1.492529,3.800317,42.3326,9,1.489246,3.788232,42.3464,9,3c354e226b278b11d48feaffe9a7ccda01a42b0463d772ef4694e88bd6e3a2ec,rd=3 psy-rd=2.00 early-skip rskip mode=1 signhide tmvp b-intra strong-intra-smoothing deblock sao
tools,1,2530793510,mt19937,256,256,10,yuv420p,IPB,cqp,32,b-intra,frame-threads=1:pools=4:log-level=info:keyint=250:min-keyint=25:bframes=4:b-adapt=2:scenecut=0:qp=32:b-intra=1,983040,446243,,0.4539418538411458,,8878.68,32.9,1,2,7,29.0,32.0,33.71,False,0.6257,17.72,False,8.524522,117.776367,27.4202,59,8.720847,123.485233,27.2147,59,8.114246,105.842725,27.8842,49,8.1495,106.874548,27.8421,47,3c354e226b278b11d48feaffe9a7ccda01a42b0463d772ef4694e88bd6e3a2ec,rd=3 psy-rd=2.00 early-skip rskip mode=1 signhide tmvp b-intra strong-intra-smoothing deblock sao
tools,1,2530793510,mt19937,256,256,10,yuv420p,IPB,lossless,,no-b-pyramid,frame-threads=1:pools=4:log-level=info:keyint=250:min-keyint=25:bframes=4:b-adapt=2:scenecut=0:lossless=1:b-pyramid=0,983040,1305185,,1.3277028401692708,,26057.54,4.0,1,2,7,4.0,4.0,4.0,True,0.4678,23.79,True,0.0,0.0,inf,0,0.0,0.0,inf,0,0.0,0.0,inf,0,0.0,0.0,inf,0,3c354e226b278b11d48feaffe9a7ccda01a42b0463d772ef4694e88bd6e3a2ec,rd=3 psy-rd=2.00 early-skip rskip mode=1 signhide tmvp b-intra strong-intra-smoothing deblock sao
tools,1,2530793510,mt19937,256,256,10,yuv420p,IPB,cqp,16,no-b-pyramid,frame-threads=1:pools=4:log-level=info:keyint=250:min-keyint=25:bframes=4:b-adapt=2:scenecut=0:qp=16:b-pyramid=0,983040,831357,,0.8457000732421875,,16580.9,17.1,1,2,7,13.0,16.0,18.0,False,0.5648,19.41,False,1.45906,3.663375,42.492,11,1.420723,3.484904,42.7089,9,1.535699,4.015411,42.0935,11,1.535767,4.02522,42.0829,9,3c354e226b278b11d48feaffe9a7ccda01a42b0463d772ef4694e88bd6e3a2ec,rd=3 psy-rd=2.00 early-skip rskip mode=1 signhide tmvp b-intra strong-intra-smoothing deblock sao
tools,1,2530793510,mt19937,256,256,10,yuv420p,IPB,cqp,32,no-b-pyramid,frame-threads=1:pools=4:log-level=info:keyint=250:min-keyint=25:bframes=4:b-adapt=2:scenecut=0:qp=32:b-pyramid=0,983040,442342,,0.4499735514322917,,8800.6,33.1,1,2,7,29.0,32.0,34.0,False,0.6118,17.79,False,8.720147,123.350607,27.2194,61,8.920447,129.308295,27.0145,61,8.318811,111.325171,27.6649,49,8.320282,111.545294,27.6563,50,3c354e226b278b11d48feaffe9a7ccda01a42b0463d772ef4694e88bd6e3a2ec,rd=3 psy-rd=2.00 early-skip rskip mode=1 signhide tmvp b-intra strong-intra-smoothing deblock sao
tools,1,2530793510,mt19937,256,256,10,yuv420p,IPB,lossless,,no-cutree,frame-threads=1:pools=4:log-level=info:keyint=250:min-keyint=25:bframes=4:b-adapt=2:scenecut=0:lossless=1:cutree=0,983040,1305510,,1.328033447265625,,26064.1,4.0,1,2,7,4.0,4.0,4.0,True,0.4833,23.01,True,0.0,0.0,inf,0,0.0,0.0,inf,0,0.0,0.0,inf,0,0.0,0.0,inf,0,3c354e226b278b11d48feaffe9a7ccda01a42b0463d772ef4694e88bd6e3a2ec,rd=3 psy-rd=2.00 early-skip rskip mode=1 signhide tmvp b-intra strong-intra-smoothing deblock sao
tools,1,2530793510,mt19937,256,256,10,yuv420p,IPB,cqp,16,no-cutree,frame-threads=1:pools=4:log-level=info:keyint=250:min-keyint=25:bframes=4:b-adapt=2:scenecut=0:qp=16:cutree=0,983040,840915,,0.8554229736328125,,16772.12,16.9,1,2,7,13.0,16.0,17.71,False,0.5505,19.83,False,1.424154,3.494153,42.6974,9,1.390787,3.344092,42.888,9,1.492529,3.800317,42.3326,9,1.489246,3.788232,42.3464,9,3c354e226b278b11d48feaffe9a7ccda01a42b0463d772ef4694e88bd6e3a2ec,rd=3 psy-rd=2.00 early-skip rskip mode=1 signhide tmvp b-intra strong-intra-smoothing deblock sao
tools,1,2530793510,mt19937,256,256,10,yuv420p,IPB,cqp,32,no-cutree,frame-threads=1:pools=4:log-level=info:keyint=250:min-keyint=25:bframes=4:b-adapt=2:scenecut=0:qp=32:cutree=0,983040,446243,,0.4539418538411458,,8878.68,32.9,1,2,7,29.0,32.0,33.71,False,0.6068,17.91,False,8.524522,117.776367,27.4202,59,8.720847,123.485233,27.2147,59,8.114246,105.842725,27.8842,49,8.1495,106.874548,27.8421,47,3c354e226b278b11d48feaffe9a7ccda01a42b0463d772ef4694e88bd6e3a2ec,rd=3 psy-rd=2.00 early-skip rskip mode=1 signhide tmvp b-intra strong-intra-smoothing deblock sao
tools,1,2530793510,mt19937,256,256,10,yuv420p,IPB,lossless,,no-open-gop,frame-threads=1:pools=4:log-level=info:keyint=250:min-keyint=25:bframes=4:b-adapt=2:scenecut=0:lossless=1:open-gop=0,983040,1305513,,1.3280364990234375,,26064.1,4.0,1,2,7,4.0,4.0,4.0,True,0.4943,23.06,True,0.0,0.0,inf,0,0.0,0.0,inf,0,0.0,0.0,inf,0,0.0,0.0,inf,0,3c354e226b278b11d48feaffe9a7ccda01a42b0463d772ef4694e88bd6e3a2ec,rd=3 psy-rd=2.00 early-skip rskip mode=1 signhide tmvp b-intra strong-intra-smoothing deblock sao
tools,1,2530793510,mt19937,256,256,10,yuv420p,IPB,cqp,16,no-open-gop,frame-threads=1:pools=4:log-level=info:keyint=250:min-keyint=25:bframes=4:b-adapt=2:scenecut=0:qp=16:open-gop=0,983040,840918,,0.855426025390625,,16772.12,16.9,1,2,7,13.0,16.0,17.71,False,0.5579,19.6,False,1.424154,3.494153,42.6974,9,1.390787,3.344092,42.888,9,1.492529,3.800317,42.3326,9,1.489246,3.788232,42.3464,9,3c354e226b278b11d48feaffe9a7ccda01a42b0463d772ef4694e88bd6e3a2ec,rd=3 psy-rd=2.00 early-skip rskip mode=1 signhide tmvp b-intra strong-intra-smoothing deblock sao
tools,1,2530793510,mt19937,256,256,10,yuv420p,IPB,cqp,32,no-open-gop,frame-threads=1:pools=4:log-level=info:keyint=250:min-keyint=25:bframes=4:b-adapt=2:scenecut=0:qp=32:open-gop=0,983040,446246,,0.45394490559895834,,8878.68,32.9,1,2,7,29.0,32.0,33.71,False,0.5937,18.38,False,8.524522,117.776367,27.4202,59,8.720847,123.485233,27.2147,59,8.114246,105.842725,27.8842,49,8.1495,106.874548,27.8421,47,3c354e226b278b11d48feaffe9a7ccda01a42b0463d772ef4694e88bd6e3a2ec,rd=3 psy-rd=2.00 early-skip rskip mode=1 signhide tmvp b-intra strong-intra-smoothing deblock sao
tools,2,4198331640,mt19937,256,256,10,yuv420p,IPB,lossless,,baseline,frame-threads=1:pools=4:log-level=info:keyint=250:min-keyint=25:bframes=4:b-adapt=2:scenecut=0:lossless=1,983040,1305311,,1.327831013997396,,26060.12,4.0,1,2,7,4.0,4.0,4.0,True,0.4887,22.84,True,0.0,0.0,inf,0,0.0,0.0,inf,0,0.0,0.0,inf,0,0.0,0.0,inf,0,b99ce8e3b040eb13ed79211ee9648a94f9dc048de70573e7dd672b429e1dee61,rd=3 psy-rd=2.00 early-skip rskip mode=1 signhide tmvp b-intra strong-intra-smoothing deblock sao
tools,2,4198331640,mt19937,256,256,10,yuv420p,IPB,cqp,16,baseline,frame-threads=1:pools=4:log-level=info:keyint=250:min-keyint=25:bframes=4:b-adapt=2:scenecut=0:qp=16,983040,838974,,0.853448486328125,,16733.3,16.9,1,2,7,13.0,16.0,17.71,False,0.5664,19.24,False,1.429855,3.517355,42.6686,9,1.395432,3.359784,42.8677,9,1.498761,3.836188,42.2918,9,1.498645,3.828809,42.3002,9,b99ce8e3b040eb13ed79211ee9648a94f9dc048de70573e7dd672b429e1dee61,rd=3 psy-rd=2.00 early-skip rskip mode=1 signhide tmvp b-intra strong-intra-smoothing deblock sao
tools,2,4198331640,mt19937,256,256,10,yuv420p,IPB,cqp,32,baseline,frame-threads=1:pools=4:log-level=info:keyint=250:min-keyint=25:bframes=4:b-adapt=2:scenecut=0:qp=32,983040,448184,,0.45591634114583335,,8917.5,32.9,1,2,7,29.0,32.0,33.71,False,0.6103,17.95,False,8.50504,117.339029,27.4364,55,8.705963,123.187805,27.2251,55,8.094269,105.441388,27.9007,53,8.112122,105.841565,27.8842,50,b99ce8e3b040eb13ed79211ee9648a94f9dc048de70573e7dd672b429e1dee61,rd=3 psy-rd=2.00 early-skip rskip mode=1 signhide tmvp b-intra strong-intra-smoothing deblock sao
tools,2,4198331640,mt19937,256,256,10,yuv420p,IPB,lossless,,no-sao,frame-threads=1:pools=4:log-level=info:keyint=250:min-keyint=25:bframes=4:b-adapt=2:scenecut=0:lossless=1:sao=0,983040,1305328,,1.3278483072916667,,26060.4,4.0,1,2,7,4.0,4.0,4.0,True,0.4592,24.26,True,0.0,0.0,inf,0,0.0,0.0,inf,0,0.0,0.0,inf,0,0.0,0.0,inf,0,b99ce8e3b040eb13ed79211ee9648a94f9dc048de70573e7dd672b429e1dee61,rd=3 psy-rd=2.00 early-skip rskip mode=1 signhide tmvp b-intra strong-intra-smoothing deblock
tools,2,4198331640,mt19937,256,256,10,yuv420p,IPB,cqp,16,no-sao,frame-threads=1:pools=4:log-level=info:keyint=250:min-keyint=25:bframes=4:b-adapt=2:scenecut=0:qp=16:sao=0,983040,837629,,0.8520802815755208,,16706.34,16.9,1,2,7,13.0,16.0,17.71,False,0.5357,20.55,False,1.488019,3.787284,42.3475,10,1.442647,3.573857,42.5994,10,1.580267,4.219159,41.8785,10,1.577258,4.209119,41.8889,9,b99ce8e3b040eb13ed79211ee9648a94f9dc048de70573e7dd672b429e1dee61,rd=3 psy-rd=2.00 early-skip rskip mode=1 signhide tmvp b-intra strong-intra-smoothing deblock
tools,2,4198331640,mt19937,256,256,10,yuv420p,IPB,cqp,32,no-sao,frame-threads=1:pools=4:log-level=info:keyint=250:min-keyint=25:bframes=4:b-adapt=2:scenecut=0:qp=32:sao=0,983040,447869,,0.45559590657552085,,8911.14,32.9,1,2,7,29.0,32.0,33.71,False,0.5811,18.74,False,8.75045,123.655809,27.2087,62,8.924806,128.896129,27.0284,62,8.393695,112.946881,27.6021,53,8.409778,113.403455,27.5845,53,b99ce8e3b040eb13ed79211ee9648a94f9dc048de70573e7dd672b429e1dee61,rd=3 psy-rd=2.00 early-skip rskip mode=1 signhide tmvp b-intra strong-intra-smoothing deblock
tools,2,4198331640,mt19937,256,256,10,yuv420p,IPB,lossless,,sao,frame-threads=1:pools=4:log-level=info:keyint=250:min-keyint=25:bframes=4:b-adapt=2:scenecut=0:lossless=1:sao=1,983040,1305311,,1.327831013997396,,26060.12,4.0,1,2,7,4.0,4.0,4.0,True,0.4721,23.52,True,0.0,0.0,inf,0,0.0,0.0,inf,0,0.0,0.0,inf,0,0.0,0.0,inf,0,b99ce8e3b040eb13ed79211ee9648a94f9dc048de70573e7dd672b429e1dee61,rd=3 psy-rd=2.00 early-skip rskip mode=1 signhide tmvp b-intra strong-intra-smoothing deblock sao
tools,2,4198331640,mt19937,256,256,10,yuv420p,IPB,cqp,16,sao,frame-threads=1:pools=4:log-level=info:keyint=250:min-keyint=25:bframes=4:b-adapt=2:scenecut=0:qp=16:sao=1,983040,838974,,0.853448486328125,,16733.3,16.9,1,2,7,13.0,16.0,17.71,False,0.5558,19.62,False,1.429855,3.517355,42.6686,9,1.395432,3.359784,42.8677,9,1.498761,3.836188,42.2918,9,1.498645,3.828809,42.3002,9,b99ce8e3b040eb13ed79211ee9648a94f9dc048de70573e7dd672b429e1dee61,rd=3 psy-rd=2.00 early-skip rskip mode=1 signhide tmvp b-intra strong-intra-smoothing deblock sao
tools,2,4198331640,mt19937,256,256,10,yuv420p,IPB,cqp,32,sao,frame-threads=1:pools=4:log-level=info:keyint=250:min-keyint=25:bframes=4:b-adapt=2:scenecut=0:qp=32:sao=1,983040,448184,,0.45591634114583335,,8917.5,32.9,1,2,7,29.0,32.0,33.71,False,0.6011,18.06,False,8.50504,117.339029,27.4364,55,8.705963,123.187805,27.2251,55,8.094269,105.441388,27.9007,53,8.112122,105.841565,27.8842,50,b99ce8e3b040eb13ed79211ee9648a94f9dc048de70573e7dd672b429e1dee61,rd=3 psy-rd=2.00 early-skip rskip mode=1 signhide tmvp b-intra strong-intra-smoothing deblock sao
tools,2,4198331640,mt19937,256,256,10,yuv420p,IPB,lossless,,no-deblock,frame-threads=1:pools=4:log-level=info:keyint=250:min-keyint=25:bframes=4:b-adapt=2:scenecut=0:lossless=1:deblock=0,983040,1305311,,1.327831013997396,,26060.12,4.0,1,2,7,4.0,4.0,4.0,True,0.4877,22.71,True,0.0,0.0,inf,0,0.0,0.0,inf,0,0.0,0.0,inf,0,0.0,0.0,inf,0,b99ce8e3b040eb13ed79211ee9648a94f9dc048de70573e7dd672b429e1dee61,rd=3 psy-rd=2.00 early-skip rskip mode=1 signhide tmvp b-intra strong-intra-smoothing deblock sao
tools,2,4198331640,mt19937,256,256,10,yuv420p,IPB,cqp,16,no-deblock,frame-threads=1:pools=4:log-level=info:keyint=250:min-keyint=25:bframes=4:b-adapt=2:scenecut=0:qp=16:deblock=0,983040,838974,,0.853448486328125,,16733.3,16.9,1,2,7,13.0,16.0,17.71,False,0.5571,19.63,False,1.429855,3.517355,42.6686,9,1.395432,3.359784,42.8677,9,1.498761,3.836188,42.2918,9,1.498645,3.828809,42.3002,9,b99ce8e3b040eb13ed79211ee9648a94f9dc048de70573e7dd672b429e1dee61,rd=3 psy-rd=2.00 early-skip rskip mode=1 signhide tmvp b-intra strong-intra-smoothing deblock sao
tools,2,4198331640,mt19937,256,256,10,yuv420p,IPB,cqp,32,no-deblock,frame-threads=1:pools=4:log-level=info:keyint=250:min-keyint=25:bframes=4:b-adapt=2:scenecut=0:qp=32:deblock=0,983040,448184,,0.45591634114583335,,8917.5,32.9,1,2,7,29.0,32.0,33.71,False,0.6133,17.68,False,8.50504,117.339029,27.4364,55,8.705963,123.187805,27.2251,55,8.094269,105.441388,27.9007,53,8.112122,105.841565,27.8842,50,b99ce8e3b040eb13ed79211ee9648a94f9dc048de70573e7dd672b429e1dee61,rd=3 psy-rd=2.00 early-skip rskip mode=1 signhide tmvp b-intra strong-intra-smoothing deblock sao
tools,2,4198331640,mt19937,256,256,10,yuv420p,IPB,lossless,,deblock,frame-threads=1:pools=4:log-level=info:keyint=250:min-keyint=25:bframes=4:b-adapt=2:scenecut=0:lossless=1:deblock=1,983040,1305312,,1.32783203125,,26060.14,4.0,1,2,7,4.0,4.0,4.0,True,0.484,22.92,True,0.0,0.0,inf,0,0.0,0.0,inf,0,0.0,0.0,inf,0,0.0,0.0,inf,0,b99ce8e3b040eb13ed79211ee9648a94f9dc048de70573e7dd672b429e1dee61,rd=3 psy-rd=2.00 early-skip rskip mode=1 signhide tmvp b-intra strong-intra-smoothing deblock(tC=1:B=1) sao
tools,2,4198331640,mt19937,256,256,10,yuv420p,IPB,cqp,16,deblock,frame-threads=1:pools=4:log-level=info:keyint=250:min-keyint=25:bframes=4:b-adapt=2:scenecut=0:qp=16:deblock=1,983040,838975,,0.8534495035807291,,16733.32,16.9,1,2,7,13.0,16.0,17.71,False,0.5517,19.84,False,1.429855,3.517355,42.6686,9,1.395432,3.359784,42.8677,9,1.498761,3.836188,42.2918,9,1.498645,3.828809,42.3002,9,b99ce8e3b040eb13ed79211ee9648a94f9dc048de70573e7dd672b429e1dee61,rd=3 psy-rd=2.00 early-skip rskip mode=1 signhide tmvp b-intra strong-intra-smoothing deblock(tC=1:B=1) sao
tools,2,4198331640,mt19937,256,256,10,yuv420p,IPB,cqp,32,deblock,frame-threads=1:pools=4:log-level=info:keyint=250:min-keyint=25:bframes=4:b-adapt=2:scenecut=0:qp=32:deblock=1,983040,448071,,0.4558013916015625,,8915.24,32.9,1,2,7,29.0,32.0,33.71,False,0.5948,18.23,False,8.528235,117.803255,27.4192,59,8.710909,123.092894,27.2285,59,8.149799,106.943744,27.8392,49,8.175977,107.504211,27.8165,50,b99ce8e3b040eb13ed79211ee9648a94f9dc048de70573e7dd672b429e1dee61,rd=3 psy-rd=2.00 early-skip rskip mode=1 signhide tmvp b-intra strong-intra-smoothing deblock(tC=1:B=1) sao
tools,2,4198331640,mt19937,256,256,10,yuv420p,IPB,lossless,,tskip,frame-threads=1:pools=4:log-level=info:keyint=250:min-keyint=25:bframes=4:b-adapt=2:scenecut=0:lossless=1:tskip=1,983040,1305308,,1.3278279622395834,,26060.12,4.0,1,2,7,4.0,4.0,4.0,True,0.4769,23.35,True,0.0,0.0,inf,0,0.0,0.0,inf,0,0.0,0.0,inf,0,0.0,0.0,inf,0,b99ce8e3b040eb13ed79211ee9648a94f9dc048de70573e7dd672b429e1dee61,rd=3 psy-rd=2.00 early-skip rskip mode=1 tskip signhide tmvp b-intra strong-intra-smoothing deblock sao
tools,2,4198331640,mt19937,256,256,10,yuv420p,IPB,cqp,16,tskip,frame-threads=1:pools=4:log-level=info:keyint=250:min-keyint=25:bframes=4:b-adapt=2:scenecut=0:qp=16:tskip=1,983040,844528,,0.8590983072916667,,16844.44,16.9,1,2,7,13.0,16.0,17.71,False,0.6578,16.72,False,1.405396,3.401683,42.8139,10,1.381702,3.29386,42.9538,10,1.455591,3.624329,42.5385,10,1.449976,3.610327,42.5553,10,b99ce8e3b040eb13ed79211ee9648a94f9dc048de70573e7dd672b429e1dee61,rd=3 psy-rd=2.00 early-skip rskip mode=1 tskip signhide tmvp b-intra strong-intra-smoothing deblock sao
tools,2,4198331640,mt19937,256,256,10,yuv420p,IPB,cqp,32,tskip,frame-threads=1:pools=4:log-level=info:keyint=250:min-keyint=25:bframes=4:b-adapt=2:scenecut=0:qp=32:tskip=1,983040,451624,,0.45941569010416666,,8986.36,32.9,1,2,7,29.0,32.0,33.71,False,0.7109,15.27,False,8.401247,114.341378,27.5488,52,8.666556,121.882062,27.2714,52,7.87326,99.305084,28.1611,47,7.867999,99.214935,28.165,50,b99ce8e3b040eb13ed79211ee9648a94f9dc048de70573e7dd672b429e1dee61,rd=3 psy-rd=2.00 early-skip rskip mode=1 tskip signhide tmvp b-intra strong-intra-smoothing deblock sao
tools,2,4198331640,mt19937,256,256,10,yuv420p,IPB,lossless,,tskip-fast,frame-threads=1:pools=4:log-level=info:keyint=250:min-keyint=25:bframes=4:b-adapt=2:scenecut=0:lossless=1:tskip=1:tskip-fast=1,983040,1305305,,1.3278249104817708,,26060.12,4.0,1,2,7,4.0,4.0,4.0,True,0.5272,20.79,True,0.0,0.0,inf,0,0.0,0.0,inf,0,0.0,0.0,inf,0,0.0,0.0,inf,0,b99ce8e3b040eb13ed79211ee9648a94f9dc048de70573e7dd672b429e1dee61,rd=3 psy-rd=2.00 early-skip rskip mode=1 tskip-fast signhide tmvp b-intra strong-intra-smoothing deblock sao
tools,2,4198331640,mt19937,256,256,10,yuv420p,IPB,cqp,16,tskip-fast,frame-threads=1:pools=4:log-level=info:keyint=250:min-keyint=25:bframes=4:b-adapt=2:scenecut=0:qp=16:tskip=1:tskip-fast=1,983040,843421,,0.8579722086588542,,16822.36,16.9,1,2,7,13.0,16.0,17.71,False,0.6129,18.02,False,1.412312,3.431318,42.7762,10,1.38542,3.309297,42.9334,10,1.46723,3.684308,42.4672,9,1.46496,3.666412,42.4884,10,b99ce8e3b040eb13ed79211ee9648a94f9dc048de70573e7dd672b429e1dee61,rd=3 psy-rd=2.00 early-skip rskip mode=1 tskip-fast signhide tmvp b-intra strong-intra-smoothing deblock sao
tools,2,4198331640,mt19937,256,256,10,yuv420p,IPB,cqp,32,tskip-fast,frame-threads=1:pools=4:log-level=info:keyint=250:min-keyint=25:bframes=4:b-adapt=2:scenecut=0:qp=32:tskip=1:tskip-fast=1,983040,451892,,0.45968831380208336,,8991.78,32.9,1,2,7,29.0,32.0,33.71,False,0.6782,16.19,False,8.405682,114.576898,27.5398,55,8.663103,121.873708,27.2717,55,7.895221,100.163959,28.1237,49,7.886462,99.8026,28.1394,48,b99ce8e3b040eb13ed79211ee9648a94f9dc048de70573e7dd672b429e1dee61,rd=3 psy-rd=2.00 early-skip rskip mode=1 tskip-fast signhide tmvp b-intra strong-intra-smoothing deblock sao
tools,2,4198331640,mt19937,256,256,10,yuv420p,IPB,lossless,,amp,frame-threads=1:pools=4:log-level=info:keyint=250:min-keyint=25:bframes=4:b-adapt=2:scenecut=0:lossless=1:amp=1,983040,1305311,,1.327831013997396,,26060.12,4.0,1,2,7,4.0,4.0,4.0,True,0.4707,23.7,True,0.0,0.0,inf,0,0.0,0.0,inf,0,0.0,0.0,inf,0,0.0,0.0,inf,0,b99ce8e3b040eb13ed79211ee9648a94f9dc048de70573e7dd672b429e1dee61,rd=3 psy-rd=2.00 early-skip rskip mode=1 signhide tmvp b-intra strong-intra-smoothing deblock sao
tools,2,4198331640,mt19937,256,256,10,yuv420p,IPB,cqp,16,amp,frame-threads=1:pools=4:log-level=info:keyint=250:min-keyint=25:bframes=4:b-adapt=2:scenecut=0:qp=16:amp=1,983040,838974,,0.853448486328125,,16733.3,16.9,1,2,7,13.0,16.0,17.71,False,0.5926,18.32,False,1.429855,3.517355,42.6686,9,1.395432,3.359784,42.8677,9,1.498761,3.836188,42.2918,9,1.498645,3.828809,42.3002,9,b99ce8e3b040eb13ed79211ee9648a94f9dc048de70573e7dd672b429e1dee61,rd=3 psy-rd=2.00 early-skip rskip mode=1 signhide tmvp b-intra strong-intra-smoothing deblock sao
tools,2,4198331640,mt19937,256,256,10,yuv420p,IPB,cqp,32,amp,frame-threads=1:pools=4:log-level=info:keyint=250:min-keyint=25:bframes=4:b-adapt=2:scenecut=0:qp=32:amp=1,983040,448184,,0.45591634114583335,,8917.5,32.9,1,2,7,29.0,32.0,33.71,False,0.6306,17.11,False,8.50504,117.339029,27.4364,55,8.705963,123.187805,27.2251,55,8.094269,105.441388,27.9007,53,8.112122,105.841565,27.8842,50,b99ce8e3b040eb13ed79211ee9648a94f9dc048de70573e7dd672b429e1dee61,rd=3 psy-rd=2.00 early-skip rskip mode=1 signhide tmvp b-intra strong-intra-smoothing deblock sao
tools,2,4198331640,mt19937,256,256,10,yuv420p,IPB,lossless,,no-rect,frame-threads=1:pools=4:log-level=info:keyint=250:min-keyint=25:bframes=4:b-adapt=2:scenecut=0:lossless=1:rect=0,983040,1305311,,1.327831013997396,,26060.12,4.0,1,2,7,4.0,4.0,4.0,True,0.5114,21.64,True,0.0,0.0,inf,0,0.0,0.0,inf,0,0.0,0.0,inf,0,0.0,0.0,inf,0,b99ce8e3b040eb13ed79211ee9648a94f9dc048de70573e7dd672b429e1dee61,rd=3 psy-rd=2.00 early-skip rskip mode=1 signhide tmvp b-intra strong-intra-smoothing deblock sao
tools,2,4198331640,mt19937,256,256,10,yuv420p,IPB,cqp,16,no-rect,frame-threads=1:pools=4:log-level=info:keyint=250:min-keyint=25:bframes=4:b-adapt=2:scenecut=0:qp=16:rect=0,983040,838974,,0.853448486328125,,16733.3,16.9,1,2,7,13.0,16.0,17.71,False,0.5794,18.87,False,1.429855,3.517355,42.6686,9,1.395432,3.359784,42.8677,9,1.498761,3.836188,42.2918,9,1.498645,3.828809,42.3002,9,b99ce8e3b040eb13ed79211ee9648a94f9dc048de70573e7dd672b429e1dee61,rd=3 psy-rd=2.00 early-skip rskip mode=1 signhide tmvp b-intra strong-intra-smoothing deblock sao
tools,2,4198331640,mt19937,256,256,10,yuv420p,IPB,cqp,32,no-rect,frame-threads=1:pools=4:log-level=info:keyint=250:min-keyint=25:bframes=4:b-adapt=2:scenecut=0:qp=32:rect=0,983040,448184,,0.45591634114583335,,8917.5,32.9,1,2,7,29.0,32.0,33.71,False,0.5908,18.36,False,8.50504,117.339029,27.4364,55,8.705963,123.187805,27.2251,55,8.094269,105.441388,27.9007,53,8.112122,105.841565,27.8842,50,b99ce8e3b040eb13ed79211ee9648a94f9dc048de70573e7dd672b429e1dee61,rd=3 psy-rd=2.00 early-skip rskip mode=1 signhide tmvp b-intra strong-intra-smoothing deblock sao
tools,2,4198331640,mt19937,256,256,10,yuv420p,IPB,lossless,,rd1,frame-threads=1:pools=4:log-level=info:keyint=250:min-keyint=25:bframes=4:b-adapt=2:scenecut=0:lossless=1:rd=1,983040,1314339,,1.3370147705078126,,26240.68,4.0,1,2,7,4.0,4.0,4.0,True,0.3272,35.59,True,0.0,0.0,inf,0,0.0,0.0,inf,0,0.0,0.0,inf,0,0.0,0.0,inf,0,b99ce8e3b040eb13ed79211ee9648a94f9dc048de70573e7dd672b429e1dee61,rd=1 early-skip rskip mode=1 signhide tmvp b-intra strong-intra-smoothing deblock sao
tools,2,4198331640,mt19937,256,256,10,yuv420p,IPB,cqp,16,rd1,frame-threads=1:pools=4:log-level=info:keyint=250:min-keyint=25:bframes=4:b-adapt=2:scenecut=0:qp=16:rd=1,983040,847962,,0.862591552734375,,16913.06,16.9,1,2,7,13.0,16.0,17.71,False,0.3231,37.09,False,1.46557,3.689632,42.461,10,1.436816,3.562286,42.6135,10,1.526385,3.955353,42.159,10,1.519769,3.933295,42.1832,9,b99ce8e3b040eb13ed79211ee9648a94f9dc048de70573e7dd672b429e1dee61,rd=1 early-skip rskip mode=1 signhide tmvp b-intra strong-intra-smoothing deblock sao
tools,2,4198331640,mt19937,256,256,10,yuv420p,IPB,cqp,32,rd1,frame-threads=1:pools=4:log-level=info:keyint=250:min-keyint=25:bframes=4:b-adapt=2:scenecut=0:qp=32:rd=1,983040,445092,,0.45277099609375,,8855.66,32.9,1,2,7,29.0,32.0,33.71,False,0.3521,32.85,False,8.836865,126.762901,27.1009,62,9.020934,132.434111,26.9108,62,8.457996,115.011853,27.5234,51,8.479462,115.829108,27.4926,50,b99ce8e3b040eb13ed79211ee9648a94f9dc048de70573e7dd672b429e1dee61,rd=1 early-skip rskip mode=1 signhide tmvp b-intra strong-intra-smoothing deblock sao
tools,2,4198331640,mt19937,256,256,10,yuv420p,IPB,lossless,,rd3,frame-threads=1:pools=4:log-level=info:keyint=250:min-keyint=25:bframes=4:b-adapt=2:scenecut=0:lossless=1:rd=3,983040,1305311,,1.327831013997396,,26060.12,4.0,1,2,7,4.0,4.0,4.0,True,0.5127,21.44,True,0.0,0.0,inf,0,0.0,0.0,inf,0,0.0,0.0,inf,0,0.0,0.0,inf,0,b99ce8e3b040eb13ed79211ee9648a94f9dc048de70573e7dd672b429e1dee61,rd=3 psy-rd=2.00 early-skip rskip mode=1 signhide tmvp b-intra strong-intra-smoothing deblock sao
tools,2,4198331640,mt19937,256,256,10,yuv420p,IPB,cqp,16,rd3,frame-threads=1:pools=4:log-level=info:keyint=250:min-keyint=25:bframes=4:b-adapt=2:scenecut=0:qp=16:rd=3,983040,838974,,0.853448486328125,,16733.3,16.9,1,2,7,13.0,16.0,17.71,False,0.6164,17.91,False,1.429855,3.517355,42.6686,9,1.395432,3.359784,42.8677,9,1.498761,3.836188,42.2918,9,1.498645,3.828809,42.3002,9,b99ce8e3b040eb13ed79211ee9648a94f9dc048de70573e7dd672b429e1dee61,rd=3 psy-rd=2.00 early-skip rskip mode=1 signhide tmvp b-intra strong-intra-smoothing deblock sao
tools,2,4198331640,mt19937,256,256,10,yuv420p,IPB,cqp,32,rd3,frame-threads=1:pools=4:log-level=info:keyint=250:min-keyint=25:bframes=4:b-adapt=2:scenecut=0:qp=32:rd=3,983040,448184,,0.45591634114583335,,8917.5,32.9,1,2,7,29.0,32.0,33.71,False,0.6412,17.19,False,8.50504,117.339029,27.4364,55,8.705963,123.187805,27.2251,55,8.094269,105.441388,27.9007,53,8.112122,105.841565,27.8842,50,b99ce8e3b040eb13ed79211ee9648a94f9dc048de70573e7dd672b429e1dee61,rd=3 psy-rd=2.00 early-skip rskip mode=1 signhide tmvp b-intra strong-intra-smoothing deblock sao
tools,2,4198331640,mt19937,256,256,10,yuv420p,IPB,lossless,,rd5,frame-threads=1:pools=4:log-level=info:keyint=250:min-keyint=25:bframes=4:b-adapt=2:scenecut=0:lossless=1:rd=5,983040,1296007,,1.318366495768229,,25874.04,4.0,1,2,7,4.0,4.0,4.0,True,0.9498,11.09,True,0.0,0.0,inf,0,0.0,0.0,inf,0,0.0,0.0,inf,0,0.0,0.0,inf,0,b99ce8e3b040eb13ed79211ee9648a94f9dc048de70573e7dd672b429e1dee61,rd=5 psy-rd=2.00 early-skip rskip mode=1 signhide tmvp b-intra strong-intra-smoothing deblock sao
tools,2,4198331640,mt19937,256,256,10,yuv420p,IPB,cqp,16,rd5,frame-threads=1:pools=4:log-level=info:keyint=250:min-keyint=25:bframes=4:b-adapt=2:scenecut=0:qp=16:rd=5,983040,859237,,0.8740610758463542,,17138.56,16.9,1,2,7,13.0,16.0,17.71,False,1.2024,8.73,False,1.23183,2.678721,43.8515,10,1.111575,2.170822,44.7646,7,1.473181,3.699316,42.4496,9,1.471497,3.689722,42.4609,10,b99ce8e3b040eb13ed79211ee9648a94f9dc048de70573e7dd672b429e1dee61,rd=5 psy-rd=2.00 early-skip rskip mode=1 signhide tmvp b-intra strong-intra-smoothing deblock sao
tools,2,4198331640,mt19937,256,256,10,yuv420p,IPB,cqp,32,rd5,frame-threads=1:pools=4:log-level=info:keyint=250:min-keyint=25:bframes=4:b-adapt=2:scenecut=0:qp=32:rd=5,983040,468894,,0.476983642578125,,9331.7,32.9,1,2,7,29.0,32.0,33.71,False,1.1879,8.81,False,7.670056,95.113914,28.3484,53,7.52914,91.75963,28.5043,50,7.950677,101.755438,28.0552,47,7.953101,101.889526,28.0495,53,b99ce8e3b040eb13ed79211ee9648a94f9dc048de70573e7dd672b429e1dee61,rd=5 psy-rd=2.00 early-skip rskip mode=1 signhide tmvp b-intra strong-intra-smoothing deblock sao
tools,2,4198331640,mt19937,256,256,10,yuv420p,IPB,lossless,,rdoq0,frame-threads=1:pools=4:log-level=info:keyint=250:min-keyint=25:bframes=4:b-adapt=2:scenecut=0:lossless=1:rdoq-level=0,983040,1305311,,1.327831013997396,,26060.12,4.0,1,2,7,4.0,4.0,4.0,True,0.4779,23.23,True,0.0,0.0,inf,0,0.0,0.0,inf,0,0.0,0.0,inf,0,0.0,0.0,inf,0,b99ce8e3b040eb13ed79211ee9648a94f9dc048de70573e7dd672b429e1dee61,rd=3 psy-rd=2.00 early-skip rskip mode=1 signhide tmvp b-intra strong-intra-smoothing deblock sao
tools,2,4198331640,mt19937,256,256,10,yuv420p,IPB,cqp,16,rdoq0,frame-threads=1:pools=4:log-level=info:keyint=250:min-keyint=25:bframes=4:b-adapt=2:scenecut=0:qp=16:rdoq-level=0,983040,838974,,0.853448486328125,,16733.3,16.9,1,2,7,13.0,16.0,17.71,False,0.5839,18.74,False,1.429855,3.517355,42.6686,9,1.395432,3.359784,42.8677,9,1.498761,3.836188,42.2918,9,1.498645,3.828809,42.3002,9,b99ce8e3b040eb13ed79211ee9648a94f9dc048de70573e7dd672b429e1dee61,rd=3 psy-rd=2.00 early-skip rskip mode=1 signhide tmvp b-intra strong-intra-smoothing deblock sao
tools,2,4198331640,mt19937,256,256,10,yuv420p,IPB,cqp,32,rdoq0,frame-threads=1:pools=4:log-level=info:keyint=250:min-keyint=25:bframes=4:b-adapt=2:scenecut=0:qp=32:rdoq-level=0,983040,448184,,0.45591634114583335,,8917.5,32.9,1,2,7,29.0,32.0,33.71,False,0.6341,17.23,False,8.50504,117.339029,27.4364,55,8.705963,123.187805,27.2251,55,8.094269,105.441388,27.9007,53,8.112122,105.841565,27.8842,50,b99ce8e3b040eb13ed79211ee9648a94f9dc048de70573e7dd672b429e1dee61,rd=3 psy-rd=2.00 early-skip rskip mode=1 signhide tmvp b-intra strong-intra-smoothing deblock sao
tools,2,4198331640,mt19937,256,256,10,yuv420p,IPB,lossless,,rdoq2,frame-threads=1:pools=4:log-level=info:keyint=250:min-keyint=25:bframes=4:b-adapt=2:scenecut=0:lossless=1:rdoq-level=2,983040,1305311,,1.327831013997396,,26060.12,4.0,1,2,7,4.0,4.0,4.0,True,0.5479,20.51,True,0.0,0.0,inf,0,0.0,0.0,inf,0,0.0,0.0,inf,0,0.0,0.0,inf,0,b99ce8e3b040eb13ed79211ee9648a94f9dc048de70573e7dd672b429e1dee61,rd=3 psy-rd=2.00 rdoq=2 early-skip rskip mode=1 signhide tmvp b-intra strong-intra-smoothing deblock sao
tools,2,4198331640,mt19937,256,256,10,yuv420p,IPB,cqp,16,rdoq2,frame-threads=1:pools=4:log-level=info:keyint=250:min-keyint=25:bframes=4:b-adapt=2:scenecut=0:qp=16:rdoq-level=2,983040,827313,,0.8415863037109375,,16500.08,16.9,1,2,7,13.0,16.0,17.71,False,1.1743,8.97,False,1.097857,2.110235,44.8875,8,1.080623,2.043581,45.0269,8,1.132068,2.243213,44.6221,8,1.132581,2.243872,44.6208,8,b99ce8e3b040eb13ed79211ee9648a94f9dc048de70573e7dd672b429e1dee61,rd=3 psy-rd=2.00 rdoq=2 early-skip rskip mode=1 signhide tmvp b-intra strong-intra-smoothing deblock sao
tools,2,4198331640,mt19937,256,256,10,yuv420p,IPB,cqp,32,rdoq2,frame-threads=1:pools=4:log-level=info:keyint=250:min-keyint=25:bframes=4:b-adapt=2:scenecut=0:qp=32:rdoq-level=2,983040,447411,,0.4551300048828125,,8902.04,32.9,1,2,7,29.0,32.0,33.71,False,1.1722,8.96,False,6.417031,66.840564,29.8804,47,6.585132,70.379706,29.6563,47,6.08335,59.76665,30.3662,37,6.078308,59.75791,30.3668,37,b99ce8e3b040eb13ed79211ee9648a94f9dc048de70573e7dd672b429e1dee61,rd=3 psy-rd=2.00 rdoq=2 early-skip rskip mode=1 signhide tmvp b-intra strong-intra-smoothing deblock sao
tools,2,4198331640,mt19937,256,256,10,yuv420p,IPB,lossless,,no-early-skip,frame-threads=1:pools=4:log-level=info:keyint=250:min-keyint=25:bframes=4:b-adapt=2:scenecut=0:lossless=1:early-skip=0,983040,1305314,,1.3278340657552083,,26060.12,4.0,1,2,7,4.0,4.0,4.0,True,0.5374,20.91,True,0.0,0.0,inf,0,0.0,0.0,inf,0,0.0,0.0,inf,0,0.0,0.0,inf,0,b99ce8e3b040eb13ed79211ee9648a94f9dc048de70573e7dd672b429e1dee61,rd=3 psy-rd=2.00 rskip mode=1 signhide tmvp b-intra strong-intra-smoothing deblock sao
tools,2,4198331640,mt19937,256,256,10,yuv420p,IPB,cqp,16,no-early-skip,frame-threads=1:pools=4:log-level=info:keyint=250:min-keyint=25:bframes=4:b-adapt=2:scenecut=0:qp=16:early-skip=0,983040,838977,,0.8534515380859375,,16733.3,16.9,1,2,7,13.0,16.0,17.71,False,0.6356,17.66,False,1.429855,3.517355,42.6686,9,1.395432,3.359784,42.8677,9,1.498761,3.836188,42.2918,9,1.498645,3.828809,42.3002,9,b99ce8e3b040eb13ed79211ee9648a94f9dc048de70573e7dd672b429e1dee61,rd=3 psy-rd=2.00 rskip mode=1 signhide tmvp b-intra strong-intra-smoothing deblock sao
tools,2,4198331640,mt19937,256,256,10,yuv420p,IPB,cqp,32,no-early-skip,frame-threads=1:pools=4:log-level=info:keyint=250:min-keyint=25:bframes=4:b-adapt=2:scenecut=0:qp=32:early-skip=0,983040,448187,,0.45591939290364586,,8917.5,32.9,1,2,7,29.0,32.0,33.71,False,0.5994,18.55,False,8.50504,117.339029,27.4364,55,8.705963,123.187805,27.2251,55,8.094269,105.441388,27.9007,53,8.112122,105.841565,27.8842,50,b99ce8e3b040eb13ed79211ee9648a94f9dc048de70573e7dd672b429e1dee61,rd=3 psy-rd=2.00 rskip mode=1 signhide tmvp b-intra strong-intra-smoothing deblock sao
tools,2,4198331640,mt19937,256,256,10,yuv420p,IPB,lossless,,early-skip,frame-threads=1:pools=4:log-level=info:keyint=250:min-keyint=25:bframes=4:b-adapt=2:scenecut=0:lossless=1:early-skip=1,983040,1305311,,1.327831013997396,,26060.12,4.0,1,2,7,4.0,4.0,4.0,True,0.4961,22.41,True,0.0,0.0,inf,0,0.0,0.0,inf,0,0.0,0.0,inf,0,0.0,0.0,inf,0,b99ce8e3b040eb13ed79211ee9648a94f9dc048de70573e7dd672b429e1dee61,rd=3 psy-rd=2.00 early-skip rskip mode=1 signhide tmvp b-intra strong-intra-smoothing deblock sao
tools,2,4198331640,mt19937,256,256,10,yuv420p,IPB,cqp,16,early-skip,frame-threads=1:pools=4:log-level=info:keyint=250:min-keyint=25:bframes=4:b-adapt=2:scenecut=0:qp=16:early-skip=1,983040,838974,,0.853448486328125,,16733.3,16.9,1,2,7,13.0,16.0,17.71,False,0.5755,19.2,False,1.429855,3.517355,42.6686,9,1.395432,3.359784,42.8677,9,1.498761,3.836188,42.2918,9,1.498645,3.828809,42.3002,9,b99ce8e3b040eb13ed79211ee9648a94f9dc048de70573e7dd672b429e1dee61,rd=3 psy-rd=2.00 early-skip rskip mode=1 signhide tmvp b-intra strong-intra-smoothing deblock sao
tools,2,4198331640,mt19937,256,256,10,yuv420p,IPB,cqp,32,early-skip,frame-threads=1:pools=4:log-level=info:keyint=250:min-keyint=25:bframes=4:b-adapt=2:scenecut=0:qp=32:early-skip=1,983040,448184,,0.45591634114583335,,8917.5,32.9,1,2,7,29.0,32.0,33.71,False,0.6542,16.71,False,8.50504,117.339029,27.4364,55,8.705963,123.187805,27.2251,55,8.094269,105.441388,27.9007,53,8.112122,105.841565,27.8842,50,b99ce8e3b040eb13ed79211ee9648a94f9dc048de70573e7dd672b429e1dee61,rd=3 psy-rd=2.00 early-skip rskip mode=1 signhide tmvp b-intra strong-intra-smoothing deblock sao
tools,2,4198331640,mt19937,256,256,10,yuv420p,IPB,lossless,,cu-lossless,frame-threads=1:pools=4:log-level=info:keyint=250:min-keyint=25:bframes=4:b-adapt=2:scenecut=0:lossless=1:cu-lossless=1,983040,1305308,,1.3278279622395834,,26060.12,4.0,1,2,7,4.0,4.0,4.0,True,0.5436,20.82,True,0.0,0.0,inf,0,0.0,0.0,inf,0,0.0,0.0,inf,0,0.0,0.0,inf,0,b99ce8e3b040eb13ed79211ee9648a94f9dc048de70573e7dd672b429e1dee61,rd=3 psy-rd=2.00 early-skip rskip mode=1 cu-lossless signhide tmvp b-intra strong-intra-smoothing deblock sao
tools,2,4198331640,mt19937,256,256,10,yuv420p,IPB,cqp,16,cu-lossless,frame-threads=1:pools=4:log-level=info:keyint=250:min-keyint=25:bframes=4:b-adapt=2:scenecut=0:qp=16:cu-lossless=1,983040,840772,,0.8552775065104167,,16769.32,16.9,1,2,7,13.0,16.0,17.71,False,0.6665,16.59,False,1.422965,3.487089,42.7062,10,1.388828,3.327917,42.9091,9,1.492694,3.808502,42.3233,9,1.489789,3.802362,42.3303,10,b99ce8e3b040eb13ed79211ee9648a94f9dc048de70573e7dd672b429e1dee61,rd=3 psy-rd=2.00 early-skip rskip mode=1 cu-lossless signhide tmvp b-intra strong-intra-smoothing deblock sao
tools,2,4198331640,mt19937,256,256,10,yuv420p,IPB,cqp,32,cu-lossless,frame-threads=1:pools=4:log-level=info:keyint=250:min-keyint=25:bframes=4:b-adapt=2:scenecut=0:qp=32:cu-lossless=1,983040,448342,,0.4560770670572917,,8920.72,32.9,1,2,7,29.0,32.0,33.71,False,0.6966,15.59,False,8.495982,116.97655,27.4498,60,8.688757,122.500574,27.2494,60,8.09682,105.632391,27.8928,51,8.124042,106.224615,27.8686,48,b99ce8e3b040eb13ed79211ee9648a94f9dc048de70573e7dd672b429e1dee61,rd=3 psy-rd=2.00 early-skip rskip mode=1 cu-lossless signhide tmvp b-intra strong-intra-smoothing deblock sao
tools,2,4198331640,mt19937,256,256,10,yuv420p,IPB,lossless,,ref1,frame-threads=1:pools=4:log-level=info:keyint=250:min-keyint=25:bframes=4:b-adapt=2:scenecut=0:lossless=1:ref=1,983040,1306261,,1.3287974039713542,,26079.12,4.0,1,2,7,4.0,4.0,4.0,True,0.4916,22.78,True,0.0,0.0,inf,0,0.0,0.0,inf,0,0.0,0.0,inf,0,0.0,0.0,inf,0,b99ce8e3b040eb13ed79211ee9648a94f9dc048de70573e7dd672b429e1dee61,rd=3 psy-rd=2.00 early-skip rskip mode=1 signhide tmvp b-intra strong-intra-smoothing deblock sao
tools,2,4198331640,mt19937,256,256,10,yuv420p,IPB,cqp,16,ref1,frame-threads=1:pools=4:log-level=info:keyint=250:min-keyint=25:bframes=4:b-adapt=2:scenecut=0:qp=16:ref=1,983040,839931,,0.8544219970703125,,16752.44,16.9,1,2,7,13.0,16.0,17.71,False,0.5804,18.9,False,1.427617,3.507543,42.6808,10,1.393661,3.351898,42.8779,10,1.496912,3.823059,42.3067,9,1.494147,3.814606,42.3163,10,b99ce8e3b040eb13ed79211ee9648a94f9dc048de70573e7dd672b429e1dee61,rd=3 psy-rd=2.00 early-skip rskip mode=1 signhide tmvp b-intra strong-intra-smoothing deblock sao
tools,2,4198331640,mt19937,256,256,10,yuv420p,IPB,cqp,32,ref1,frame-threads=1:pools=4:log-level=info:keyint=250:min-keyint=25:bframes=4:b-adapt=2:scenecut=0:qp=32:ref=1,983040,446310,,0.454010009765625,,8880.02,32.9,1,2,7,29.0,32.0,33.71,False,0.655,16.82,False,8.537885,118.111938,27.4079,56,8.736183,123.872838,27.201,56,8.146515,106.827216,27.844,50,8.13606,106.353064,27.8633,50,b99ce8e3b040eb13ed79211ee9648a94f9dc048de70573e7dd672b429e1dee61,rd=3 psy-rd=2.00 early-skip rskip mode=1 signhide tmvp b-intra strong-intra-smoothing deblock sao
tools,2,4198331640,mt19937,256,256,10,yuv420p,IPB,lossless,,ref5,frame-threads=1:pools=4:log-level=info:keyint=250:min-keyint=25:bframes=4:b-adapt=2:scenecut=0:lossless=1:ref=5,983040,1305311,,1.327831013997396,,26060.12,4.0,1,2,7,4.0,4.0,4.0,True,0.4864,23.08,True,0.0,0.0,inf,0,0.0,0.0,inf,0,0.0,0.0,inf,0,0.0,0.0,inf,0,b99ce8e3b040eb13ed79211ee9648a94f9dc048de70573e7dd672b429e1dee61,rd=3 psy-rd=2.00 early-skip rskip mode=1 signhide tmvp b-intra strong-intra-smoothing deblock sao
tools,2,4198331640,mt19937,256,256,10,yuv420p,IPB,cqp,16,ref5,frame-threads=1:pools=4:log-level=info:keyint=250:min-keyint=25:bframes=4:b-adapt=2:scenecut=0:qp=16:ref=5,983040,839141,,0.8536183675130208,,16736.64,16.9,1,2,7,13.0,16.0,17.71,False,0.5929,18.47,False,1.430401,3.520816,42.6644,9,1.395895,3.363385,42.863,9,1.498199,3.826532,42.3028,9,1.500623,3.844824,42.282,9,b99ce8e3b040eb13ed79211ee9648a94f9dc048de70573e7dd672b429e1dee61,rd=3 psy-rd=2.00 early-skip rskip mode=1 signhide tmvp b-intra strong-intra-smoothing deblock sao
tools,2,4198331640,mt19937,256,256,10,yuv420p,IPB,cqp,32,ref5,frame-threads=1:pools=4:log-level=info:keyint=250:min-keyint=25:bframes=4:b-adapt=2:scenecut=0:qp=32:ref=5,983040,448386,,0.456121826171875,,8921.54,32.9,1,2,7,29.0,32.0,33.71,False,0.6386,17.18,False,8.500549,117.105825,27.445,56,8.695454,122.814644,27.2383,56,8.103705,105.445013,27.9005,47,8.117773,105.93136,27.8806,50,b99ce8e3b040eb13ed79211ee9648a94f9dc048de70573e7dd672b429e1dee61,rd=3 psy-rd=2.00 early-skip rskip mode=1 signhide tmvp b-intra strong-intra-smoothing deblock sao
tools,2,4198331640,mt19937,256,256,10,yuv420p,IPB,lossless,,no-weightp,frame-threads=1:pools=4:log-level=info:keyint=250:min-keyint=25:bframes=4:b-adapt=2:scenecut=0:lossless=1:weightp=0,983040,1305338,,1.3278584798177084,,26060.6,4.0,1,2,7,4.0,4.0,4.0,True,0.5035,22.04,True,0.0,0.0,inf,0,0.0,0.0,inf,0,0.0,0.0,inf,0,0.0,0.0,inf,0,b99ce8e3b040eb13ed79211ee9648a94f9dc048de70573e7dd672b429e1dee61,rd=3 psy-rd=2.00 early-skip rskip mode=1 signhide tmvp b-intra strong-intra-smoothing deblock sao
tools,2,4198331640,mt19937,256,256,10,yuv420p,IPB,cqp,16,no-weightp,frame-threads=1:pools=4:log-level=info:keyint=250:min-keyint=25:bframes=4:b-adapt=2:scenecut=0:qp=16:weightp=0,983040,839602,,0.8540873209635417,,16745.8,16.9,1,2,7,13.0,16.0,17.71,False,0.5948,18.51,False,1.428183,3.509427,42.6784,9,1.393855,3.351039,42.879,9,1.49729,3.826721,42.3025,9,1.496387,3.825684,42.3037,9,b99ce8e3b040eb13ed79211ee9648a94f9dc048de70573e7dd672b429e1dee61,rd=3 psy-rd=2.00 early-skip rskip mode=1 signhide tmvp b-intra strong-intra-smoothing deblock sao
tools,2,4198331640,mt19937,256,256,10,yuv420p,IPB,cqp,32,no-weightp,frame-threads=1:pools=4:log-level=info:keyint=250:min-keyint=25:bframes=4:b-adapt=2:scenecut=0:qp=32:weightp=0,983040,447952,,0.4556803385416667,,8912.8,32.9,1,2,7,29.0,32.0,33.71,False,0.7103,15.11,False,8.497646,117.132117,27.444,57,8.687498,122.65659,27.2439,57,8.108783,105.997247,27.8779,53,8.1271,106.169092,27.8708,51,b99ce8e3b040eb13ed79211ee9648a94f9dc048de70573e7dd672b429e1dee61,rd=3 psy-rd=2.00 early-skip rskip mode=1 signhide tmvp b-intra strong-intra-smoothing deblock sao
tools,2,4198331640,mt19937,256,256,10,yuv420p,IPB,lossless,,weightb,frame-threads=1:pools=4:log-level=info:keyint=250:min-keyint=25:bframes=4:b-adapt=2:scenecut=0:lossless=1:weightb=1,983040,1305230,,1.3277486165364583,,26058.56,4.0,1,2,7,4.0,4.0,4.0,True,0.5894,19.5,True,0.0,0.0,inf,0,0.0,0.0,inf,0,0.0,0.0,inf,0,0.0,0.0,inf,0,b99ce8e3b040eb13ed79211ee9648a94f9dc048de70573e7dd672b429e1dee61,rd=3 psy-rd=2.00 early-skip rskip mode=1 signhide tmvp b-intra strong-intra-smoothing deblock sao
tools,2,4198331640,mt19937,256,256,10,yuv420p,IPB,cqp,16,weightb,frame-threads=1:pools=4:log-level=info:keyint=250:min-keyint=25:bframes=4:b-adapt=2:scenecut=0:qp=16:weightb=1,983040,839951,,0.8544423421223958,,16752.9,16.9,1,2,7,13.0,16.0,17.71,False,0.6082,18.14,False,1.427394,3.505053,42.6839,9,1.394026,3.352879,42.8766,9,1.492957,3.805737,42.3264,9,1.4953,3.813062,42.3181,9,b99ce8e3b040eb13ed79211ee9648a94f9dc048de70573e7dd672b429e1dee61,rd=3 psy-rd=2.00 early-skip rskip mode=1 signhide tmvp b-intra strong-intra-smoothing deblock sao
tools,2,4198331640,mt19937,256,256,10,yuv420p,IPB,cqp,32,weightb,frame-threads=1:pools=4:log-level=info:keyint=250:min-keyint=25:bframes=4:b-adapt=2:scenecut=0:qp=32:weightb=1,983040,447961,,0.45568949381510415,,8913.1,32.9,1,2,7,29.0,32.0,33.71,False,0.6469,16.68,False,8.501523,117.209262,27.4412,55,8.701195,122.994276,27.232,55,8.093158,105.379559,27.9032,53,8.1112,105.898907,27.8819,50,b99ce8e3b040eb13ed79211ee9648a94f9dc048de70573e7dd672b429e1dee61,rd=3 psy-rd=2.00 early-skip rskip mode=1 signhide tmvp b-intra strong-intra-smoothing deblock sao
tools,2,4198331640,mt19937,256,256,10,yuv420p,IPB,lossless,,scenecut-default,frame-threads=1:pools=4:log-level=info:keyint=250:min-keyint=25:bframes=4:b-adapt=2:scenecut=0:lossless=1:scenecut=40,983040,1303924,,1.3264200846354166,,26032.36,4.0,2,2,6,4.0,4.0,4.0,True,0.5467,20.39,True,0.0,0.0,inf,0,0.0,0.0,inf,0,0.0,0.0,inf,0,0.0,0.0,inf,0,b99ce8e3b040eb13ed79211ee9648a94f9dc048de70573e7dd672b429e1dee61,rd=3 psy-rd=2.00 early-skip rskip mode=1 signhide tmvp b-intra strong-intra-smoothing deblock sao
tools,2,4198331640,mt19937,256,256,10,yuv420p,IPB,cqp,16,scenecut-default,frame-threads=1:pools=4:log-level=info:keyint=250:min-keyint=25:bframes=4:b-adapt=2:scenecut=0:qp=16:scenecut=40,983040,853921,,0.8686533610026042,,17032.22,16.4,2,2,6,13.0,16.0,17.67,False,0.5861,18.8,False,1.322009,3.143807,43.1562,10,1.288129,2.998468,43.3618,9,1.389447,3.434369,42.7723,9,1.390094,3.434601,42.772,10,b99ce8e3b040eb13ed79211ee9648a94f9dc048de70573e7dd672b429e1dee61,rd=3 psy-rd=2.00 early-skip rskip mode=1 signhide tmvp b-intra strong-intra-smoothing deblock sao
tools,2,4198331640,mt19937,256,256,10,yuv420p,IPB,cqp,32,scenecut-default,frame-threads=1:pools=4:log-level=info:keyint=250:min-keyint=25:bframes=4:b-adapt=2:scenecut=0:qp=32:scenecut=40,983040,459598,,0.46752726236979164,,9145.76,32.4,2,2,6,29.0,32.0,33.67,False,0.5884,18.47,False,7.972514,105.425252,27.9014,60,8.138295,110.24792,27.7071,60,7.655975,96.149677,28.3013,51,7.625928,95.410156,28.3349,47,b99ce8e3b040eb13ed79211ee9648a94f9dc048de70573e7dd672b429e1dee61,rd=3 psy-rd=2.00 early-skip rskip mode=1 signhide tmvp b-intra strong-intra-smoothing deblock sao
tools,2,4198331640,mt19937,256,256,10,yuv420p,IPB,lossless,,aq0,frame-threads=1:pools=4:log-level=info:keyint=250:min-keyint=25:bframes=4:b-adapt=2:scenecut=0:lossless=1:aq-mode=0,983040,1305311,,1.327831013997396,,26060.12,4.0,1,2,7,4.0,4.0,4.0,True,0.5183,21.57,True,0.0,0.0,inf,0,0.0,0.0,inf,0,0.0,0.0,inf,0,0.0,0.0,inf,0,b99ce8e3b040eb13ed79211ee9648a94f9dc048de70573e7dd672b429e1dee61,rd=3 psy-rd=2.00 early-skip rskip mode=1 signhide tmvp b-intra strong-intra-smoothing deblock sao
tools,2,4198331640,mt19937,256,256,10,yuv420p,IPB,cqp,16,aq0,frame-threads=1:pools=4:log-level=info:keyint=250:min-keyint=25:bframes=4:b-adapt=2:scenecut=0:qp=16:aq-mode=0,983040,838974,,0.853448486328125,,16733.3,16.9,1,2,7,13.0,16.0,17.71,False,0.5596,19.82,False,1.429855,3.517355,42.6686,9,1.395432,3.359784,42.8677,9,1.498761,3.836188,42.2918,9,1.498645,3.828809,42.3002,9,b99ce8e3b040eb13ed79211ee9648a94f9dc048de70573e7dd672b429e1dee61,rd=3 psy-rd=2.00 early-skip rskip mode=1 signhide tmvp b-intra strong-intra-smoothing deblock sao
tools,2,4198331640,mt19937,256,256,10,yuv420p,IPB,cqp,32,aq0,frame-threads=1:pools=4:log-level=info:keyint=250:min-keyint=25:bframes=4:b-adapt=2:scenecut=0:qp=32:aq-mode=0,983040,448184,,0.45591634114583335,,8917.5,32.9,1,2,7,29.0,32.0,33.71,False,0.6532,16.66,False,8.50504,117.339029,27.4364,55,8.705963,123.187805,27.2251,55,8.094269,105.441388,27.9007,53,8.112122,105.841565,27.8842,50,b99ce8e3b040eb13ed79211ee9648a94f9dc048de70573e7dd672b429e1dee61,rd=3 psy-rd=2.00 early-skip rskip mode=1 signhide tmvp b-intra strong-intra-smoothing deblock sao
tools,2,4198331640,mt19937,256,256,10,yuv420p,IPB,lossless,,aq1,frame-threads=1:pools=4:log-level=info:keyint=250:min-keyint=25:bframes=4:b-adapt=2:scenecut=0:lossless=1:aq-mode=1,983040,1305311,,1.327831013997396,,26060.12,4.0,1,2,7,4.0,4.0,4.0,True,0.5169,21.74,True,0.0,0.0,inf,0,0.0,0.0,inf,0,0.0,0.0,inf,0,0.0,0.0,inf,0,b99ce8e3b040eb13ed79211ee9648a94f9dc048de70573e7dd672b429e1dee61,rd=3 psy-rd=2.00 early-skip rskip mode=1 signhide tmvp b-intra strong-intra-smoothing deblock sao
tools,2,4198331640,mt19937,256,256,10,yuv420p,IPB,cqp,16,aq1,frame-threads=1:pools=4:log-level=info:keyint=250:min-keyint=25:bframes=4:b-adapt=2:scenecut=0:qp=16:aq-mode=1,983040,838974,,0.853448486328125,,16733.3,16.9,1,2,7,13.0,16.0,17.71,False,0.6281,17.49,False,1.429855,3.517355,42.6686,9,1.395432,3.359784,42.8677,9,1.498761,3.836188,42.2918,9,1.498645,3.828809,42.3002,9,b99ce8e3b040eb13ed79211ee9648a94f9dc048de70573e7dd672b429e1dee61,rd=3 psy-rd=2.00 early-skip rskip mode=1 signhide tmvp b-intra strong-intra-smoothing deblock sao
tools,2,4198331640,mt19937,256,256,10,yuv420p,IPB,cqp,32,aq1,frame-threads=1:pools=4:log-level=info:keyint=250:min-keyint=25:bframes=4:b-adapt=2:scenecut=0:qp=32:aq-mode=1,983040,448184,,0.45591634114583335,,8917.5,32.9,1,2,7,29.0,32.0,33.71,False,0.6456,17.04,False,8.50504,117.339029,27.4364,55,8.705963,123.187805,27.2251,55,8.094269,105.441388,27.9007,53,8.112122,105.841565,27.8842,50,b99ce8e3b040eb13ed79211ee9648a94f9dc048de70573e7dd672b429e1dee61,rd=3 psy-rd=2.00 early-skip rskip mode=1 signhide tmvp b-intra strong-intra-smoothing deblock sao
tools,2,4198331640,mt19937,256,256,10,yuv420p,IPB,lossless,,aq2,frame-threads=1:pools=4:log-level=info:keyint=250:min-keyint=25:bframes=4:b-adapt=2:scenecut=0:lossless=1:aq-mode=2,983040,1305311,,1.327831013997396,,26060.12,4.0,1,2,7,4.0,4.0,4.0,True,0.5133,21.53,True,0.0,0.0,inf,0,0.0,0.0,inf,0,0.0,0.0,inf,0,0.0,0.0,inf,0,b99ce8e3b040eb13ed79211ee9648a94f9dc048de70573e7dd672b429e1dee61,rd=3 psy-rd=2.00 early-skip rskip mode=1 signhide tmvp b-intra strong-intra-smoothing deblock sao
tools,2,4198331640,mt19937,256,256,10,yuv420p,IPB,cqp,16,aq2,frame-threads=1:pools=4:log-level=info:keyint=250:min-keyint=25:bframes=4:b-adapt=2:scenecut=0:qp=16:aq-mode=2,983040,838974,,0.853448486328125,,16733.3,16.9,1,2,7,13.0,16.0,17.71,False,0.561,19.93,False,1.429855,3.517355,42.6686,9,1.395432,3.359784,42.8677,9,1.498761,3.836188,42.2918,9,1.498645,3.828809,42.3002,9,b99ce8e3b040eb13ed79211ee9648a94f9dc048de70573e7dd672b429e1dee61,rd=3 psy-rd=2.00 early-skip rskip mode=1 signhide tmvp b-intra strong-intra-smoothing deblock sao
tools,2,4198331640,mt19937,256,256,10,yuv420p,IPB,cqp,32,aq2,frame-threads=1:pools=4:log-level=info:keyint=250:min-keyint=25:bframes=4:b-adapt=2:scenecut=0:qp=32:aq-mode=2,983040,448184,,0.45591634114583335,,8917.5,32.9,1,2,7,29.0,32.0,33.71,False,0.6433,17.08,False,8.50504,117.339029,27.4364,55,8.705963,123.187805,27.2251,55,8.094269,105.441388,27.9007,53,8.112122,105.841565,27.8842,50,b99ce8e3b040eb13ed79211ee9648a94f9dc048de70573e7dd672b429e1dee61,rd=3 psy-rd=2.00 early-skip rskip mode=1 signhide tmvp b-intra strong-intra-smoothing deblock sao
tools,2,4198331640,mt19937,256,256,10,yuv420p,IPB,lossless,,aq3,frame-threads=1:pools=4:log-level=info:keyint=250:min-keyint=25:bframes=4:b-adapt=2:scenecut=0:lossless=1:aq-mode=3,983040,1305311,,1.327831013997396,,26060.12,4.0,1,2,7,4.0,4.0,4.0,True,0.508,21.69,True,0.0,0.0,inf,0,0.0,0.0,inf,0,0.0,0.0,inf,0,0.0,0.0,inf,0,b99ce8e3b040eb13ed79211ee9648a94f9dc048de70573e7dd672b429e1dee61,rd=3 psy-rd=2.00 early-skip rskip mode=1 signhide tmvp b-intra strong-intra-smoothing deblock sao
tools,2,4198331640,mt19937,256,256,10,yuv420p,IPB,cqp,16,aq3,frame-threads=1:pools=4:log-level=info:keyint=250:min-keyint=25:bframes=4:b-adapt=2:scenecut=0:qp=16:aq-mode=3,983040,838974,,0.853448486328125,,16733.3,16.9,1,2,7,13.0,16.0,17.71,False,0.577,19.05,False,1.429855,3.517355,42.6686,9,1.395432,3.359784,42.8677,9,1.498761,3.836188,42.2918,9,1.498645,3.828809,42.3002,9,b99ce8e3b040eb13ed79211ee9648a94f9dc048de70573e7dd672b429e1dee61,rd=3 psy-rd=2.00 early-skip rskip mode=1 signhide tmvp b-intra strong-intra-smoothing deblock sao
tools,2,4198331640,mt19937,256,256,10,yuv420p,IPB,cqp,32,aq3,frame-threads=1:pools=4:log-level=info:keyint=250:min-keyint=25:bframes=4:b-adapt=2:scenecut=0:qp=32:aq-mode=3,983040,448184,,0.45591634114583335,,8917.5,32.9,1,2,7,29.0,32.0,33.71,False,0.6231,17.56,False,8.50504,117.339029,27.4364,55,8.705963,123.187805,27.2251,55,8.094269,105.441388,27.9007,53,8.112122,105.841565,27.8842,50,b99ce8e3b040eb13ed79211ee9648a94f9dc048de70573e7dd672b429e1dee61,rd=3 psy-rd=2.00 early-skip rskip mode=1 signhide tmvp b-intra strong-intra-smoothing deblock sao
tools,2,4198331640,mt19937,256,256,10,yuv420p,IPB,lossless,,psy-rd0,frame-threads=1:pools=4:log-level=info:keyint=250:min-keyint=25:bframes=4:b-adapt=2:scenecut=0:lossless=1:psy-rd=0,983040,1305226,,1.3277445475260417,,26058.42,4.0,1,2,7,4.0,4.0,4.0,True,0.5007,22.22,True,0.0,0.0,inf,0,0.0,0.0,inf,0,0.0,0.0,inf,0,0.0,0.0,inf,0,b99ce8e3b040eb13ed79211ee9648a94f9dc048de70573e7dd672b429e1dee61,rd=3 early-skip rskip mode=1 signhide tmvp b-intra strong-intra-smoothing deblock sao
tools,2,4198331640,mt19937,256,256,10,yuv420p,IPB,cqp,16,psy-rd0,frame-threads=1:pools=4:log-level=info:keyint=250:min-keyint=25:bframes=4:b-adapt=2:scenecut=0:qp=16:psy-rd=0,983040,827470,,0.8417460123697916,,16503.22,16.9,1,2,7,13.0,16.0,17.71,False,0.5839,18.77,False,1.445296,3.584143,42.587,10,1.407066,3.406673,42.8075,9,1.523956,3.946661,42.1685,10,1.519556,3.931506,42.1852,9,b99ce8e3b040eb13ed79211ee9648a94f9dc048de70573e7dd672b429e1dee61,rd=3 early-skip rskip mode=1 signhide tmvp b-intra strong-intra-smoothing deblock sao
tools,2,4198331640,mt19937,256,256,10,yuv420p,IPB,cqp,32,psy-rd0,frame-threads=1:pools=4:log-level=info:keyint=250:min-keyint=25:bframes=4:b-adapt=2:scenecut=0:qp=32:psy-rd=0,983040,430730,,0.4381612141927083,,8568.42,32.9,1,2,7,29.0,32.0,33.71,False,0.6006,18.73,False,8.702916,122.528608,27.2484,56,8.909921,128.537,27.0405,56,8.280072,110.244464,27.7072,53,8.297742,110.779187,27.6862,49,b99ce8e3b040eb13ed79211ee9648a94f9dc048de70573e7dd672b429e1dee61,rd=3 early-skip rskip mode=1 signhide tmvp b-intra strong-intra-smoothing deblock sao
tools,2,4198331640,mt19937,256,256,10,yuv420p,IPB,lossless,,psy-rd2,frame-threads=1:pools=4:log-level=info:keyint=250:min-keyint=25:bframes=4:b-adapt=2:scenecut=0:lossless=1:psy-rd=2.0,983040,1305311,,1.327831013997396,,26060.12,4.0,1,2,7,4.0,4.0,4.0,True,0.512,21.97,True,0.0,0.0,inf,0,0.0,0.0,inf,0,0.0,0.0,inf,0,0.0,0.0,inf,0,b99ce8e3b040eb13ed79211ee9648a94f9dc048de70573e7dd672b429e1dee61,rd=3 psy-rd=2.00 early-skip rskip mode=1 signhide tmvp b-intra strong-intra-smoothing deblock sao
tools,2,4198331640,mt19937,256,256,10,yuv420p,IPB,cqp,16,psy-rd2,frame-threads=1:pools=4:log-level=info:keyint=250:min-keyint=25:bframes=4:b-adapt=2:scenecut=0:qp=16:psy-rd=2.0,983040,838974,,0.853448486328125,,16733.3,16.9,1,2,7,13.0,16.0,17.71,False,0.6018,18.29,False,1.429855,3.517355,42.6686,9,1.395432,3.359784,42.8677,9,1.498761,3.836188,42.2918,9,1.498645,3.828809,42.3002,9,b99ce8e3b040eb13ed79211ee9648a94f9dc048de70573e7dd672b429e1dee61,rd=3 psy-rd=2.00 early-skip rskip mode=1 signhide tmvp b-intra strong-intra-smoothing deblock sao
tools,2,4198331640,mt19937,256,256,10,yuv420p,IPB,cqp,32,psy-rd2,frame-threads=1:pools=4:log-level=info:keyint=250:min-keyint=25:bframes=4:b-adapt=2:scenecut=0:qp=32:psy-rd=2.0,983040,448184,,0.45591634114583335,,8917.5,32.9,1,2,7,29.0,32.0,33.71,False,0.6566,16.67,False,8.50504,117.339029,27.4364,55,8.705963,123.187805,27.2251,55,8.094269,105.441388,27.9007,53,8.112122,105.841565,27.8842,50,b99ce8e3b040eb13ed79211ee9648a94f9dc048de70573e7dd672b429e1dee61,rd=3 psy-rd=2.00 early-skip rskip mode=1 signhide tmvp b-intra strong-intra-smoothing deblock sao
tools,2,4198331640,mt19937,256,256,10,yuv420p,IPB,lossless,,psy-rdoq2.5,frame-threads=1:pools=4:log-level=info:keyint=250:min-keyint=25:bframes=4:b-adapt=2:scenecut=0:lossless=1:psy-rdoq=2.5:rdoq-level=2,983040,1305311,,1.327831013997396,,26060.12,4.0,1,2,7,4.0,4.0,4.0,True,0.5463,20.45,True,0.0,0.0,inf,0,0.0,0.0,inf,0,0.0,0.0,inf,0,0.0,0.0,inf,0,b99ce8e3b040eb13ed79211ee9648a94f9dc048de70573e7dd672b429e1dee61,rd=3 psy-rd=2.00 rdoq=2 psy-rdoq=2.50 early-skip rskip mode=1 signhide tmvp b-intra strong-intra-smoothing deblock sao
tools,2,4198331640,mt19937,256,256,10,yuv420p,IPB,cqp,16,psy-rdoq2.5,frame-threads=1:pools=4:log-level=info:keyint=250:min-keyint=25:bframes=4:b-adapt=2:scenecut=0:qp=16:psy-rdoq=2.5:rdoq-level=2,983040,827937,,0.8422210693359375,,16512.56,16.9,1,2,7,13.0,16.0,17.71,False,1.1193,9.34,False,1.095951,2.104183,44.9,7,1.077353,2.034021,45.0472,7,1.132202,2.241272,44.6259,7,1.134094,2.247742,44.6133,7,b99ce8e3b040eb13ed79211ee9648a94f9dc048de70573e7dd672b429e1dee61,rd=3 psy-rd=2.00 rdoq=2 psy-rdoq=2.50 early-skip rskip mode=1 signhide tmvp b-intra strong-intra-smoothing deblock sao
tools,2,4198331640,mt19937,256,256,10,yuv420p,IPB,cqp,32,psy-rdoq2.5,frame-threads=1:pools=4:log-level=info:keyint=250:min-keyint=25:bframes=4:b-adapt=2:scenecut=0:qp=32:psy-rdoq=2.5:rdoq-level=2,983040,448430,,0.4561665852864583,,8922.42,32.9,1,2,7,29.0,32.0,33.71,False,1.2695,8.27,False,6.383939,66.107093,29.9283,47,6.536482,69.306404,29.7231,47,6.080798,59.695886,30.3714,37,6.076904,59.721057,30.3695,37,b99ce8e3b040eb13ed79211ee9648a94f9dc048de70573e7dd672b429e1dee61,rd=3 psy-rd=2.00 rdoq=2 psy-rdoq=2.50 early-skip rskip mode=1 signhide tmvp b-intra strong-intra-smoothing deblock sao
tools,2,4198331640,mt19937,256,256,10,yuv420p,IPB,lossless,,ctu32,frame-threads=1:pools=4:log-level=info:keyint=250:min-keyint=25:bframes=4:b-adapt=2:scenecut=0:lossless=1:ctu=32,983040,1306265,,1.3288014729817708,,26079.2,4.0,1,2,7,4.0,4.0,4.0,True,0.4246,26.74,True,0.0,0.0,inf,0,0.0,0.0,inf,0,0.0,0.0,inf,0,0.0,0.0,inf,0,b99ce8e3b040eb13ed79211ee9648a94f9dc048de70573e7dd672b429e1dee61,rd=3 psy-rd=2.00 early-skip rskip mode=1 signhide tmvp b-intra strong-intra-smoothing deblock sao
tools,2,4198331640,mt19937,256,256,10,yuv420p,IPB,cqp,16,ctu32,frame-threads=1:pools=4:log-level=info:keyint=250:min-keyint=25:bframes=4:b-adapt=2:scenecut=0:qp=16:ctu=32,983040,847420,,0.8620402018229166,,16902.22,16.9,1,2,7,13.0,16.0,17.71,False,0.4554,25.11,False,1.416452,3.459095,42.7412,9,1.38649,3.322284,42.9164,9,1.474329,3.727502,42.4166,9,1.478424,3.737933,42.4045,9,b99ce8e3b040eb13ed79211ee9648a94f9dc048de70573e7dd672b429e1dee61,rd=3 psy-rd=2.00 early-skip rskip mode=1 signhide tmvp b-intra strong-intra-smoothing deblock sao
tools,2,4198331640,mt19937,256,256,10,yuv420p,IPB,cqp,32,ctu32,frame-threads=1:pools=4:log-level=info:keyint=250:min-keyint=25:bframes=4:b-adapt=2:scenecut=0:qp=32:ctu=32,983040,447472,,0.4551920572916667,,8903.26,32.9,1,2,7,29.0,32.0,33.71,False,0.4911,22.72,False,8.604479,119.879664,27.3433,54,8.73989,123.966138,27.1978,54,8.310571,111.156287,27.6715,53,8.356744,112.257147,27.6287,47,b99ce8e3b040eb13ed79211ee9648a94f9dc048de70573e7dd672b429e1dee61,rd=3 psy-rd=2.00 early-skip rskip mode=1 signhide tmvp b-intra strong-intra-smoothing deblock sao
tools,2,4198331640,mt19937,256,256,10,yuv420p,IPB,lossless,,ctu16,frame-threads=1:pools=4:log-level=info:keyint=250:min-keyint=25:bframes=4:b-adapt=2:scenecut=0:lossless=1:ctu=16,983040,1309082,,1.3316670735677083,,26135.54,4.0,1,2,7,4.0,4.0,4.0,True,0.318,36.62,True,0.0,0.0,inf,0,0.0,0.0,inf,0,0.0,0.0,inf,0,0.0,0.0,inf,0,b99ce8e3b040eb13ed79211ee9648a94f9dc048de70573e7dd672b429e1dee61,rd=3 psy-rd=2.00 early-skip rskip mode=1 signhide tmvp b-intra strong-intra-smoothing deblock sao
tools,2,4198331640,mt19937,256,256,10,yuv420p,IPB,cqp,16,ctu16,frame-threads=1:pools=4:log-level=info:keyint=250:min-keyint=25:bframes=4:b-adapt=2:scenecut=0:qp=16:ctu=16,983040,855469,,0.8702280680338542,,17063.2,16.9,1,2,7,13.0,16.0,17.71,False,0.3847,30.51,False,1.449725,3.613503,42.5515,11,1.403569,3.404131,42.8107,11,1.543622,4.040424,42.0665,10,1.540454,4.024072,42.0841,9,b99ce8e3b040eb13ed79211ee9648a94f9dc048de70573e7dd672b429e1dee61,rd=3 psy-rd=2.00 early-skip rskip mode=1 signhide tmvp b-intra strong-intra-smoothing deblock sao
tools,2,4198331640,mt19937,256,256,10,yuv420p,IPB,cqp,32,ctu16,frame-threads=1:pools=4:log-level=info:keyint=250:min-keyint=25:bframes=4:b-adapt=2:scenecut=0:qp=32:ctu=16,983040,454089,,0.4619232177734375,,9035.6,32.9,1,2,7,29.0,32.0,33.71,False,0.3945,28.83,False,8.780594,124.788274,27.1691,55,8.950575,130.078496,26.9887,55,8.429889,113.86474,27.5669,50,8.451373,114.550922,27.5408,50,b99ce8e3b040eb13ed79211ee9648a94f9dc048de70573e7dd672b429e1dee61,rd=3 psy-rd=2.00 early-skip rskip mode=1 signhide tmvp b-intra strong-intra-smoothing deblock sao
tools,2,4198331640,mt19937,256,256,10,yuv420p,IPB,lossless,,no-signhide,frame-threads=1:pools=4:log-level=info:keyint=250:min-keyint=25:bframes=4:b-adapt=2:scenecut=0:lossless=1:signhide=0,983040,1305314,,1.3278340657552083,,26060.12,4.0,1,2,7,4.0,4.0,4.0,True,0.4993,22.67,True,0.0,0.0,inf,0,0.0,0.0,inf,0,0.0,0.0,inf,0,0.0,0.0,inf,0,b99ce8e3b040eb13ed79211ee9648a94f9dc048de70573e7dd672b429e1dee61,rd=3 psy-rd=2.00 early-skip rskip mode=1 tmvp b-intra strong-intra-smoothing deblock sao
tools,2,4198331640,mt19937,256,256,10,yuv420p,IPB,cqp,16,no-signhide,frame-threads=1:pools=4:log-level=info:keyint=250:min-keyint=25:bframes=4:b-adapt=2:scenecut=0:qp=16:signhide=0,983040,847763,,0.8623891194661458,,16909.02,16.9,1,2,7,13.0,16.0,17.71,False,0.5367,20.9,False,1.487265,3.792654,42.3414,10,1.451309,3.623022,42.5401,9,1.558759,4.126959,41.9745,9,1.559595,4.136877,41.9641,10,b99ce8e3b040eb13ed79211ee9648a94f9dc048de70573e7dd672b429e1dee61,rd=3 psy-rd=2.00 early-skip rskip mode=1 tmvp b-intra strong-intra-smoothing deblock sao
tools,2,4198331640,mt19937,256,256,10,yuv420p,IPB,cqp,32,no-signhide,frame-threads=1:pools=4:log-level=info:keyint=250:min-keyint=25:bframes=4:b-adapt=2:scenecut=0:qp=32:signhide=0,983040,454951,,0.46280008951822915,,9052.78,32.9,1,2,7,29.0,32.0,33.71,False,0.5486,20.27,False,8.911345,128.55358,27.04,58,9.115656,134.835468,26.8328,58,8.486206,115.317847,27.5118,53,8.519244,116.661761,27.4615,54,b99ce8e3b040eb13ed79211ee9648a94f9dc048de70573e7dd672b429e1dee61,rd=3 psy-rd=2.00 early-skip rskip mode=1 tmvp b-intra strong-intra-smoothing deblock sao
tools,2,4198331640,mt19937,256,256,10,yuv420p,IPB,lossless,,no-tmvp,frame-threads=1:pools=4:log-level=info:keyint=250:min-keyint=25:bframes=4:b-adapt=2:scenecut=0:lossless=1:tmvp=0,983040,1305311,,1.327831013997396,,26060.12,4.0,1,2,7,4.0,4.0,4.0,True,0.5264,21.24,True,0.0,0.0,inf,0,0.0,0.0,inf,0,0.0,0.0,inf,0,0.0,0.0,inf,0,b99ce8e3b040eb13ed79211ee9648a94f9dc048de70573e7dd672b429e1dee61,rd=3 psy-rd=2.00 early-skip rskip mode=1 signhide tmvp b-intra strong-intra-smoothing deblock sao
tools,2,4198331640,mt19937,256,256,10,yuv420p,IPB,cqp,16,no-tmvp,frame-threads=1:pools=4:log-level=info:keyint=250:min-keyint=25:bframes=4:b-adapt=2:scenecut=0:qp=16:tmvp=0,983040,838974,,0.853448486328125,,16733.3,16.9,1,2,7,13.0,16.0,17.71,False,0.5977,18.47,False,1.429855,3.517355,42.6686,9,1.395432,3.359784,42.8677,9,1.498761,3.836188,42.2918,9,1.498645,3.828809,42.3002,9,b99ce8e3b040eb13ed79211ee9648a94f9dc048de70573e7dd672b429e1dee61,rd=3 psy-rd=2.00 early-skip rskip mode=1 signhide tmvp b-intra strong-intra-smoothing deblock sao
tools,2,4198331640,mt19937,256,256,10,yuv420p,IPB,cqp,32,no-tmvp,frame-threads=1:pools=4:log-level=info:keyint=250:min-keyint=25:bframes=4:b-adapt=2:scenecut=0:qp=32:tmvp=0,983040,448184,,0.45591634114583335,,8917.5,32.9,1,2,7,29.0,32.0,33.71,False,0.6235,17.56,False,8.50504,117.339029,27.4364,55,8.705963,123.187805,27.2251,55,8.094269,105.441388,27.9007,53,8.112122,105.841565,27.8842,50,b99ce8e3b040eb13ed79211ee9648a94f9dc048de70573e7dd672b429e1dee61,rd=3 psy-rd=2.00 early-skip rskip mode=1 signhide tmvp b-intra strong-intra-smoothing deblock sao
tools,2,4198331640,mt19937,256,256,10,yuv420p,IPB,lossless,,no-strong-intra-smoothing,frame-threads=1:pools=4:log-level=info:keyint=250:min-keyint=25:bframes=4:b-adapt=2:scenecut=0:lossless=1:strong-intra-smoothing=0,983040,1305353,,1.327873738606771,,26060.9,4.0,1,2,7,4.0,4.0,4.0,True,0.4913,22.93,True,0.0,0.0,inf,0,0.0,0.0,inf,0,0.0,0.0,inf,0,0.0,0.0,inf,0,b99ce8e3b040eb13ed79211ee9648a94f9dc048de70573e7dd672b429e1dee61,rd=3 psy-rd=2.00 early-skip rskip mode=1 signhide tmvp b-intra deblock sao
tools,2,4198331640,mt19937,256,256,10,yuv420p,IPB,cqp,16,no-strong-intra-smoothing,frame-threads=1:pools=4:log-level=info:keyint=250:min-keyint=25:bframes=4:b-adapt=2:scenecut=0:qp=16:strong-intra-smoothing=0,983040,840375,,0.8548736572265625,,16761.26,16.9,1,2,7,13.0,16.0,17.71,False,0.5832,19.07,False,1.426983,3.502251,42.6873,10,1.392439,3.343709,42.8885,9,1.498615,3.825006,42.3045,9,1.493524,3.813666,42.3174,10,b99ce8e3b040eb13ed79211ee9648a94f9dc048de70573e7dd672b429e1dee61,rd=3 psy-rd=2.00 early-skip rskip mode=1 signhide tmvp b-intra deblock sao
tools,2,4198331640,mt19937,256,256,10,yuv420p,IPB,cqp,32,no-strong-intra-smoothing,frame-threads=1:pools=4:log-level=info:keyint=250:min-keyint=25:bframes=4:b-adapt=2:scenecut=0:qp=32:strong-intra-smoothing=0,983040,448371,,0.4561065673828125,,8921.18,32.9,1,2,7,29.0,32.0,33.71,False,0.6269,17.43,False,8.513133,117.592973,27.427,58,8.711197,123.304785,27.221,58,8.109839,106.225427,27.8685,52,8.12417,106.113269,27.8731,48,b99ce8e3b040eb13ed79211ee9648a94f9dc048de70573e7dd672b429e1dee61,rd=3 psy-rd=2.00 early-skip rskip mode=1 signhide tmvp b-intra deblock sao
tools,2,4198331640,mt19937,256,256,10,yuv420p,IPB,lossless,,constrained-intra,frame-threads=1:pools=4:log-level=info:keyint=250:min-keyint=25:bframes=4:b-adapt=2:scenecut=0:lossless=1:constrained-intra=1,983040,1308438,,1.331011962890625,,26122.72,4.0,1,2,7,4.0,4.0,4.0,True,0.4794,23.36,True,0.0,0.0,inf,0,0.0,0.0,inf,0,0.0,0.0,inf,0,0.0,0.0,inf,0,b99ce8e3b040eb13ed79211ee9648a94f9dc048de70573e7dd672b429e1dee61,rd=3 psy-rd=2.00 early-skip rskip mode=1 signhide tmvp cip b-intra strong-intra-smoothing deblock sao
tools,2,4198331640,mt19937,256,256,10,yuv420p,IPB,cqp,16,constrained-intra,frame-threads=1:pools=4:log-level=info:keyint=250:min-keyint=25:bframes=4:b-adapt=2:scenecut=0:qp=16:constrained-intra=1,983040,841293,,0.8558074951171875,,16779.74,16.9,1,2,7,13.0,16.0,17.71,False,0.6068,18.1,False,1.421847,3.483209,42.711,10,1.389206,3.331854,42.9039,10,1.490253,3.796271,42.3372,10,1.484003,3.775568,42.361,10,b99ce8e3b040eb13ed79211ee9648a94f9dc048de70573e7dd672b429e1dee61,rd=3 psy-rd=2.00 early-skip rskip mode=1 signhide tmvp cip b-intra strong-intra-smoothing deblock sao
tools,2,4198331640,mt19937,256,256,10,yuv420p,IPB,cqp,32,constrained-intra,frame-threads=1:pools=4:log-level=info:keyint=250:min-keyint=25:bframes=4:b-adapt=2:scenecut=0:qp=32:constrained-intra=1,983040,447822,,0.455548095703125,,8910.32,32.9,1,2,7,29.0,32.0,33.71,False,0.6362,17.06,False,8.510884,117.441936,27.4326,59,8.697505,122.794145,27.239,59,8.123456,106.521454,27.8564,56,8.151825,106.953583,27.8389,51,b99ce8e3b040eb13ed79211ee9648a94f9dc048de70573e7dd672b429e1dee61,rd=3 psy-rd=2.00 early-skip rskip mode=1 signhide tmvp cip b-intra strong-intra-smoothing deblock sao
tools,2,4198331640,mt19937,256,256,10,yuv420p,IPB,lossless,,b-intra,frame-threads=1:pools=4:log-level=info:keyint=250:min-keyint=25:bframes=4:b-adapt=2:scenecut=0:lossless=1:b-intra=1,983040,1305311,,1.327831013997396,,26060.12,4.0,1,2,7,4.0,4.0,4.0,True,0.5016,22.39,True,0.0,0.0,inf,0,0.0,0.0,inf,0,0.0,0.0,inf,0,0.0,0.0,inf,0,b99ce8e3b040eb13ed79211ee9648a94f9dc048de70573e7dd672b429e1dee61,rd=3 psy-rd=2.00 early-skip rskip mode=1 signhide tmvp b-intra strong-intra-smoothing deblock sao
tools,2,4198331640,mt19937,256,256,10,yuv420p,IPB,cqp,16,b-intra,frame-threads=1:pools=4:log-level=info:keyint=250:min-keyint=25:bframes=4:b-adapt=2:scenecut=0:qp=16:b-intra=1,983040,838974,,0.853448486328125,,16733.3,16.9,1,2,7,13.0,16.0,17.71,False,0.6124,17.75,False,1.429855,3.517355,42.6686,9,1.395432,3.359784,42.8677,9,1.498761,3.836188,42.2918,9,1.498645,3.828809,42.3002,9,b99ce8e3b040eb13ed79211ee9648a94f9dc048de70573e7dd672b429e1dee61,rd=3 psy-rd=2.00 early-skip rskip mode=1 signhide tmvp b-intra strong-intra-smoothing deblock sao
tools,2,4198331640,mt19937,256,256,10,yuv420p,IPB,cqp,32,b-intra,frame-threads=1:pools=4:log-level=info:keyint=250:min-keyint=25:bframes=4:b-adapt=2:scenecut=0:qp=32:b-intra=1,983040,448184,,0.45591634114583335,,8917.5,32.9,1,2,7,29.0,32.0,33.71,False,0.6449,16.89,False,8.50504,117.339029,27.4364,55,8.705963,123.187805,27.2251,55,8.094269,105.441388,27.9007,53,8.112122,105.841565,27.8842,50,b99ce8e3b040eb13ed79211ee9648a94f9dc048de70573e7dd672b429e1dee61,rd=3 psy-rd=2.00 early-skip rskip mode=1 signhide tmvp b-intra strong-intra-smoothing deblock sao
tools,2,4198331640,mt19937,256,256,10,yuv420p,IPB,lossless,,no-b-pyramid,frame-threads=1:pools=4:log-level=info:keyint=250:min-keyint=25:bframes=4:b-adapt=2:scenecut=0:lossless=1:b-pyramid=0,983040,1306528,,1.3290690104166667,,26084.4,4.0,1,2,7,4.0,4.0,4.0,True,0.4939,23.02,True,0.0,0.0,inf,0,0.0,0.0,inf,0,0.0,0.0,inf,0,0.0,0.0,inf,0,b99ce8e3b040eb13ed79211ee9648a94f9dc048de70573e7dd672b429e1dee61,rd=3 psy-rd=2.00 early-skip rskip mode=1 signhide tmvp b-intra strong-intra-smoothing deblock sao
tools,2,4198331640,mt19937,256,256,10,yuv420p,IPB,cqp,16,no-b-pyramid,frame-threads=1:pools=4:log-level=info:keyint=250:min-keyint=25:bframes=4:b-adapt=2:scenecut=0:qp=16:b-pyramid=0,983040,833433,,0.8478118896484375,,16622.42,17.1,1,2,7,13.0,16.0,18.0,False,0.541,20.28,False,1.455313,3.640793,42.5188,10,1.418245,3.465446,42.7332,9,1.529175,3.989478,42.1216,10,1.529724,3.993494,42.1173,9,b99ce8e3b040eb13ed79211ee9648a94f9dc048de70573e7dd672b429e1dee61,rd=3 psy-rd=2.00 early-skip rskip mode=1 signhide tmvp b-intra strong-intra-smoothing deblock sao
tools,2,4198331640,mt19937,256,256,10,yuv420p,IPB,cqp,32,no-b-pyramid,frame-threads=1:pools=4:log-level=info:keyint=250:min-keyint=25:bframes=4:b-adapt=2:scenecut=0:qp=32:b-pyramid=0,983040,442838,,0.4504781087239583,,8810.52,33.1,1,2,7,29.0,32.0,34.0,False,0.6438,16.84,False,8.711836,123.104719,27.2281,55,8.902443,128.7718,27.0326,55,8.335791,111.874622,27.6435,51,8.325452,111.666492,27.6516,50,b99ce8e3b040eb13ed79211ee9648a94f9dc048de70573e7dd672b429e1dee61,rd=3 psy-rd=2.00 early-skip rskip mode=1 signhide tmvp b-intra strong-intra-smoothing deblock sao
tools,2,4198331640,mt19937,256,256,10,yuv420p,IPB,lossless,,no-cutree,frame-threads=1:pools=4:log-level=info:keyint=250:min-keyint=25:bframes=4:b-adapt=2:scenecut=0:lossless=1:cutree=0,983040,1305311,,1.327831013997396,,26060.12,4.0,1,2,7,4.0,4.0,4.0,True,0.4853,22.97,True,0.0,0.0,inf,0,0.0,0.0,inf,0,0.0,0.0,inf,0,0.0,0.0,inf,0,b99ce8e3b040eb13ed79211ee9648a94f9dc048de70573e7dd672b429e1dee61,rd=3 psy-rd=2.00 early-skip rskip mode=1 signhide tmvp b-intra strong-intra-smoothing deblock sao
tools,2,4198331640,mt19937,256,256,10,yuv420p,IPB,cqp,16,no-cutree,frame-threads=1:pools=4:log-level=info:keyint=250:min-keyint=25:bframes=4:b-adapt=2:scenecut=0:qp=16:cutree=0,983040,838974,,0.853448486328125,,16733.3,16.9,1,2,7,13.0,16.0,17.71,False,0.5919,18.66,False,1.429855,3.517355,42.6686,9,1.395432,3.359784,42.8677,9,1.498761,3.836188,42.2918,9,1.498645,3.828809,42.3002,9,b99ce8e3b040eb13ed79211ee9648a94f9dc048de70573e7dd672b429e1dee61,rd=3 psy-rd=2.00 early-skip rskip mode=1 signhide tmvp b-intra strong-intra-smoothing deblock sao
tools,2,4198331640,mt19937,256,256,10,yuv420p,IPB,cqp,32,no-cutree,frame-threads=1:pools=4:log-level=info:keyint=250:min-keyint=25:bframes=4:b-adapt=2:scenecut=0:qp=32:cutree=0,983040,448184,,0.45591634114583335,,8917.5,32.9,1,2,7,29.0,32.0,33.71,False,0.6199,17.73,False,8.50504,117.339029,27.4364,55,8.705963,123.187805,27.2251,55,8.094269,105.441388,27.9007,53,8.112122,105.841565,27.8842,50,b99ce8e3b040eb13ed79211ee9648a94f9dc048de70573e7dd672b429e1dee61,rd=3 psy-rd=2.00 early-skip rskip mode=1 signhide tmvp b-intra strong-intra-smoothing deblock sao
tools,2,4198331640,mt19937,256,256,10,yuv420p,IPB,lossless,,no-open-gop,frame-threads=1:pools=4:log-level=info:keyint=250:min-keyint=25:bframes=4:b-adapt=2:scenecut=0:lossless=1:open-gop=0,983040,1305314,,1.3278340657552083,,26060.12,4.0,1,2,7,4.0,4.0,4.0,True,0.4715,24.36,True,0.0,0.0,inf,0,0.0,0.0,inf,0,0.0,0.0,inf,0,0.0,0.0,inf,0,b99ce8e3b040eb13ed79211ee9648a94f9dc048de70573e7dd672b429e1dee61,rd=3 psy-rd=2.00 early-skip rskip mode=1 signhide tmvp b-intra strong-intra-smoothing deblock sao
tools,2,4198331640,mt19937,256,256,10,yuv420p,IPB,cqp,16,no-open-gop,frame-threads=1:pools=4:log-level=info:keyint=250:min-keyint=25:bframes=4:b-adapt=2:scenecut=0:qp=16:open-gop=0,983040,838977,,0.8534515380859375,,16733.3,16.9,1,2,7,13.0,16.0,17.71,False,0.5896,18.48,False,1.429855,3.517355,42.6686,9,1.395432,3.359784,42.8677,9,1.498761,3.836188,42.2918,9,1.498645,3.828809,42.3002,9,b99ce8e3b040eb13ed79211ee9648a94f9dc048de70573e7dd672b429e1dee61,rd=3 psy-rd=2.00 early-skip rskip mode=1 signhide tmvp b-intra strong-intra-smoothing deblock sao
tools,2,4198331640,mt19937,256,256,10,yuv420p,IPB,cqp,32,no-open-gop,frame-threads=1:pools=4:log-level=info:keyint=250:min-keyint=25:bframes=4:b-adapt=2:scenecut=0:qp=32:open-gop=0,983040,448187,,0.45591939290364586,,8917.5,32.9,1,2,7,29.0,32.0,33.71,False,0.6438,17.11,False,8.50504,117.339029,27.4364,55,8.705963,123.187805,27.2251,55,8.094269,105.441388,27.9007,53,8.112122,105.841565,27.8842,50,b99ce8e3b040eb13ed79211ee9648a94f9dc048de70573e7dd672b429e1dee61,rd=3 psy-rd=2.00 early-skip rskip mode=1 signhide tmvp b-intra strong-intra-smoothing deblock sao
tools,3,3817725009,mt19937,256,256,10,yuv420p,IPB,lossless,,baseline,frame-threads=1:pools=4:log-level=info:keyint=250:min-keyint=25:bframes=4:b-adapt=2:scenecut=0:lossless=1,983040,1304716,,1.3272257486979167,,26048.22,4.0,1,2,7,4.0,4.0,4.0,True,0.4876,22.86,True,0.0,0.0,inf,0,0.0,0.0,inf,0,0.0,0.0,inf,0,0.0,0.0,inf,0,b58a1baf913bfa902492e5127147cc40065f04343534727c275ca99b155f65ae,rd=3 psy-rd=2.00 early-skip rskip mode=1 signhide tmvp b-intra strong-intra-smoothing deblock sao
tools,3,3817725009,mt19937,256,256,10,yuv420p,IPB,cqp,16,baseline,frame-threads=1:pools=4:log-level=info:keyint=250:min-keyint=25:bframes=4:b-adapt=2:scenecut=0:qp=16,983040,843451,,0.8580027262369792,,16822.84,16.9,1,2,7,13.0,16.0,17.71,False,0.5953,18.73,False,1.418914,3.459185,42.7411,9,1.387169,3.315416,42.9254,9,1.482147,3.745612,42.3956,9,1.48266,3.747833,42.393,9,b58a1baf913bfa902492e5127147cc40065f04343534727c275ca99b155f65ae,rd=3 psy-rd=2.00 early-skip rskip mode=1 signhide tmvp b-intra strong-intra-smoothing deblock sao
tools,3,3817725009,mt19937,256,256,10,yuv420p,IPB,cqp,32,baseline,frame-threads=1:pools=4:log-level=info:keyint=250:min-keyint=25:bframes=4:b-adapt=2:scenecut=0:qp=32,983040,446913,,0.4546234130859375,,8892.08,32.9,1,2,7,29.0,32.0,33.71,False,0.6445,17.16,False,8.514906,117.539637,27.429,66,8.707016,123.02496,27.2309,66,8.138275,106.685248,27.8498,48,8.123096,106.452734,27.8592,55,b58a1baf913bfa902492e5127147cc40065f04343534727c275ca99b155f65ae,rd=3 psy-rd=2.00 early-skip rskip mode=1 signhide tmvp b-intra strong-intra-smoothing deblock sao
tools,3,3817725009,mt19937,256,256,10,yuv420p,IPB,lossless,,no-sao,frame-threads=1:pools=4:log-level=info:keyint=250:min-keyint=25:bframes=4:b-adapt=2:scenecut=0:lossless=1:sao=0,983040,1304896,,1.3274088541666667,,26051.76,4.0,1,2,7,4.0,4.0,4.0,True,0.4413,25.52,True,0.0,0.0,inf,0,0.0,0.0,inf,0,0.0,0.0,inf,0,0.0,0.0,inf,0,b58a1baf913bfa902492e5127147cc40065f04343534727c275ca99b155f65ae,rd=3 psy-rd=2.00 early-skip rskip mode=1 signhide tmvp b-intra strong-intra-smoothing deblock
tools,3,3817725009,mt19937,256,256,10,yuv420p,IPB,cqp,16,no-sao,frame-threads=1:pools=4:log-level=info:keyint=250:min-keyint=25:bframes=4:b-adapt=2:scenecut=0:qp=16:sao=0,983040,838835,,0.8533070882161459,,16730.46,16.9,1,2,7,13.0,16.0,17.71,False,0.5708,19.32,False,1.487068,3.780197,42.3557,10,1.44492,3.578819,42.5934,10,1.57439,4.19895,41.8994,9,1.568335,4.166956,41.9326,9,b58a1baf913bfa902492e5127147cc40065f04343534727c275ca99b155f65ae,rd=3 psy-rd=2.00 early-skip rskip mode=1 signhide tmvp b-intra strong-intra-smoothing deblock
tools,3,3817725009,mt19937,256,256,10,yuv420p,IPB,cqp,32,no-sao,frame-threads=1:pools=4:log-level=info:keyint=250:min-keyint=25:bframes=4:b-adapt=2:scenecut=0:qp=32:sao=0,983040,443569,,0.45122172037760416,,8825.14,32.9,1,2,7,29.0,32.0,33.71,False,0.6455,16.99,False,8.834771,125.989837,27.1274,56,9.022166,131.572575,26.9391,56,8.449866,114.496582,27.5429,52,8.470093,115.152136,27.5181,55,b58a1baf913bfa902492e5127147cc40065f04343534727c275ca99b155f65ae,rd=3 psy-rd=2.00 early-skip rskip mode=1 signhide tmvp b-intra strong-intra-smoothing deblock
tools,3,3817725009,mt19937,256,256,10,yuv420p,IPB,lossless,,sao,frame-threads=1:pools=4:log-level=info:keyint=250:min-keyint=25:bframes=4:b-adapt=2:scenecut=0:lossless=1:sao=1,983040,1304716,,1.3272257486979167,,26048.22,4.0,1,2,7,4.0,4.0,4.0,True,0.4978,23.14,True,0.0,0.0,inf,0,0.0,0.0,inf,0,0.0,0.0,inf,0,0.0,0.0,inf,0,b58a1baf913bfa902492e5127147cc40065f04343534727c275ca99b155f65ae,rd=3 psy-rd=2.00 early-skip rskip mode=1 signhide tmvp b-intra strong-intra-smoothing deblock sao
tools,3,3817725009,mt19937,256,256,10,yuv420p,IPB,cqp,16,sao,frame-threads=1:pools=4:log-level=info:keyint=250:min-keyint=25:bframes=4:b-adapt=2:scenecut=0:qp=16:sao=1,983040,843451,,0.8580027262369792,,16822.84,16.9,1,2,7,13.0,16.0,17.71,False,0.6118,17.91,False,1.418914,3.459185,42.7411,9,1.387169,3.315416,42.9254,9,1.482147,3.745612,42.3956,9,1.48266,3.747833,42.393,9,b58a1baf913bfa902492e5127147cc40065f04343534727c275ca99b155f65ae,rd=3 psy-rd=2.00 early-skip rskip mode=1 signhide tmvp b-intra strong-intra-smoothing deblock sao
tools,3,3817725009,mt19937,256,256,10,yuv420p,IPB,cqp,32,sao,frame-threads=1:pools=4:log-level=info:keyint=250:min-keyint=25:bframes=4:b-adapt=2:scenecut=0:qp=32:sao=1,983040,446913,,0.4546234130859375,,8892.08,32.9,1,2,7,29.0,32.0,33.71,False,0.6398,17.24,False,8.514906,117.539637,27.429,66,8.707016,123.02496,27.2309,66,8.138275,106.685248,27.8498,48,8.123096,106.452734,27.8592,55,b58a1baf913bfa902492e5127147cc40065f04343534727c275ca99b155f65ae,rd=3 psy-rd=2.00 early-skip rskip mode=1 signhide tmvp b-intra strong-intra-smoothing deblock sao
tools,3,3817725009,mt19937,256,256,10,yuv420p,IPB,lossless,,no-deblock,frame-threads=1:pools=4:log-level=info:keyint=250:min-keyint=25:bframes=4:b-adapt=2:scenecut=0:lossless=1:deblock=0,983040,1304716,,1.3272257486979167,,26048.22,4.0,1,2,7,4.0,4.0,4.0,True,0.5022,22.98,True,0.0,0.0,inf,0,0.0,0.0,inf,0,0.0,0.0,inf,0,0.0,0.0,inf,0,b58a1baf913bfa902492e5127147cc40065f04343534727c275ca99b155f65ae,rd=3 psy-rd=2.00 early-skip rskip mode=1 signhide tmvp b-intra strong-intra-smoothing deblock sao
tools,3,3817725009,mt19937,256,256,10,yuv420p,IPB,cqp,16,no-deblock,frame-threads=1:pools=4:log-level=info:keyint=250:min-keyint=25:bframes=4:b-adapt=2:scenecut=0:qp=16:deblock=0,983040,843451,,0.8580027262369792,,16822.84,16.9,1,2,7,13.0,16.0,17.71,False,0.5625,19.8,False,1.418914,3.459185,42.7411,9,1.387169,3.315416,42.9254,9,1.482147,3.745612,42.3956,9,1.48266,3.747833,42.393,9,b58a1baf913bfa902492e5127147cc40065f04343534727c275ca99b155f65ae,rd=3 psy-rd=2.00 early-skip rskip mode=1 signhide tmvp b-intra strong-intra-smoothing deblock sao
tools,3,3817725009,mt19937,256,256,10,yuv420p,IPB,cqp,32,no-deblock,frame-threads=1:pools=4:log-level=info:keyint=250:min-keyint=25:bframes=4:b-adapt=2:scenecut=0:qp=32:deblock=0,983040,446913,,0.4546234130859375,,8892.08,32.9,1,2,7,29.0,32.0,33.71,False,0.5808,18.82,False,8.514906,117.539637,27.429,66,8.707016,123.02496,27.2309,66,8.138275,106.685248,27.8498,48,8.123096,106.452734,27.8592,55,b58a1baf913bfa902492e5127147cc40065f04343534727c275ca99b155f65ae,rd=3 psy-rd=2.00 early-skip rskip mode=1 signhide tmvp b-intra strong-intra-smoothing deblock sao
tools,3,3817725009,mt19937,256,256,10,yuv420p,IPB,lossless,,deblock,frame-threads=1:pools=4:log-level=info:keyint=250:min-keyint=25:bframes=4:b-adapt=2:scenecut=0:lossless=1:deblock=1,983040,1304717,,1.3272267659505208,,26048.24,4.0,1,2,7,4.0,4.0,4.0,True,0.4818,23.42,True,0.0,0.0,inf,0,0.0,0.0,inf,0,0.0,0.0,inf,0,0.0,0.0,inf,0,b58a1baf913bfa902492e5127147cc40065f04343534727c275ca99b155f65ae,rd=3 psy-rd=2.00 early-skip rskip mode=1 signhide tmvp b-intra strong-intra-smoothing deblock(tC=1:B=1) sao
tools,3,3817725009,mt19937,256,256,10,yuv420p,IPB,cqp,16,deblock,frame-threads=1:pools=4:log-level=info:keyint=250:min-keyint=25:bframes=4:b-adapt=2:scenecut=0:qp=16:deblock=1,983040,843452,,0.8580037434895833,,16822.86,16.9,1,2,7,13.0,16.0,17.71,False,0.5752,19.02,False,1.418914,3.459185,42.7411,9,1.387169,3.315416,42.9254,9,1.482147,3.745612,42.3956,9,1.48266,3.747833,42.393,9,b58a1baf913bfa902492e5127147cc40065f04343534727c275ca99b155f65ae,rd=3 psy-rd=2.00 early-skip rskip mode=1 signhide tmvp b-intra strong-intra-smoothing deblock(tC=1:B=1) sao
tools,3,3817725009,mt19937,256,256,10,yuv420p,IPB,cqp,32,deblock,frame-threads=1:pools=4:log-level=info:keyint=250:min-keyint=25:bframes=4:b-adapt=2:scenecut=0:qp=32:deblock=1,983040,447217,,0.4549326578776042,,8898.16,32.9,1,2,7,29.0,32.0,33.71,False,0.6404,17.08,False,8.522987,117.690732,27.4234,58,8.698074,122.81485,27.2383,58,8.172583,107.209875,27.8285,51,8.173041,107.675116,27.8097,51,b58a1baf913bfa902492e5127147cc40065f04343534727c275ca99b155f65ae,rd=3 psy-rd=2.00 early-skip rskip mode=1 signhide tmvp b-intra strong-intra-smoothing deblock(tC=1:B=1) sao
tools,3,3817725009,mt19937,256,256,10,yuv420p,IPB,lossless,,tskip,frame-threads=1:pools=4:log-level=info:keyint=250:min-keyint=25:bframes=4:b-adapt=2:scenecut=0:lossless=1:tskip=1,983040,1304713,,1.3272226969401042,,26048.22,4.0,1,2,7,4.0,4.0,4.0,True,0.4855,23.43,True,0.0,0.0,inf,0,0.0,0.0,inf,0,0.0,0.0,inf,0,0.0,0.0,inf,0,b58a1baf913bfa902492e5127147cc40065f04343534727c275ca99b155f65ae,rd=3 psy-rd=2.00 early-skip rskip mode=1 tskip signhide tmvp b-intra strong-intra-smoothing deblock sao
tools,3,3817725009,mt19937,256,256,10,yuv420p,IPB,cqp,16,tskip,frame-threads=1:pools=4:log-level=info:keyint=250:min-keyint=25:bframes=4:b-adapt=2:scenecut=0:qp=16:tskip=1,983040,845711,,0.8603017171223958,,16868.1,16.9,1,2,7,13.0,16.0,17.71,False,0.6868,16.01,False,1.404961,3.400699,42.8151,9,1.383101,3.302177,42.9428,9,1.451819,3.605847,42.5607,9,1.445544,3.589636,42.5803,9,b58a1baf913bfa902492e5127147cc40065f04343534727c275ca99b155f65ae,rd=3 psy-rd=2.00 early-skip rskip mode=1 tskip signhide tmvp b-intra strong-intra-smoothing deblock sao
tools,3,3817725009,mt19937,256,256,10,yuv420p,IPB,cqp,32,tskip,frame-threads=1:pools=4:log-level=info:keyint=250:min-keyint=25:bframes=4:b-adapt=2:scenecut=0:qp=32:tskip=1,983040,449604,,0.45736083984375,,8945.96,32.9,1,2,7,29.0,32.0,33.71,False,0.7293,14.95,False,8.447732,115.691329,27.4978,55,8.698804,122.826584,27.2379,55,7.940967,101.402979,28.0703,47,7.950208,101.43866,28.0688,51,b58a1baf913bfa902492e5127147cc40065f04343534727c275ca99b155f65ae,rd=3 psy-rd=2.00 early-skip rskip mode=1 tskip signhide tmvp b-intra strong-intra-smoothing deblock sao
tools,3,3817725009,mt19937,256,256,10,yuv420p,IPB,lossless,,tskip-fast,frame-threads=1:pools=4:log-level=info:keyint=250:min-keyint=25:bframes=4:b-adapt=2:scenecut=0:lossless=1:tskip=1:tskip-fast=1,983040,1304710,,1.3272196451822917,,26048.22,4.0,1,2,7,4.0,4.0,4.0,True,0.4988,22.28,True,0.0,0.0,inf,0,0.0,0.0,inf,0,0.0,0.0,inf,0,0.0,0.0,inf,0,b58a1baf913bfa902492e5127147cc40065f04343534727c275ca99b155f65ae,rd=3 psy-rd=2.00 early-skip rskip mode=1 tskip-fast signhide tmvp b-intra strong-intra-smoothing deblock sao
tools,3,3817725009,mt19937,256,256,10,yuv420p,IPB,cqp,16,tskip-fast,frame-threads=1:pools=4:log-level=info:keyint=250:min-keyint=25:bframes=4:b-adapt=2:scenecut=0:qp=16:tskip=1:tskip-fast=1,983040,845254,,0.8598368326822917,,16859.02,16.9,1,2,7,13.0,16.0,17.71,False,0.5988,18.52,False,1.408622,3.416801,42.7946,9,1.383472,3.303214,42.9414,9,1.456628,3.638989,42.521,9,1.461218,3.648962,42.5091,9,b58a1baf913bfa902492e5127147cc40065f04343534727c275ca99b155f65ae,rd=3 psy-rd=2.00 early-skip rskip mode=1 tskip-fast signhide tmvp b-intra strong-intra-smoothing deblock sao
tools,3,3817725009,mt19937,256,256,10,yuv420p,IPB,cqp,32,tskip-fast,frame-threads=1:pools=4:log-level=info:keyint=250:min-keyint=25:bframes=4:b-adapt=2:scenecut=0:qp=32:tskip=1:tskip-fast=1,983040,452267,,0.46006978352864586,,8999.28,32.9,1,2,7,29.0,32.0,33.71,False,0.6504,16.87,False,8.412951,114.98166,27.5245,57,8.65677,121.949623,27.269,57,7.927942,101.002759,28.0875,48,7.922681,101.088708,28.0838,46,b58a1baf913bfa902492e5127147cc40065f04343534727c275ca99b155f65ae,rd=3 psy-rd=2.00 early-skip rskip mode=1 tskip-fast signhide tmvp b-intra strong-intra-smoothing deblock sao
tools,3,3817725009,mt19937,256,256,10,yuv420p,IPB,lossless,,amp,frame-threads=1:pools=4:log-level=info:keyint=250:min-keyint=25:bframes=4:b-adapt=2:scenecut=0:lossless=1:amp=1,983040,1304716,,1.3272257486979167,,26048.22,4.0,1,2,7,4.0,4.0,4.0,True,0.4959,22.41,True,0.0,0.0,inf,0,0.0,0.0,inf,0,0.0,0.0,inf,0,0.0,0.0,inf,0,b58a1baf913bfa902492e5127147cc40065f04343534727c275ca99b155f65ae,rd=3 psy-rd=2.00 early-skip rskip mode=1 signhide tmvp b-intra strong-intra-smoothing deblock sao
tools,3,3817725009,mt19937,256,256,10,yuv420p,IPB,cqp,16,amp,frame-threads=1:pools=4:log-level=info:keyint=250:min-keyint=25:bframes=4:b-adapt=2:scenecut=0:qp=16:amp=1,983040,843451,,0.8580027262369792,,16822.84,16.9,1,2,7,13.0,16.0,17.71,False,0.5629,19.53,False,1.418914,3.459185,42.7411,9,1.387169,3.315416,42.9254,9,1.482147,3.745612,42.3956,9,1.48266,3.747833,42.393,9,b58a1baf913bfa902492e5127147cc40065f04343534727c275ca99b155f65ae,rd=3 psy-rd=2.00 early-skip rskip mode=1 signhide tmvp b-intra strong-intra-smoothing deblock sao
tools,3,3817725009,mt19937,256,256,10,yuv420p,IPB,cqp,32,amp,frame-threads=1:pools=4:log-level=info:keyint=250:min-keyint=25:bframes=4:b-adapt=2:scenecut=0:qp=32:amp=1,983040,446913,,0.4546234130859375,,8892.08,32.9,1,2,7,29.0,32.0,33.71,False,0.6535,16.73,False,8.514906,117.539637,27.429,66,8.707016,123.02496,27.2309,66,8.138275,106.685248,27.8498,48,8.123096,106.452734,27.8592,55,b58a1baf913bfa902492e5127147cc40065f04343534727c275ca99b155f65ae,rd=3 psy-rd=2.00 early-skip rskip mode=1 signhide tmvp b-intra strong-intra-smoothing deblock sao
tools,3,3817725009,mt19937,256,256,10,yuv420p,IPB,lossless,,no-rect,frame-threads=1:pools=4:log-level=info:keyint=250:min-keyint=25:bframes=4:b-adapt=2:scenecut=0:lossless=1:rect=0,983040,1304716,,1.3272257486979167,,26048.22,4.0,1,2,7,4.0,4.0,4.0,True,0.4861,23.45,True,0.0,0.0,inf,0,0.0,0.0,inf,0,0.0,0.0,inf,0,0.0,0.0,inf,0,b58a1baf913bfa902492e5127147cc40065f04343534727c275ca99b155f65ae,rd=3 psy-rd=2.00 early-skip rskip mode=1 signhide tmvp b-intra strong-intra-smoothing deblock sao
tools,3,3817725009,mt19937,256,256,10,yuv420p,IPB,cqp,16,no-rect,frame-threads=1:pools=4:log-level=info:keyint=250:min-keyint=25:bframes=4:b-adapt=2:scenecut=0:qp=16:rect=0,983040,843451,,0.8580027262369792,,16822.84,16.9,1,2,7,13.0,16.0,17.71,False,0.587,18.56,False,1.418914,3.459185,42.7411,9,1.387169,3.315416,42.9254,9,1.482147,3.745612,42.3956,9,1.48266,3.747833,42.393,9,b58a1baf913bfa902492e5127147cc40065f04343534727c275ca99b155f65ae,rd=3 psy-rd=2.00 early-skip rskip mode=1 signhide tmvp b-intra strong-intra-smoothing deblock sao
tools,3,3817725009,mt19937,256,256,10,yuv420p,IPB,cqp,32,no-rect,frame-threads=1:pools=4:log-level=info:keyint=250:min-keyint=25:bframes=4:b-adapt=2:scenecut=0:qp=32:rect=0,983040,446913,,0.4546234130859375,,8892.08,32.9,1,2,7,29.0,32.0,33.71,False,0.6171,17.97,False,8.514906,117.539637,27.429,66,8.707016,123.02496,27.2309,66,8.138275,106.685248,27.8498,48,8.123096,106.452734,27.8592,55,b58a1baf913bfa902492e5127147cc40065f04343534727c275ca99b155f65ae,rd=3 psy-rd=2.00 early-skip rskip mode=1 signhide tmvp b-intra strong-intra-smoothing deblock sao
tools,3,3817725009,mt19937,256,256,10,yuv420p,IPB,lossless,,rd1,frame-threads=1:pools=4:log-level=info:keyint=250:min-keyint=25:bframes=4:b-adapt=2:scenecut=0:lossless=1:rd=1,983040,1313936,,1.3366048177083334,,26232.62,4.0,1,2,7,4.0,4.0,4.0,True,0.323,37.29,True,0.0,0.0,inf,0,0.0,0.0,inf,0,0.0,0.0,inf,0,0.0,0.0,inf,0,b58a1baf913bfa902492e5127147cc40065f04343534727c275ca99b155f65ae,rd=1 early-skip rskip mode=1 signhide tmvp b-intra strong-intra-smoothing deblock sao
tools,3,3817725009,mt19937,256,256,10,yuv420p,IPB,cqp,16,rd1,frame-threads=1:pools=4:log-level=info:keyint=250:min-keyint=25:bframes=4:b-adapt=2:scenecut=0:qp=16:rd=1,983040,846383,,0.8609853108723958,,16881.48,16.9,1,2,7,13.0,16.0,17.71,False,0.3708,31.42,False,1.479204,3.719819,42.4256,9,1.455743,3.60907,42.5569,9,1.523749,3.93255,42.1841,9,1.528503,3.950085,42.1647,9,b58a1baf913bfa902492e5127147cc40065f04343534727c275ca99b155f65ae,rd=1 early-skip rskip mode=1 signhide tmvp b-intra strong-intra-smoothing deblock sao
tools,3,3817725009,mt19937,256,256,10,yuv420p,IPB,cqp,32,rd1,frame-threads=1:pools=4:log-level=info:keyint=250:min-keyint=25:bframes=4:b-adapt=2:scenecut=0:qp=32:rd=1,983040,445728,,0.45341796875,,8868.38,32.9,1,2,7,29.0,32.0,33.71,False,0.3692,31.62,False,8.822736,126.285834,27.1173,58,9.022389,132.298882,26.9152,58,8.425183,114.143884,27.5563,49,8.421674,114.375592,27.5475,49,b58a1baf913bfa902492e5127147cc40065f04343534727c275ca99b155f65ae,rd=1 early-skip rskip mode=1 signhide tmvp b-intra strong-intra-smoothing deblock sao
tools,3,3817725009,mt19937,256,256,10,yuv420p,IPB,lossless,,rd3,frame-threads=1:pools=4:log-level=info:keyint=250:min-keyint=25:bframes=4:b-adapt=2:scenecut=0:lossless=1:rd=3,983040,1304716,,1.3272257486979167,,26048.22,4.0,1,2,7,4.0,4.0,4.0,True,0.5137,21.96,True,0.0,0.0,inf,0,0.0,0.0,inf,0,0.0,0.0,inf,0,0.0,0.0,inf,0,b58a1baf913bfa902492e5127147cc40065f04343534727c275ca99b155f65ae,rd=3 psy-rd=2.00 early-skip rskip mode=1 signhide tmvp b-intra strong-intra-smoothing deblock sao
tools,3,3817725009,mt19937,256,256,10,yuv420p,IPB,cqp,16,rd3,frame-threads=1:pools=4:log-level=info:keyint=250:min-keyint=25:bframes=4:b-adapt=2:scenecut=0:qp=16:rd=3,983040,843451,,0.8580027262369792,,16822.84,16.9,1,2,7,13.0,16.0,17.71,False,0.6002,18.16,False,1.418914,3.459185,42.7411,9,1.387169,3.315416,42.9254,9,1.482147,3.745612,42.3956,9,1.48266,3.747833,42.393,9,b58a1baf913bfa902492e5127147cc40065f04343534727c275ca99b155f65ae,rd=3 psy-rd=2.00 early-skip rskip mode=1 signhide tmvp b-intra strong-intra-smoothing deblock sao
tools,3,3817725009,mt19937,256,256,10,yuv420p,IPB,cqp,32,rd3,frame-threads=1:pools=4:log-level=info:keyint=250:min-keyint=25:bframes=4:b-adapt=2:scenecut=0:qp=32:rd=3,983040,446913,,0.4546234130859375,,8892.08,32.9,1,2,7,29.0,32.0,33.71,False,0.6351,17.06,False,8.514906,117.539637,27.429,66,8.707016,123.02496,27.2309,66,8.138275,106.685248,27.8498,48,8.123096,106.452734,27.8592,55,b58a1baf913bfa902492e5127147cc40065f04343534727c275ca99b155f65ae,rd=3 psy-rd=2.00 early-skip rskip mode=1 signhide tmvp b-intra strong-intra-smoothing deblock sao
tools,3,3817725009,mt19937,256,256,10,yuv420p,IPB,lossless,,rd5,frame-threads=1:pools=4:log-level=info:keyint=250:min-keyint=25:bframes=4:b-adapt=2:scenecut=0:lossless=1:rd=5,983040,1296138,,1.318499755859375,,25876.66,4.0,1,2,7,4.0,4.0,4.0,True,0.9576,11.19,True,0.0,0.0,inf,0,0.0,0.0,inf,0,0.0,0.0,inf,0,0.0,0.0,inf,0,b58a1baf913bfa902492e5127147cc40065f04343534727c275ca99b155f65ae,rd=5 psy-rd=2.00 early-skip rskip mode=1 signhide tmvp b-intra strong-intra-smoothing deblock sao
tools,3,3817725009,mt19937,256,256,10,yuv420p,IPB,cqp,16,rd5,frame-threads=1:pools=4:log-level=info:keyint=250:min-keyint=25:bframes=4:b-adapt=2:scenecut=0:qp=16:rd=5,983040,859035,,0.8738555908203125,,17134.52,16.9,1,2,7,13.0,16.0,17.71,False,1.1381,9.21,False,1.234735,2.683138,43.8444,9,1.116458,2.179333,44.7476,8,1.469647,3.684259,42.4673,9,1.472931,3.697235,42.452,9,b58a1baf913bfa902492e5127147cc40065f04343534727c275ca99b155f65ae,rd=5 psy-rd=2.00 early-skip rskip mode=1 signhide tmvp b-intra strong-intra-smoothing deblock sao
tools,3,3817725009,mt19937,256,256,10,yuv420p,IPB,cqp,32,rd5,frame-threads=1:pools=4:log-level=info:keyint=250:min-keyint=25:bframes=4:b-adapt=2:scenecut=0:qp=32:rd=5,983040,468729,,0.4768157958984375,,9328.4,32.9,1,2,7,29.0,32.0,33.71,False,1.1835,8.86,False,7.682044,95.390282,28.3358,55,7.538274,91.977101,28.494,51,7.961365,101.899365,28.0491,47,7.977808,102.533923,28.0221,55,b58a1baf913bfa902492e5127147cc40065f04343534727c275ca99b155f65ae,rd=5 psy-rd=2.00 early-skip rskip mode=1 signhide tmvp b-intra strong-intra-smoothing deblock sao
tools,3,3817725009,mt19937,256,256,10,yuv420p,IPB,lossless,,rdoq0,frame-threads=1:pools=4:log-level=info:keyint=250:min-keyint=25:bframes=4:b-adapt=2:scenecut=0:lossless=1:rdoq-level=0,983040,1304716,,1.3272257486979167,,26048.22,4.0,1,2,7,4.0,4.0,4.0,True,0.4536,24.61,True,0.0,0.0,inf,0,0.0,0.0,inf,0,0.0,0.0,inf,0,0.0,0.0,inf,0,b58a1baf913bfa902492e5127147cc40065f04343534727c275ca99b155f65ae,rd=3 psy-rd=2.00 early-skip rskip mode=1 signhide tmvp b-intra strong-intra-smoothing deblock sao
tools,3,3817725009,mt19937,256,256,10,yuv420p,IPB,cqp,16,rdoq0,frame-threads=1:pools=4:log-level=info:keyint=250:min-keyint=25:bframes=4:b-adapt=2:scenecut=0:qp=16:rdoq-level=0,983040,843451,,0.8580027262369792,,16822.84,16.9,1,2,7,13.0,16.0,17.71,False,0.5732,19.27,False,1.418914,3.459185,42.7411,9,1.387169,3.315416,42.9254,9,1.482147,3.745612,42.3956,9,1.48266,3.747833,42.393,9,b58a1baf913bfa902492e5127147cc40065f04343534727c275ca99b155f65ae,rd=3 psy-rd=2.00 early-skip rskip mode=1 signhide tmvp b-intra strong-intra-smoothing deblock sao
tools,3,3817725009,mt19937,256,256,10,yuv420p,IPB,cqp,32,rdoq0,frame-threads=1:pools=4:log-level=info:keyint=250:min-keyint=25:bframes=4:b-adapt=2:scenecut=0:qp=32:rdoq-level=0,983040,446913,,0.4546234130859375,,8892.08,32.9,1,2,7,29.0,32.0,33.71,False,0.6138,17.85,False,8.514906,117.539637,27.429,66,8.707016,123.02496,27.2309,66,8.138275,106.685248,27.8498,48,8.123096,106.452734,27.8592,55,b58a1baf913bfa902492e5127147cc40065f04343534727c275ca99b155f65ae,rd=3 psy-rd=2.00 early-skip rskip mode=1 signhide tmvp b-intra strong-intra-smoothing deblock sao
tools,3,3817725009,mt19937,256,256,10,yuv420p,IPB,lossless,,rdoq2,frame-threads=1:pools=4:log-level=info:keyint=250:min-keyint=25:bframes=4:b-adapt=2:scenecut=0:lossless=1:rdoq-level=2,983040,1304716,,1.3272257486979167,,26048.22,4.0,1,2,7,4.0,4.0,4.0,True,0.5075,21.9,True,0.0,0.0,inf,0,0.0,0.0,inf,0,0.0,0.0,inf,0,0.0,0.0,inf,0,b58a1baf913bfa902492e5127147cc40065f04343534727c275ca99b155f65ae,rd=3 psy-rd=2.00 rdoq=2 early-skip rskip mode=1 signhide tmvp b-intra strong-intra-smoothing deblock sao
tools,3,3817725009,mt19937,256,256,10,yuv420p,IPB,cqp,16,rdoq2,frame-threads=1:pools=4:log-level=info:keyint=250:min-keyint=25:bframes=4:b-adapt=2:scenecut=0:qp=16:rdoq-level=2,983040,827684,,0.8419637044270833,,16507.5,16.9,1,2,7,13.0,16.0,17.71,False,1.1036,9.53,False,1.097538,2.111192,44.8855,8,1.079187,2.041638,45.031,7,1.135602,2.251385,44.6063,7,1.13288,2.249213,44.6105,8,b58a1baf913bfa902492e5127147cc40065f04343534727c275ca99b155f65ae,rd=3 psy-rd=2.00 rdoq=2 early-skip rskip mode=1 signhide tmvp b-intra strong-intra-smoothing deblock sao
tools,3,3817725009,mt19937,256,256,10,yuv420p,IPB,cqp,32,rdoq2,frame-threads=1:pools=4:log-level=info:keyint=250:min-keyint=25:bframes=4:b-adapt=2:scenecut=0:qp=32:rdoq-level=2,983040,447670,,0.4553934733072917,,8907.22,32.9,1,2,7,29.0,32.0,33.71,False,1.2023,8.76,False,6.413618,66.722836,29.8881,45,6.580916,70.246132,29.6646,45,6.072778,59.557983,30.3814,37,6.085266,59.794507,30.3642,37,b58a1baf913bfa902492e5127147cc40065f04343534727c275ca99b155f65ae,rd=3 psy-rd=2.00 rdoq=2 early-skip rskip mode=1 signhide tmvp b-intra strong-intra-smoothing deblock sao
tools,3,3817725009,mt19937,256,256,10,yuv420p,IPB,lossless,,no-early-skip,frame-threads=1:pools=4:log-level=info:keyint=250:min-keyint=25:bframes=4:b-adapt=2:scenecut=0:lossless=1:early-skip=0,983040,1304719,,1.327228800455729,,26048.22,4.0,1,2,7,4.0,4.0,4.0,True,0.5144,21.96,True,0.0,0.0,inf,0,0.0,0.0,inf,0,0.0,0.0,inf,0,0.0,0.0,inf,0,b58a1baf913bfa902492e5127147cc40065f04343534727c275ca99b155f65ae,rd=3 psy-rd=2.00 rskip mode=1 signhide tmvp b-intra strong-intra-smoothing deblock sao
tools,3,3817725009,mt19937,256,256,10,yuv420p,IPB,cqp,16,no-early-skip,frame-threads=1:pools=4:log-level=info:keyint=250:min-keyint=25:bframes=4:b-adapt=2:scenecut=0:qp=16:early-skip=0,983040,843454,,0.8580057779947917,,16822.84,16.9,1,2,7,13.0,16.0,17.71,False,0.5783,19.04,False,1.418914,3.459185,42.7411,9,1.387169,3.315416,42.9254,9,1.482147,3.745612,42.3956,9,1.48266,3.747833,42.393,9,b58a1baf913bfa902492e5127147cc40065f04343534727c275ca99b155f65ae,rd=3 psy-rd=2.00 rskip mode=1 signhide tmvp b-intra strong-intra-smoothing deblock sao
tools,3,3817725009,mt19937,256,256,10,yuv420p,IPB,cqp,32,no-early-skip,frame-threads=1:pools=4:log-level=info:keyint=250:min-keyint=25:bframes=4:b-adapt=2:scenecut=0:qp=32:early-skip=0,983040,446916,,0.45462646484375,,8892.08,32.9,1,2,7,29.0,32.0,33.71,False,0.6313,17.25,False,8.514906,117.539637,27.429,66,8.707016,123.02496,27.2309,66,8.138275,106.685248,27.8498,48,8.123096,106.452734,27.8592,55,b58a1baf913bfa902492e5127147cc40065f04343534727c275ca99b155f65ae,rd=3 psy-rd=2.00 rskip mode=1 signhide tmvp b-intra strong-intra-smoothing deblock sao
tools,3,3817725009,mt19937,256,256,10,yuv420p,IPB,lossless,,early-skip,frame-threads=1:pools=4:log-level=info:keyint=250:min-keyint=25:bframes=4:b-adapt=2:scenecut=0:lossless=1:early-skip=1,983040,1304716,,1.3272257486979167,,26048.22,4.0,1,2,7,4.0,4.0,4.0,True,0.514,22.03,True,0.0,0.0,inf,0,0.0,0.0,inf,0,0.0,0.0,inf,0,0.0,0.0,inf,0,b58a1baf913bfa902492e5127147cc40065f04343534727c275ca99b155f65ae,rd=3 psy-rd=2.00 early-skip rskip mode=1 signhide tmvp b-intra strong-intra-smoothing deblock sao
tools,3,3817725009,mt19937,256,256,10,yuv420p,IPB,cqp,16,early-skip,frame-threads=1:pools=4:log-level=info:keyint=250:min-keyint=25:bframes=4:b-adapt=2:scenecut=0:qp=16:early-skip=1,983040,843451,,0.8580027262369792,,16822.84,16.9,1,2,7,13.0,16.0,17.71,False,0.6144,17.62,False,1.418914,3.459185,42.7411,9,1.387169,3.315416,42.9254,9,1.482147,3.745612,42.3956,9,1.48266,3.747833,42.393,9,b58a1baf913bfa902492e5127147cc40065f04343534727c275ca99b155f65ae,rd=3 psy-rd=2.00 early-skip rskip mode=1 signhide tmvp b-intra strong-intra-smoothing deblock sao
tools,3,3817725009,mt19937,256,256,10,yuv420p,IPB,cqp,32,early-skip,frame-threads=1:pools=4:log-level=info:keyint=250:min-keyint=25:bframes=4:b-adapt=2:scenecut=0:qp=32:early-skip=1,983040,446913,,0.4546234130859375,,8892.08,32.9,1,2,7,29.0,32.0,33.71,False,0.6637,16.47,False,8.514906,117.539637,27.429,66,8.707016,123.02496,27.2309,66,8.138275,106.685248,27.8498,48,8.123096,106.452734,27.8592,55,b58a1baf913bfa902492e5127147cc40065f04343534727c275ca99b155f65ae,rd=3 psy-rd=2.00 early-skip rskip mode=1 signhide tmvp b-intra strong-intra-smoothing deblock sao
tools,3,3817725009,mt19937,256,256,10,yuv420p,IPB,lossless,,cu-lossless,frame-threads=1:pools=4:log-level=info:keyint=250:min-keyint=25:bframes=4:b-adapt=2:scenecut=0:lossless=1:cu-lossless=1,983040,1304713,,1.3272226969401042,,26048.22,4.0,1,2,7,4.0,4.0,4.0,True,0.5156,21.48,True,0.0,0.0,inf,0,0.0,0.0,inf,0,0.0,0.0,inf,0,0.0,0.0,inf,0,b58a1baf913bfa902492e5127147cc40065f04343534727c275ca99b155f65ae,rd=3 psy-rd=2.00 early-skip rskip mode=1 cu-lossless signhide tmvp b-intra strong-intra-smoothing deblock sao
tools,3,3817725009,mt19937,256,256,10,yuv420p,IPB,cqp,16,cu-lossless,frame-threads=1:pools=4:log-level=info:keyint=250:min-keyint=25:bframes=4:b-adapt=2:scenecut=0:qp=16:cu-lossless=1,983040,840524,,0.8550252278645833,,16764.36,16.9,1,2,7,13.0,16.0,17.71,False,0.682,16.11,False,1.426951,3.501687,42.688,9,1.392461,3.343306,42.889,9,1.494299,3.809167,42.3225,9,1.497565,3.827728,42.3014,9,b58a1baf913bfa902492e5127147cc40065f04343534727c275ca99b155f65ae,rd=3 psy-rd=2.00 early-skip rskip mode=1 cu-lossless signhide tmvp b-intra strong-intra-smoothing deblock sao
tools,3,3817725009,mt19937,256,256,10,yuv420p,IPB,cqp,32,cu-lossless,frame-threads=1:pools=4:log-level=info:keyint=250:min-keyint=25:bframes=4:b-adapt=2:scenecut=0:qp=32:cu-lossless=1,983040,446154,,0.453851318359375,,8876.96,32.9,1,2,7,29.0,32.0,33.71,False,0.7299,14.75,False,8.527254,117.850087,27.4175,66,8.725565,123.501596,27.2141,66,8.137561,106.754663,27.8469,49,8.123706,106.339478,27.8639,51,b58a1baf913bfa902492e5127147cc40065f04343534727c275ca99b155f65ae,rd=3 psy-rd=2.00 early-skip rskip mode=1 cu-lossless signhide tmvp b-intra strong-intra-smoothing deblock sao
tools,3,3817725009,mt19937,256,256,10,yuv420p,IPB,lossless,,ref1,frame-threads=1:pools=4:log-level=info:keyint=250:min-keyint=25:bframes=4:b-adapt=2:scenecut=0:lossless=1:ref=1,983040,1305461,,1.327983601888021,,26063.12,4.0,1,2,7,4.0,4.0,4.0,True,0.5009,22.26,True,0.0,0.0,inf,0,0.0,0.0,inf,0,0.0,0.0,inf,0,0.0,0.0,inf,0,b58a1baf913bfa902492e5127147cc40065f04343534727c275ca99b155f65ae,rd=3 psy-rd=2.00 early-skip rskip mode=1 signhide tmvp b-intra strong-intra-smoothing deblock sao
tools,3,3817725009,mt19937,256,256,10,yuv420p,IPB,cqp,16,ref1,frame-threads=1:pools=4:log-level=info:keyint=250:min-keyint=25:bframes=4:b-adapt=2:scenecut=0:qp=16:ref=1,983040,841026,,0.855535888671875,,16774.34,16.9,1,2,7,13.0,16.0,17.71,False,0.5745,19.06,False,1.424334,3.487656,42.7055,10,1.391055,3.332785,42.9027,9,1.489832,3.791614,42.3426,9,1.491949,3.80318,42.3293,10,b58a1baf913bfa902492e5127147cc40065f04343534727c275ca99b155f65ae,rd=3 psy-rd=2.00 early-skip rskip mode=1 signhide tmvp b-intra strong-intra-smoothing deblock sao
tools,3,3817725009,mt19937,256,256,10,yuv420p,IPB,cqp,32,ref1,frame-threads=1:pools=4:log-level=info:keyint=250:min-keyint=25:bframes=4:b-adapt=2:scenecut=0:qp=32:ref=1,983040,446173,,0.45387064615885414,,8877.28,32.9,1,2,7,29.0,32.0,33.71,False,0.6117,17.76,False,8.5281,117.937918,27.4143,55,8.72433,123.607591,27.2104,55,8.155872,106.80509,27.8449,48,8.115405,106.392053,27.8617,53,b58a1baf913bfa902492e5127147cc40065f04343534727c275ca99b155f65ae,rd=3 psy-rd=2.00 early-skip rskip mode=1 signhide tmvp b-intra strong-intra-smoothing deblock sao
tools,3,3817725009,mt19937,256,256,10,yuv420p,IPB,lossless,,ref5,frame-threads=1:pools=4:log-level=info:keyint=250:min-keyint=25:bframes=4:b-adapt=2:scenecut=0:lossless=1:ref=5,983040,1304775,,1.3272857666015625,,26049.4,4.0,1,2,7,4.0,4.0,4.0,True,0.514,21.77,True,0.0,0.0,inf,0,0.0,0.0,inf,0,0.0,0.0,inf,0,0.0,0.0,inf,0,b58a1baf913bfa902492e5127147cc40065f04343534727c275ca99b155f65ae,rd=3 psy-rd=2.00 early-skip rskip mode=1 signhide tmvp b-intra strong-intra-smoothing deblock sao
tools,3,3817725009,mt19937,256,256,10,yuv420p,IPB,cqp,16,ref5,frame-threads=1:pools=4:log-level=info:keyint=250:min-keyint=25:bframes=4:b-adapt=2:scenecut=0:qp=16:ref=5,983040,842509,,0.8570444742838542,,16804.0,16.9,1,2,7,13.0,16.0,17.71,False,0.5901,18.73,False,1.422303,3.476547,42.7193,9,1.389221,3.3263,42.9112,9,1.489764,3.781244,42.3545,9,1.48717,3.772839,42.3641,9,b58a1baf913bfa902492e5127147cc40065f04343534727c275ca99b155f65ae,rd=3 psy-rd=2.00 early-skip rskip mode=1 signhide tmvp b-intra strong-intra-smoothing deblock sao
tools,3,3817725009,mt19937,256,256,10,yuv420p,IPB,cqp,32,ref5,frame-threads=1:pools=4:log-level=info:keyint=250:min-keyint=25:bframes=4:b-adapt=2:scenecut=0:qp=32:ref=5,983040,446293,,0.45399271647135414,,8879.68,32.9,1,2,7,29.0,32.0,33.71,False,0.6309,17.36,False,8.528664,117.883948,27.4163,66,8.720032,123.364621,27.2189,66,8.154382,107.058569,27.8346,48,8.137476,106.786633,27.8456,47,b58a1baf913bfa902492e5127147cc40065f04343534727c275ca99b155f65ae,rd=3 psy-rd=2.00 early-skip rskip mode=1 signhide tmvp b-intra strong-intra-smoothing deblock sao
tools,3,3817725009,mt19937,256,256,10,yuv420p,IPB,lossless,,no-weightp,frame-threads=1:pools=4:log-level=info:keyint=250:min-keyint=25:bframes=4:b-adapt=2:scenecut=0:lossless=1:weightp=0,983040,1304829,,1.3273406982421876,,26050.42,4.0,1,2,7,4.0,4.0,4.0,True,0.5015,22.5,True,0.0,0.0,inf,0,0.0,0.0,inf,0,0.0,0.0,inf,0,0.0,0.0,inf,0,b58a1baf913bfa902492e5127147cc40065f04343534727c275ca99b155f65ae,rd=3 psy-rd=2.00 early-skip rskip mode=1 signhide tmvp b-intra strong-intra-smoothing deblock sao
tools,3,3817725009,mt19937,256,256,10,yuv420p,IPB,cqp,16,no-weightp,frame-threads=1:pools=4:log-level=info:keyint=250:min-keyint=25:bframes=4:b-adapt=2:scenecut=0:qp=16:weightp=0,983040,840494,,0.8549947102864583,,16763.64,16.9,1,2,7,13.0,16.0,17.71,False,0.5618,19.42,False,1.427997,3.504801,42.6842,10,1.395726,3.35385,42.8754,10,1.49278,3.808295,42.3235,10,1.492297,3.805115,42.3271,9,b58a1baf913bfa902492e5127147cc40065f04343534727c275ca99b155f65ae,rd=3 psy-rd=2.00 early-skip rskip mode=1 signhide tmvp b-intra strong-intra-smoothing deblock sao
tools,3,3817725009,mt19937,256,256,10,yuv420p,IPB,cqp,32,no-weightp,frame-threads=1:pools=4:log-level=info:keyint=250:min-keyint=25:bframes=4:b-adapt=2:scenecut=0:qp=32:weightp=0,983040,445746,,0.453436279296875,,8868.68,32.9,1,2,7,29.0,32.0,33.71,False,0.6448,16.81,False,8.544171,118.23394,27.4034,66,8.739217,123.818004,27.203,66,8.150793,107.052832,27.8348,49,8.157367,107.07879,27.8338,48,b58a1baf913bfa902492e5127147cc40065f04343534727c275ca99b155f65ae,rd=3 psy-rd=2.00 early-skip rskip mode=1 signhide tmvp b-intra strong-intra-smoothing deblock sao
tools,3,3817725009,mt19937,256,256,10,yuv420p,IPB,lossless,,weightb,frame-threads=1:pools=4:log-level=info:keyint=250:min-keyint=25:bframes=4:b-adapt=2:scenecut=0:lossless=1:weightb=1,983040,1305617,,1.3281422932942708,,26066.3,4.0,1,2,7,4.0,4.0,4.0,True,0.4952,22.49,True,0.0,0.0,inf,0,0.0,0.0,inf,0,0.0,0.0,inf,0,0.0,0.0,inf,0,b58a1baf913bfa902492e5127147cc40065f04343534727c275ca99b155f65ae,rd=3 psy-rd=2.00 early-skip rskip mode=1 signhide tmvp b-intra strong-intra-smoothing deblock sao
tools,3,3817725009,mt19937,256,256,10,yuv420p,IPB,cqp,16,weightb,frame-threads=1:pools=4:log-level=info:keyint=250:min-keyint=25:bframes=4:b-adapt=2:scenecut=0:qp=16:weightb=1,983040,843151,,0.8576975504557292,,16816.9,16.9,1,2,7,13.0,16.0,17.71,False,0.572,19.37,False,1.419048,3.459921,42.7401,10,1.387508,3.316524,42.924,9,1.481049,3.742535,42.3991,10,1.483209,3.750897,42.3895,9,b58a1baf913bfa902492e5127147cc40065f04343534727c275ca99b155f65ae,rd=3 psy-rd=2.00 early-skip rskip mode=1 signhide tmvp b-intra strong-intra-smoothing deblock sao
tools,3,3817725009,mt19937,256,256,10,yuv420p,IPB,cqp,32,weightb,frame-threads=1:pools=4:log-level=info:keyint=250:min-keyint=25:bframes=4:b-adapt=2:scenecut=0:qp=32:weightb=1,983040,446614,,0.45431925455729166,,8886.16,32.9,1,2,7,29.0,32.0,33.71,False,0.6292,17.38,False,8.514327,117.473948,27.4314,66,8.70641,122.979939,27.2325,66,8.120099,106.208783,27.8692,48,8.140222,106.715149,27.8485,55,b58a1baf913bfa902492e5127147cc40065f04343534727c275ca99b155f65ae,rd=3 psy-rd=2.00 early-skip rskip mode=1 signhide tmvp b-intra strong-intra-smoothing deblock sao
tools,3,3817725009,mt19937,256,256,10,yuv420p,IPB,lossless,,scenecut-default,frame-threads=1:pools=4:log-level=info:keyint=250:min-keyint=25:bframes=4:b-adapt=2:scenecut=0:lossless=1:scenecut=40,983040,1303800,,1.3262939453125,,26029.88,4.0,2,2,6,4.0,4.0,4.0,True,0.5123,21.57,True,0.0,0.0,inf,0,0.0,0.0,inf,0,0.0,0.0,inf,0,0.0,0.0,inf,0,b58a1baf913bfa902492e5127147cc40065f04343534727c275ca99b155f65ae,rd=3 psy-rd=2.00 early-skip rskip mode=1 signhide tmvp b-intra strong-intra-smoothing deblock sao
tools,3,3817725009,mt19937,256,256,10,yuv420p,IPB,cqp,16,scenecut-default,frame-threads=1:pools=4:log-level=info:keyint=250:min-keyint=25:bframes=4:b-adapt=2:scenecut=0:qp=16:scenecut=40,983040,855062,,0.8698140462239583,,17055.04,16.4,2,2,6,13.0,16.0,17.67,False,0.5804,18.94,False,1.317472,3.119739,43.1896,10,1.285007,2.979776,43.389,9,1.382208,3.397675,42.819,9,1.382599,3.401654,42.8139,10,b58a1baf913bfa902492e5127147cc40065f04343534727c275ca99b155f65ae,rd=3 psy-rd=2.00 early-skip rskip mode=1 signhide tmvp b-intra strong-intra-smoothing deblock sao
tools,3,3817725009,mt19937,256,256,10,yuv420p,IPB,cqp,32,scenecut-default,frame-threads=1:pools=4:log-level=info:keyint=250:min-keyint=25:bframes=4:b-adapt=2:scenecut=0:qp=32:scenecut=40,983040,457306,,0.46519571940104165,,9099.92,32.4,2,2,6,29.0,32.0,33.67,False,0.6487,16.74,False,7.996701,105.877019,27.8828,57,8.152119,110.523167,27.6963,57,7.683209,96.508209,28.2852,48,7.688519,96.661237,28.2783,51,b58a1baf913bfa902492e5127147cc40065f04343534727c275ca99b155f65ae,rd=3 psy-rd=2.00 early-skip rskip mode=1 signhide tmvp b-intra strong-intra-smoothing deblock sao
tools,3,3817725009,mt19937,256,256,10,yuv420p,IPB,lossless,,aq0,frame-threads=1:pools=4:log-level=info:keyint=250:min-keyint=25:bframes=4:b-adapt=2:scenecut=0:lossless=1:aq-mode=0,983040,1304716,,1.3272257486979167,,26048.22,4.0,1,2,7,4.0,4.0,4.0,True,0.5121,22.2,True,0.0,0.0,inf,0,0.0,0.0,inf,0,0.0,0.0,inf,0,0.0,0.0,inf,0,b58a1baf913bfa902492e5127147cc40065f04343534727c275ca99b155f65ae,rd=3 psy-rd=2.00 early-skip rskip mode=1 signhide tmvp b-intra strong-intra-smoothing deblock sao
tools,3,3817725009,mt19937,256,256,10,yuv420p,IPB,cqp,16,aq0,frame-threads=1:pools=4:log-level=info:keyint=250:min-keyint=25:bframes=4:b-adapt=2:scenecut=0:qp=16:aq-mode=0,983040,843451,,0.8580027262369792,,16822.84,16.9,1,2,7,13.0,16.0,17.71,False,0.5631,19.31,False,1.418914,3.459185,42.7411,9,1.387169,3.315416,42.9254,9,1.482147,3.745612,42.3956,9,1.48266,3.747833,42.393,9,b58a1baf913bfa902492e5127147cc40065f04343534727c275ca99b155f65ae,rd=3 psy-rd=2.00 early-skip rskip mode=1 signhide tmvp b-intra strong-intra-smoothing deblock sao
tools,3,3817725009,mt19937,256,256,10,yuv420p,IPB,cqp,32,aq0,frame-threads=1:pools=4:log-level=info:keyint=250:min-keyint=25:bframes=4:b-adapt=2:scenecut=0:qp=32:aq-mode=0,983040,446913,,0.4546234130859375,,8892.08,32.9,1,2,7,29.0,32.0,33.71,False,0.6414,17.04,False,8.514906,117.539637,27.429,66,8.707016,123.02496,27.2309,66,8.138275,106.685248,27.8498,48,8.123096,106.452734,27.8592,55,b58a1baf913bfa902492e5127147cc40065f04343534727c275ca99b155f65ae,rd=3 psy-rd=2.00 early-skip rskip mode=1 signhide tmvp b-intra strong-intra-smoothing deblock sao
tools,3,3817725009,mt19937,256,256,10,yuv420p,IPB,lossless,,aq1,frame-threads=1:pools=4:log-level=info:keyint=250:min-keyint=25:bframes=4:b-adapt=2:scenecut=0:lossless=1:aq-mode=1,983040,1304716,,1.3272257486979167,,26048.22,4.0,1,2,7,4.0,4.0,4.0,True,0.5059,22.56,True,0.0,0.0,inf,0,0.0,0.0,inf,0,0.0,0.0,inf,0,0.0,0.0,inf,0,b58a1baf913bfa902492e5127147cc40065f04343534727c275ca99b155f65ae,rd=3 psy-rd=2.00 early-skip rskip mode=1 signhide tmvp b-intra strong-intra-smoothing deblock sao
tools,3,3817725009,mt19937,256,256,10,yuv420p,IPB,cqp,16,aq1,frame-threads=1:pools=4:log-level=info:keyint=250:min-keyint=25:bframes=4:b-adapt=2:scenecut=0:qp=16:aq-mode=1,983040,843451,,0.8580027262369792,,16822.84,16.9,1,2,7,13.0,16.0,17.71,False,0.5652,19.83,False,1.418914,3.459185,42.7411,9,1.387169,3.315416,42.9254,9,1.482147,3.745612,42.3956,9,1.48266,3.747833,42.393,9,b58a1baf913bfa902492e5127147cc40065f04343534727c275ca99b155f65ae,rd=3 psy-rd=2.00 early-skip rskip mode=1 signhide tmvp b-intra strong-intra-smoothing deblock sao
tools,3,3817725009,mt19937,256,256,10,yuv420p,IPB,cqp,32,aq1,frame-threads=1:pools=4:log-level=info:keyint=250:min-keyint=25:bframes=4:b-adapt=2:scenecut=0:qp=32:aq-mode=1,983040,446913,,0.4546234130859375,,8892.08,32.9,1,2,7,29.0,32.0,33.71,False,0.654,16.79,False,8.514906,117.539637,27.429,66,8.707016,123.02496,27.2309,66,8.138275,106.685248,27.8498,48,8.123096,106.452734,27.8592,55,b58a1baf913bfa902492e5127147cc40065f04343534727c275ca99b155f65ae,rd=3 psy-rd=2.00 early-skip rskip mode=1 signhide tmvp b-intra strong-intra-smoothing deblock sao
tools,3,3817725009,mt19937,256,256,10,yuv420p,IPB,lossless,,aq2,frame-threads=1:pools=4:log-level=info:keyint=250:min-keyint=25:bframes=4:b-adapt=2:scenecut=0:lossless=1:aq-mode=2,983040,1304716,,1.3272257486979167,,26048.22,4.0,1,2,7,4.0,4.0,4.0,True,0.501,22.11,True,0.0,0.0,inf,0,0.0,0.0,inf,0,0.0,0.0,inf,0,0.0,0.0,inf,0,b58a1baf913bfa902492e5127147cc40065f04343534727c275ca99b155f65ae,rd=3 psy-rd=2.00 early-skip rskip mode=1 signhide tmvp b-intra strong-intra-smoothing deblock sao
tools,3,3817725009,mt19937,256,256,10,yuv420p,IPB,cqp,16,aq2,frame-threads=1:pools=4:log-level=info:keyint=250:min-keyint=25:bframes=4:b-adapt=2:scenecut=0:qp=16:aq-mode=2,983040,843451,,0.8580027262369792,,16822.84,16.9,1,2,7,13.0,16.0,17.71,False,0.5971,18.62,False,1.418914,3.459185,42.7411,9,1.387169,3.315416,42.9254,9,1.482147,3.745612,42.3956,9,1.48266,3.747833,42.393,9,b58a1baf913bfa902492e5127147cc40065f04343534727c275ca99b155f65ae,rd=3 psy-rd=2.00 early-skip rskip mode=1 signhide tmvp b-intra strong-intra-smoothing deblock sao
tools,3,3817725009,mt19937,256,256,10,yuv420p,IPB,cqp,32,aq2,frame-threads=1:pools=4:log-level=info:keyint=250:min-keyint=25:bframes=4:b-adapt=2:scenecut=0:qp=32:aq-mode=2,983040,446913,,0.4546234130859375,,8892.08,32.9,1,2,7,29.0,32.0,33.71,False,0.6188,17.55,False,8.514906,117.539637,27.429,66,8.707016,123.02496,27.2309,66,8.138275,106.685248,27.8498,48,8.123096,106.452734,27.8592,55,b58a1baf913bfa902492e5127147cc40065f04343534727c275ca99b155f65ae,rd=3 psy-rd=2.00 early-skip rskip mode=1 signhide tmvp b-intra strong-intra-smoothing deblock sao
tools,3,3817725009,mt19937,256,256,10,yuv420p,IPB,lossless,,aq3,frame-threads=1:pools=4:log-level=info:keyint=250:min-keyint=25:bframes=4:b-adapt=2:scenecut=0:lossless=1:aq-mode=3,983040,1304716,,1.3272257486979167,,26048.22,4.0,1,2,7,4.0,4.0,4.0,True,0.5332,20.97,True,0.0,0.0,inf,0,0.0,0.0,inf,0,0.0,0.0,inf,0,0.0,0.0,inf,0,b58a1baf913bfa902492e5127147cc40065f04343534727c275ca99b155f65ae,rd=3 psy-rd=2.00 early-skip rskip mode=1 signhide tmvp b-intra strong-intra-smoothing deblock sao
tools,3,3817725009,mt19937,256,256,10,yuv420p,IPB,cqp,16,aq3,frame-threads=1:pools=4:log-level=info:keyint=250:min-keyint=25:bframes=4:b-adapt=2:scenecut=0:qp=16:aq-mode=3,983040,843451,,0.8580027262369792,,16822.84,16.9,1,2,7,13.0,16.0,17.71,False,0.5958,18.45,False,1.418914,3.459185,42.7411,9,1.387169,3.315416,42.9254,9,1.482147,3.745612,42.3956,9,1.48266,3.747833,42.393,9,b58a1baf913bfa902492e5127147cc40065f04343534727c275ca99b155f65ae,rd=3 psy-rd=2.00 early-skip rskip mode=1 signhide tmvp b-intra strong-intra-smoothing deblock sao
tools,3,3817725009,mt19937,256,256,10,yuv420p,IPB,cqp,32,aq3,frame-threads=1:pools=4:log-level=info:keyint=250:min-keyint=25:bframes=4:b-adapt=2:scenecut=0:qp=32:aq-mode=3,983040,446913,,0.4546234130859375,,8892.08,32.9,1,2,7,29.0,32.0,33.71,False,0.6557,16.78,False,8.514906,117.539637,27.429,66,8.707016,123.02496,27.2309,66,8.138275,106.685248,27.8498,48,8.123096,106.452734,27.8592,55,b58a1baf913bfa902492e5127147cc40065f04343534727c275ca99b155f65ae,rd=3 psy-rd=2.00 early-skip rskip mode=1 signhide tmvp b-intra strong-intra-smoothing deblock sao
tools,3,3817725009,mt19937,256,256,10,yuv420p,IPB,lossless,,psy-rd0,frame-threads=1:pools=4:log-level=info:keyint=250:min-keyint=25:bframes=4:b-adapt=2:scenecut=0:lossless=1:psy-rd=0,983040,1306506,,1.329046630859375,,26084.02,4.0,1,2,7,4.0,4.0,4.0,True,0.4626,24.17,True,0.0,0.0,inf,0,0.0,0.0,inf,0,0.0,0.0,inf,0,0.0,0.0,inf,0,b58a1baf913bfa902492e5127147cc40065f04343534727c275ca99b155f65ae,rd=3 early-skip rskip mode=1 signhide tmvp b-intra strong-intra-smoothing deblock sao
tools,3,3817725009,mt19937,256,256,10,yuv420p,IPB,cqp,16,psy-rd0,frame-threads=1:pools=4:log-level=info:keyint=250:min-keyint=25:bframes=4:b-adapt=2:scenecut=0:qp=16:psy-rd=0,983040,828125,,0.8424123128255209,,16516.32,16.9,1,2,7,13.0,16.0,17.71,False,0.5993,18.66,False,1.445198,3.575689,42.5972,10,1.409273,3.403908,42.811,9,1.514069,3.905878,42.2136,10,1.520026,3.932623,42.184,9,b58a1baf913bfa902492e5127147cc40065f04343534727c275ca99b155f65ae,rd=3 early-skip rskip mode=1 signhide tmvp b-intra strong-intra-smoothing deblock sao
tools,3,3817725009,mt19937,256,256,10,yuv420p,IPB,cqp,32,psy-rd0,frame-threads=1:pools=4:log-level=info:keyint=250:min-keyint=25:bframes=4:b-adapt=2:scenecut=0:qp=32:psy-rd=0,983040,430649,,0.43807881673177085,,8566.8,32.9,1,2,7,29.0,32.0,33.71,False,0.6391,17.15,False,8.697355,122.29554,27.2567,66,8.900293,128.204337,27.0518,66,8.277185,110.103699,27.7128,48,8.305774,110.852197,27.6834,50,b58a1baf913bfa902492e5127147cc40065f04343534727c275ca99b155f65ae,rd=3 early-skip rskip mode=1 signhide tmvp b-intra strong-intra-smoothing deblock sao
tools,3,3817725009,mt19937,256,256,10,yuv420p,IPB,lossless,,psy-rd2,frame-threads=1:pools=4:log-level=info:keyint=250:min-keyint=25:bframes=4:b-adapt=2:scenecut=0:lossless=1:psy-rd=2.0,983040,1304716,,1.3272257486979167,,26048.22,4.0,1,2,7,4.0,4.0,4.0,True,0.4938,22.5,True,0.0,0.0,inf,0,0.0,0.0,inf,0,0.0,0.0,inf,0,0.0,0.0,inf,0,b58a1baf913bfa902492e5127147cc40065f04343534727c275ca99b155f65ae,rd=3 psy-rd=2.00 early-skip rskip mode=1 signhide tmvp b-intra strong-intra-smoothing deblock sao
tools,3,3817725009,mt19937,256,256,10,yuv420p,IPB,cqp,16,psy-rd2,frame-threads=1:pools=4:log-level=info:keyint=250:min-keyint=25:bframes=4:b-adapt=2:scenecut=0:qp=16:psy-rd=2.0,983040,843451,,0.8580027262369792,,16822.84,16.9,1,2,7,13.0,16.0,17.71,False,0.594,18.78,False,1.418914,3.459185,42.7411,9,1.387169,3.315416,42.9254,9,1.482147,3.745612,42.3956,9,1.48266,3.747833,42.393,9,b58a1baf913bfa902492e5127147cc40065f04343534727c275ca99b155f65ae,rd=3 psy-rd=2.00 early-skip rskip mode=1 signhide tmvp b-intra strong-intra-smoothing deblock sao
tools,3,3817725009,mt19937,256,256,10,yuv420p,IPB,cqp,32,psy-rd2,frame-threads=1:pools=4:log-level=info:keyint=250:min-keyint=25:bframes=4:b-adapt=2:scenecut=0:qp=32:psy-rd=2.0,983040,446913,,0.4546234130859375,,8892.08,32.9,1,2,7,29.0,32.0,33.71,False,0.6426,17.02,False,8.514906,117.539637,27.429,66,8.707016,123.02496,27.2309,66,8.138275,106.685248,27.8498,48,8.123096,106.452734,27.8592,55,b58a1baf913bfa902492e5127147cc40065f04343534727c275ca99b155f65ae,rd=3 psy-rd=2.00 early-skip rskip mode=1 signhide tmvp b-intra strong-intra-smoothing deblock sao
tools,3,3817725009,mt19937,256,256,10,yuv420p,IPB,lossless,,psy-rdoq2.5,frame-threads=1:pools=4:log-level=info:keyint=250:min-keyint=25:bframes=4:b-adapt=2:scenecut=0:lossless=1:psy-rdoq=2.5:rdoq-level=2,983040,1304716,,1.3272257486979167,,26048.22,4.0,1,2,7,4.0,4.0,4.0,True,0.51,21.62,True,0.0,0.0,inf,0,0.0,0.0,inf,0,0.0,0.0,inf,0,0.0,0.0,inf,0,b58a1baf913bfa902492e5127147cc40065f04343534727c275ca99b155f65ae,rd=3 psy-rd=2.00 rdoq=2 psy-rdoq=2.50 early-skip rskip mode=1 signhide tmvp b-intra strong-intra-smoothing deblock sao
tools,3,3817725009,mt19937,256,256,10,yuv420p,IPB,cqp,16,psy-rdoq2.5,frame-threads=1:pools=4:log-level=info:keyint=250:min-keyint=25:bframes=4:b-adapt=2:scenecut=0:qp=16:psy-rdoq=2.5:rdoq-level=2,983040,828317,,0.8426076253255208,,16520.16,16.9,1,2,7,13.0,16.0,17.71,False,1.1604,8.99,False,1.096135,2.104479,44.8994,8,1.07614,2.029903,45.0561,7,1.13634,2.251868,44.6054,7,1.135913,2.255396,44.5986,8,b58a1baf913bfa902492e5127147cc40065f04343534727c275ca99b155f65ae,rd=3 psy-rd=2.00 rdoq=2 psy-rdoq=2.50 early-skip rskip mode=1 signhide tmvp b-intra strong-intra-smoothing deblock sao
tools,3,3817725009,mt19937,256,256,10,yuv420p,IPB,cqp,32,psy-rdoq2.5,frame-threads=1:pools=4:log-level=info:keyint=250:min-keyint=25:bframes=4:b-adapt=2:scenecut=0:qp=32:psy-rdoq=2.5:rdoq-level=2,983040,448608,,0.45634765625,,8925.98,32.9,1,2,7,29.0,32.0,33.71,False,1.2519,8.34,False,6.375991,65.963885,29.9377,44,6.525351,69.12749,29.7343,44,6.070404,59.539313,30.3828,38,6.084137,59.734039,30.3686,37,b58a1baf913bfa902492e5127147cc40065f04343534727c275ca99b155f65ae,rd=3 psy-rd=2.00 rdoq=2 psy-rdoq=2.50 early-skip rskip mode=1 signhide tmvp b-intra strong-intra-smoothing deblock sao
tools,3,3817725009,mt19937,256,256,10,yuv420p,IPB,lossless,,ctu32,frame-threads=1:pools=4:log-level=info:keyint=250:min-keyint=25:bframes=4:b-adapt=2:scenecut=0:lossless=1:ctu=32,983040,1307454,,1.330010986328125,,26102.98,4.0,1,2,7,4.0,4.0,4.0,True,0.4445,25.95,True,0.0,0.0,inf,0,0.0,0.0,inf,0,0.0,0.0,inf,0,0.0,0.0,inf,0,b58a1baf913bfa902492e5127147cc40065f04343534727c275ca99b155f65ae,rd=3 psy-rd=2.00 early-skip rskip mode=1 signhide tmvp b-intra strong-intra-smoothing deblock sao
tools,3,3817725009,mt19937,256,256,10,yuv420p,IPB,cqp,16,ctu32,frame-threads=1:pools=4:log-level=info:keyint=250:min-keyint=25:bframes=4:b-adapt=2:scenecut=0:qp=16:ctu=32,983040,840780,,0.85528564453125,,16769.42,16.9,1,2,7,13.0,16.0,17.71,False,0.4757,23.46,False,1.436954,3.524891,42.6593,9,1.406432,3.375197,42.8478,9,1.49574,3.808679,42.3231,9,1.500256,3.83988,42.2876,9,b58a1baf913bfa902492e5127147cc40065f04343534727c275ca99b155f65ae,rd=3 psy-rd=2.00 early-skip rskip mode=1 signhide tmvp b-intra strong-intra-smoothing deblock sao
tools,3,3817725009,mt19937,256,256,10,yuv420p,IPB,cqp,32,ctu32,frame-threads=1:pools=4:log-level=info:keyint=250:min-keyint=25:bframes=4:b-adapt=2:scenecut=0:qp=32:ctu=32,983040,444938,,0.4526143391927083,,8852.58,32.9,1,2,7,29.0,32.0,33.71,False,0.4971,22.62,False,8.665817,121.583395,27.2821,66,8.791068,125.532004,27.1433,66,8.412512,113.484106,27.5815,48,8.418121,113.888251,27.566,51,b58a1baf913bfa902492e5127147cc40065f04343534727c275ca99b155f65ae,rd=3 psy-rd=2.00 early-skip rskip mode=1 signhide tmvp b-intra strong-intra-smoothing deblock sao
tools,3,3817725009,mt19937,256,256,10,yuv420p,IPB,lossless,,ctu16,frame-threads=1:pools=4:log-level=info:keyint=250:min-keyint=25:bframes=4:b-adapt=2:scenecut=0:lossless=1:ctu=16,983040,1309622,,1.3322163899739583,,26146.34,4.0,1,2,7,4.0,4.0,4.0,True,0.3469,33.81,True,0.0,0.0,inf,0,0.0,0.0,inf,0,0.0,0.0,inf,0,0.0,0.0,inf,0,b58a1baf913bfa902492e5127147cc40065f04343534727c275ca99b155f65ae,rd=3 psy-rd=2.00 early-skip rskip mode=1 signhide tmvp b-intra strong-intra-smoothing deblock sao
tools,3,3817725009,mt19937,256,256,10,yuv420p,IPB,cqp,16,ctu16,frame-threads=1:pools=4:log-level=info:keyint=250:min-keyint=25:bframes=4:b-adapt=2:scenecut=0:qp=16:ctu=16,983040,855172,,0.8699259440104167,,17057.26,16.9,1,2,7,13.0,16.0,17.71,False,0.4054,28.34,False,1.45915,3.624952,42.5378,11,1.418953,3.431807,42.7756,9,1.540686,4.012622,42.0965,11,1.538403,4.009863,42.0995,9,b58a1baf913bfa902492e5127147cc40065f04343534727c275ca99b155f65ae,rd=3 psy-rd=2.00 early-skip rskip mode=1 signhide tmvp b-intra strong-intra-smoothing deblock sao
tools,3,3817725009,mt19937,256,256,10,yuv420p,IPB,cqp,32,ctu16,frame-threads=1:pools=4:log-level=info:keyint=250:min-keyint=25:bframes=4:b-adapt=2:scenecut=0:qp=32:ctu=16,983040,455755,,0.4636179606119792,,9068.92,32.9,1,2,7,29.0,32.0,33.71,False,0.3771,30.88,False,8.725328,123.157086,27.2262,57,8.883084,128.009091,27.0584,57,8.421167,113.69613,27.5733,52,8.398462,113.210022,27.592,49,b58a1baf913bfa902492e5127147cc40065f04343534727c275ca99b155f65ae,rd=3 psy-rd=2.00 early-skip rskip mode=1 signhide tmvp b-intra strong-intra-smoothing deblock sao
tools,3,3817725009,mt19937,256,256,10,yuv420p,IPB,lossless,,no-signhide,frame-threads=1:pools=4:log-level=info:keyint=250:min-keyint=25:bframes=4:b-adapt=2:scenecut=0:lossless=1:signhide=0,983040,1304719,,1.327228800455729,,26048.22,4.0,1,2,7,4.0,4.0,4.0,True,0.4995,22.55,True,0.0,0.0,inf,0,0.0,0.0,inf,0,0.0,0.0,inf,0,0.0,0.0,inf,0,b58a1baf913bfa902492e5127147cc40065f04343534727c275ca99b155f65ae,rd=3 psy-rd=2.00 early-skip rskip mode=1 tmvp b-intra strong-intra-smoothing deblock sao
tools,3,3817725009,mt19937,256,256,10,yuv420p,IPB,cqp,16,no-signhide,frame-threads=1:pools=4:log-level=info:keyint=250:min-keyint=25:bframes=4:b-adapt=2:scenecut=0:qp=16:signhide=0,983040,850047,,0.8647125244140625,,16954.7,16.9,1,2,7,13.0,16.0,17.71,False,0.5143,21.62,False,1.485539,3.780149,42.3557,10,1.450157,3.615889,42.5487,9,1.55791,4.108069,41.9944,9,1.554694,4.109271,41.9932,10,b58a1baf913bfa902492e5127147cc40065f04343534727c275ca99b155f65ae,rd=3 psy-rd=2.00 early-skip rskip mode=1 tmvp b-intra strong-intra-smoothing deblock sao
tools,3,3817725009,mt19937,256,256,10,yuv420p,IPB,cqp,32,no-signhide,frame-threads=1:pools=4:log-level=info:keyint=250:min-keyint=25:bframes=4:b-adapt=2:scenecut=0:qp=32:signhide=0,983040,454996,,0.46284586588541665,,9053.68,32.9,1,2,7,29.0,32.0,33.71,False,0.564,19.65,False,8.901171,128.190882,27.0522,62,9.105872,134.485474,26.844,62,8.493689,115.558032,27.5028,47,8.48985,115.645367,27.4995,48,b58a1baf913bfa902492e5127147cc40065f04343534727c275ca99b155f65ae,rd=3 psy-rd=2.00 early-skip rskip mode=1 tmvp b-intra strong-intra-smoothing deblock sao
tools,3,3817725009,mt19937,256,256,10,yuv420p,IPB,lossless,,no-tmvp,frame-threads=1:pools=4:log-level=info:keyint=250:min-keyint=25:bframes=4:b-adapt=2:scenecut=0:lossless=1:tmvp=0,983040,1304716,,1.3272257486979167,,26048.22,4.0,1,2,7,4.0,4.0,4.0,True,0.524,20.97,True,0.0,0.0,inf,0,0.0,0.0,inf,0,0.0,0.0,inf,0,0.0,0.0,inf,0,b58a1baf913bfa902492e5127147cc40065f04343534727c275ca99b155f65ae,rd=3 psy-rd=2.00 early-skip rskip mode=1 signhide tmvp b-intra strong-intra-smoothing deblock sao
tools,3,3817725009,mt19937,256,256,10,yuv420p,IPB,cqp,16,no-tmvp,frame-threads=1:pools=4:log-level=info:keyint=250:min-keyint=25:bframes=4:b-adapt=2:scenecut=0:qp=16:tmvp=0,983040,843451,,0.8580027262369792,,16822.84,16.9,1,2,7,13.0,16.0,17.71,False,0.5965,18.31,False,1.418914,3.459185,42.7411,9,1.387169,3.315416,42.9254,9,1.482147,3.745612,42.3956,9,1.48266,3.747833,42.393,9,b58a1baf913bfa902492e5127147cc40065f04343534727c275ca99b155f65ae,rd=3 psy-rd=2.00 early-skip rskip mode=1 signhide tmvp b-intra strong-intra-smoothing deblock sao
tools,3,3817725009,mt19937,256,256,10,yuv420p,IPB,cqp,32,no-tmvp,frame-threads=1:pools=4:log-level=info:keyint=250:min-keyint=25:bframes=4:b-adapt=2:scenecut=0:qp=32:tmvp=0,983040,446913,,0.4546234130859375,,8892.08,32.9,1,2,7,29.0,32.0,33.71,False,0.6374,17.12,False,8.514906,117.539637,27.429,66,8.707016,123.02496,27.2309,66,8.138275,106.685248,27.8498,48,8.123096,106.452734,27.8592,55,b58a1baf913bfa902492e5127147cc40065f04343534727c275ca99b155f65ae,rd=3 psy-rd=2.00 early-skip rskip mode=1 signhide tmvp b-intra strong-intra-smoothing deblock sao
tools,3,3817725009,mt19937,256,256,10,yuv420p,IPB,lossless,,no-strong-intra-smoothing,frame-threads=1:pools=4:log-level=info:keyint=250:min-keyint=25:bframes=4:b-adapt=2:scenecut=0:lossless=1:strong-intra-smoothing=0,983040,1304718,,1.327227783203125,,26048.2,4.0,1,2,7,4.0,4.0,4.0,True,0.5093,22.0,True,0.0,0.0,inf,0,0.0,0.0,inf,0,0.0,0.0,inf,0,0.0,0.0,inf,0,b58a1baf913bfa902492e5127147cc40065f04343534727c275ca99b155f65ae,rd=3 psy-rd=2.00 early-skip rskip mode=1 signhide tmvp b-intra deblock sao
tools,3,3817725009,mt19937,256,256,10,yuv420p,IPB,cqp,16,no-strong-intra-smoothing,frame-threads=1:pools=4:log-level=info:keyint=250:min-keyint=25:bframes=4:b-adapt=2:scenecut=0:qp=16:strong-intra-smoothing=0,983040,843387,,0.8579376220703125,,16821.5,16.9,1,2,7,13.0,16.0,17.71,False,0.5906,18.55,False,1.41923,3.460093,42.7399,9,1.387048,3.314667,42.9264,9,1.48382,3.751471,42.3888,9,1.483368,3.750421,42.39,9,b58a1baf913bfa902492e5127147cc40065f04343534727c275ca99b155f65ae,rd=3 psy-rd=2.00 early-skip rskip mode=1 signhide tmvp b-intra deblock sao
tools,3,3817725009,mt19937,256,256,10,yuv420p,IPB,cqp,32,no-strong-intra-smoothing,frame-threads=1:pools=4:log-level=info:keyint=250:min-keyint=25:bframes=4:b-adapt=2:scenecut=0:qp=32:strong-intra-smoothing=0,983040,446916,,0.45462646484375,,8892.08,32.9,1,2,7,29.0,32.0,33.71,False,0.6494,16.8,False,8.514906,117.539637,27.429,66,8.707016,123.02496,27.2309,66,8.138275,106.685248,27.8498,48,8.123096,106.452734,27.8592,55,b58a1baf913bfa902492e5127147cc40065f04343534727c275ca99b155f65ae,rd=3 psy-rd=2.00 early-skip rskip mode=1 signhide tmvp b-intra deblock sao
tools,3,3817725009,mt19937,256,256,10,yuv420p,IPB,lossless,,constrained-intra,frame-threads=1:pools=4:log-level=info:keyint=250:min-keyint=25:bframes=4:b-adapt=2:scenecut=0:lossless=1:constrained-intra=1,983040,1309436,,1.3320271809895834,,26142.68,4.0,1,2,7,4.0,4.0,4.0,True,0.5282,21.22,True,0.0,0.0,inf,0,0.0,0.0,inf,0,0.0,0.0,inf,0,0.0,0.0,inf,0,b58a1baf913bfa902492e5127147cc40065f04343534727c275ca99b155f65ae,rd=3 psy-rd=2.00 early-skip rskip mode=1 signhide tmvp cip b-intra strong-intra-smoothing deblock sao
tools,3,3817725009,mt19937,256,256,10,yuv420p,IPB,cqp,16,constrained-intra,frame-threads=1:pools=4:log-level=info:keyint=250:min-keyint=25:bframes=4:b-adapt=2:scenecut=0:qp=16:constrained-intra=1,983040,841633,,0.8561533610026042,,16786.54,16.9,1,2,7,13.0,16.0,17.71,False,0.6123,17.88,False,1.427412,3.499968,42.6902,10,1.394519,3.34985,42.8805,10,1.494165,3.798511,42.3347,9,1.49223,3.801898,42.3308,9,b58a1baf913bfa902492e5127147cc40065f04343534727c275ca99b155f65ae,rd=3 psy-rd=2.00 early-skip rskip mode=1 signhide tmvp cip b-intra strong-intra-smoothing deblock sao
tools,3,3817725009,mt19937,256,256,10,yuv420p,IPB,cqp,32,constrained-intra,frame-threads=1:pools=4:log-level=info:keyint=250:min-keyint=25:bframes=4:b-adapt=2:scenecut=0:qp=32:constrained-intra=1,983040,447131,,0.45484517415364584,,8896.5,32.9,1,2,7,29.0,32.0,33.71,False,0.6068,18.34,False,8.521943,117.705628,27.4228,57,8.710439,123.220204,27.224,57,8.154407,106.950842,27.839,50,8.135498,106.402112,27.8613,47,b58a1baf913bfa902492e5127147cc40065f04343534727c275ca99b155f65ae,rd=3 psy-rd=2.00 early-skip rskip mode=1 signhide tmvp cip b-intra strong-intra-smoothing deblock sao
tools,3,3817725009,mt19937,256,256,10,yuv420p,IPB,lossless,,b-intra,frame-threads=1:pools=4:log-level=info:keyint=250:min-keyint=25:bframes=4:b-adapt=2:scenecut=0:lossless=1:b-intra=1,983040,1304716,,1.3272257486979167,,26048.22,4.0,1,2,7,4.0,4.0,4.0,True,0.4936,23.01,True,0.0,0.0,inf,0,0.0,0.0,inf,0,0.0,0.0,inf,0,0.0,0.0,inf,0,b58a1baf913bfa902492e5127147cc40065f04343534727c275ca99b155f65ae,rd=3 psy-rd=2.00 early-skip rskip mode=1 signhide tmvp b-intra strong-intra-smoothing deblock sao
tools,3,3817725009,mt19937,256,256,10,yuv420p,IPB,cqp,16,b-intra,frame-threads=1:pools=4:log-level=info:keyint=250:min-keyint=25:bframes=4:b-adapt=2:scenecut=0:qp=16:b-intra=1,983040,843451,,0.8580027262369792,,16822.84,16.9,1,2,7,13.0,16.0,17.71,False,0.5687,19.46,False,1.418914,3.459185,42.7411,9,1.387169,3.315416,42.9254,9,1.482147,3.745612,42.3956,9,1.48266,3.747833,42.393,9,b58a1baf913bfa902492e5127147cc40065f04343534727c275ca99b155f65ae,rd=3 psy-rd=2.00 early-skip rskip mode=1 signhide tmvp b-intra strong-intra-smoothing deblock sao
tools,3,3817725009,mt19937,256,256,10,yuv420p,IPB,cqp,32,b-intra,frame-threads=1:pools=4:log-level=info:keyint=250:min-keyint=25:bframes=4:b-adapt=2:scenecut=0:qp=32:b-intra=1,983040,446913,,0.4546234130859375,,8892.08,32.9,1,2,7,29.0,32.0,33.71,False,0.6537,16.72,False,8.514906,117.539637,27.429,66,8.707016,123.02496,27.2309,66,8.138275,106.685248,27.8498,48,8.123096,106.452734,27.8592,55,b58a1baf913bfa902492e5127147cc40065f04343534727c275ca99b155f65ae,rd=3 psy-rd=2.00 early-skip rskip mode=1 signhide tmvp b-intra strong-intra-smoothing deblock sao
tools,3,3817725009,mt19937,256,256,10,yuv420p,IPB,lossless,,no-b-pyramid,frame-threads=1:pools=4:log-level=info:keyint=250:min-keyint=25:bframes=4:b-adapt=2:scenecut=0:lossless=1:b-pyramid=0,983040,1304636,,1.3271443684895834,,26046.56,4.0,1,2,7,4.0,4.0,4.0,True,0.5068,22.33,True,0.0,0.0,inf,0,0.0,0.0,inf,0,0.0,0.0,inf,0,0.0,0.0,inf,0,b58a1baf913bfa902492e5127147cc40065f04343534727c275ca99b155f65ae,rd=3 psy-rd=2.00 early-skip rskip mode=1 signhide tmvp b-intra strong-intra-smoothing deblock sao
tools,3,3817725009,mt19937,256,256,10,yuv420p,IPB,cqp,16,no-b-pyramid,frame-threads=1:pools=4:log-level=info:keyint=250:min-keyint=25:bframes=4:b-adapt=2:scenecut=0:qp=16:b-pyramid=0,983040,833287,,0.8476633707682292,,16619.5,17.1,1,2,7,13.0,16.0,18.0,False,0.5963,18.6,False,1.457285,3.648353,42.5098,11,1.421222,3.481802,42.7128,10,1.528503,3.977527,42.1347,11,1.530316,3.985382,42.1261,10,b58a1baf913bfa902492e5127147cc40065f04343534727c275ca99b155f65ae,rd=3 psy-rd=2.00 early-skip rskip mode=1 signhide tmvp b-intra strong-intra-smoothing deblock sao
tools,3,3817725009,mt19937,256,256,10,yuv420p,IPB,cqp,32,no-b-pyramid,frame-threads=1:pools=4:log-level=info:keyint=250:min-keyint=25:bframes=4:b-adapt=2:scenecut=0:qp=32:b-pyramid=0,983040,441814,,0.44943644205729166,,8790.04,33.1,1,2,7,29.0,32.0,34.0,False,0.6518,16.93,False,8.722272,123.329911,27.2201,59,8.911914,128.959201,27.0263,59,8.320801,111.704114,27.6501,52,8.365173,112.43855,27.6217,51,b58a1baf913bfa902492e5127147cc40065f04343534727c275ca99b155f65ae,rd=3 psy-rd=2.00 early-skip rskip mode=1 signhide tmvp b-intra strong-intra-smoothing deblock sao
tools,3,3817725009,mt19937,256,256,10,yuv420p,IPB,lossless,,no-cutree,frame-threads=1:pools=4:log-level=info:keyint=250:min-keyint=25:bframes=4:b-adapt=2:scenecut=0:lossless=1:cutree=0,983040,1304716,,1.3272257486979167,,26048.22,4.0,1,2,7,4.0,4.0,4.0,True,0.4812,22.91,True,0.0,0.0,inf,0,0.0,0.0,inf,0,0.0,0.0,inf,0,0.0,0.0,inf,0,b58a1baf913bfa902492e5127147cc40065f04343534727c275ca99b155f65ae,rd=3 psy-rd=2.00 early-skip rskip mode=1 signhide tmvp b-intra strong-intra-smoothing deblock sao
tools,3,3817725009,mt19937,256,256,10,yuv420p,IPB,cqp,16,no-cutree,frame-threads=1:pools=4:log-level=info:keyint=250:min-keyint=25:bframes=4:b-adapt=2:scenecut=0:qp=16:cutree=0,983040,843451,,0.8580027262369792,,16822.84,16.9,1,2,7,13.0,16.0,17.71,False,0.5718,19.2,False,1.418914,3.459185,42.7411,9,1.387169,3.315416,42.9254,9,1.482147,3.745612,42.3956,9,1.48266,3.747833,42.393,9,b58a1baf913bfa902492e5127147cc40065f04343534727c275ca99b155f65ae,rd=3 psy-rd=2.00 early-skip rskip mode=1 signhide tmvp b-intra strong-intra-smoothing deblock sao
tools,3,3817725009,mt19937,256,256,10,yuv420p,IPB,cqp,32,no-cutree,frame-threads=1:pools=4:log-level=info:keyint=250:min-keyint=25:bframes=4:b-adapt=2:scenecut=0:qp=32:cutree=0,983040,446913,,0.4546234130859375,,8892.08,32.9,1,2,7,29.0,32.0,33.71,False,0.6426,17.1,False,8.514906,117.539637,27.429,66,8.707016,123.02496,27.2309,66,8.138275,106.685248,27.8498,48,8.123096,106.452734,27.8592,55,b58a1baf913bfa902492e5127147cc40065f04343534727c275ca99b155f65ae,rd=3 psy-rd=2.00 early-skip rskip mode=1 signhide tmvp b-intra strong-intra-smoothing deblock sao
tools,3,3817725009,mt19937,256,256,10,yuv420p,IPB,lossless,,no-open-gop,frame-threads=1:pools=4:log-level=info:keyint=250:min-keyint=25:bframes=4:b-adapt=2:scenecut=0:lossless=1:open-gop=0,983040,1304719,,1.327228800455729,,26048.22,4.0,1,2,7,4.0,4.0,4.0,True,0.5345,20.6,True,0.0,0.0,inf,0,0.0,0.0,inf,0,0.0,0.0,inf,0,0.0,0.0,inf,0,b58a1baf913bfa902492e5127147cc40065f04343534727c275ca99b155f65ae,rd=3 psy-rd=2.00 early-skip rskip mode=1 signhide tmvp b-intra strong-intra-smoothing deblock sao
tools,3,3817725009,mt19937,256,256,10,yuv420p,IPB,cqp,16,no-open-gop,frame-threads=1:pools=4:log-level=info:keyint=250:min-keyint=25:bframes=4:b-adapt=2:scenecut=0:qp=16:open-gop=0,983040,843454,,0.8580057779947917,,16822.84,16.9,1,2,7,13.0,16.0,17.71,False,0.5896,18.48,False,1.418914,3.459185,42.7411,9,1.387169,3.315416,42.9254,9,1.482147,3.745612,42.3956,9,1.48266,3.747833,42.393,9,b58a1baf913bfa902492e5127147cc40065f04343534727c275ca99b155f65ae,rd=3 psy-rd=2.00 early-skip rskip mode=1 signhide tmvp b-intra strong-intra-smoothing deblock sao
tools,3,3817725009,mt19937,256,256,10,yuv420p,IPB,cqp,32,no-open-gop,frame-threads=1:pools=4:log-level=info:keyint=250:min-keyint=25:bframes=4:b-adapt=2:scenecut=0:qp=32:open-gop=0,983040,446916,,0.45462646484375,,8892.08,32.9,1,2,7,29.0,32.0,33.71,False,0.6488,16.62,False,8.514906,117.539637,27.429,66,8.707016,123.02496,27.2309,66,8.138275,106.685248,27.8498,48,8.123096,106.452734,27.8592,55,b58a1baf913bfa902492e5127147cc40065f04343534727c275ca99b155f65ae,rd=3 psy-rd=2.00 early-skip rskip mode=1 signhide tmvp b-intra strong-intra-smoothing deblock sao
tools,4,3337779491,mt19937,256,256,10,yuv420p,IPB,lossless,,baseline,frame-threads=1:pools=4:log-level=info:keyint=250:min-keyint=25:bframes=4:b-adapt=2:scenecut=0:lossless=1,983040,1307506,,1.3300638834635417,,26104.02,4.0,1,2,7,4.0,4.0,4.0,True,0.5432,20.62,True,0.0,0.0,inf,0,0.0,0.0,inf,0,0.0,0.0,inf,0,0.0,0.0,inf,0,cf5f442ace33034ea8b0789ff90d35f3e7cefde91bb061d05077113ee490f409,rd=3 psy-rd=2.00 early-skip rskip mode=1 signhide tmvp b-intra strong-intra-smoothing deblock sao
tools,4,3337779491,mt19937,256,256,10,yuv420p,IPB,cqp,16,baseline,frame-threads=1:pools=4:log-level=info:keyint=250:min-keyint=25:bframes=4:b-adapt=2:scenecut=0:qp=16,983040,841236,,0.85574951171875,,16778.54,16.9,1,2,7,13.0,16.0,17.71,False,0.5829,18.73,False,1.423988,3.496274,42.6947,10,1.390019,3.339418,42.8941,9,1.49035,3.802997,42.3295,10,1.4935,3.816974,42.3136,10,cf5f442ace33034ea8b0789ff90d35f3e7cefde91bb061d05077113ee490f409,rd=3 psy-rd=2.00 early-skip rskip mode=1 signhide tmvp b-intra strong-intra-smoothing deblock sao
tools,4,3337779491,mt19937,256,256,10,yuv420p,IPB,cqp,32,baseline,frame-threads=1:pools=4:log-level=info:keyint=250:min-keyint=25:bframes=4:b-adapt=2:scenecut=0:qp=32,983040,448036,,0.45576578776041665,,8914.54,32.9,1,2,7,29.0,32.0,33.71,False,0.6451,16.79,False,8.510286,117.430823,27.433,56,8.702065,122.912608,27.2348,56,8.132214,106.79729,27.8452,51,8.121246,106.137213,27.8721,48,cf5f442ace33034ea8b0789ff90d35f3e7cefde91bb061d05077113ee490f409,rd=3 psy-rd=2.00 early-skip rskip mode=1 signhide tmvp b-intra strong-intra-smoothing deblock sao
tools,4,3337779491,mt19937,256,256,10,yuv420p,IPB,lossless,,no-sao,frame-threads=1:pools=4:log-level=info:keyint=250:min-keyint=25:bframes=4:b-adapt=2:scenecut=0:lossless=1:sao=0,983040,1307582,,1.3301411946614583,,26105.48,4.0,1,2,7,4.0,4.0,4.0,True,0.5237,21.53,True,0.0,0.0,inf,0,0.0,0.0,inf,0,0.0,0.0,inf,0,0.0,0.0,inf,0,cf5f442ace33034ea8b0789ff90d35f3e7cefde91bb061d05077113ee490f409,rd=3 psy-rd=2.00 early-skip rskip mode=1 signhide tmvp b-intra strong-intra-smoothing deblock
tools,4,3337779491,mt19937,256,256,10,yuv420p,IPB,cqp,16,no-sao,frame-threads=1:pools=4:log-level=info:keyint=250:min-keyint=25:bframes=4:b-adapt=2:scenecut=0:qp=16:sao=0,983040,843707,,0.8582631429036458,,16827.9,16.9,1,2,7,13.0,16.0,17.71,False,0.5664,19.27,False,1.467268,3.68875,42.462,11,1.426477,3.501187,42.6887,11,1.544122,4.043414,42.0633,9,1.553577,4.084338,42.0196,10,cf5f442ace33034ea8b0789ff90d35f3e7cefde91bb061d05077113ee490f409,rd=3 psy-rd=2.00 early-skip rskip mode=1 signhide tmvp b-intra strong-intra-smoothing deblock
tools,4,3337779491,mt19937,256,256,10,yuv420p,IPB,cqp,32,no-sao,frame-threads=1:pools=4:log-level=info:keyint=250:min-keyint=25:bframes=4:b-adapt=2:scenecut=0:qp=32:sao=0,983040,448060,,0.4557902018229167,,8914.96,32.9,1,2,7,29.0,32.0,33.71,False,0.6105,17.78,False,8.734487,123.084379,27.2288,57,8.915614,128.376762,27.0459,57,8.364465,112.159229,27.6325,46,8.379999,112.839996,27.6062,51,cf5f442ace33034ea8b0789ff90d35f3e7cefde91bb061d05077113ee490f409,rd=3 psy-rd=2.00 early-skip rskip mode=1 signhide tmvp b-intra strong-intra-smoothing deblock
tools,4,3337779491,mt19937,256,256,10,yuv420p,IPB,lossless,,sao,frame-threads=1:pools=4:log-level=info:keyint=250:min-keyint=25:bframes=4:b-adapt=2:scenecut=0:lossless=1:sao=1,983040,1307506,,1.3300638834635417,,26104.02,4.0,1,2,7,4.0,4.0,4.0,True,0.5234,20.9,True,0.0,0.0,inf,0,0.0,0.0,inf,0,0.0,0.0,inf,0,0.0,0.0,inf,0,cf5f442ace33034ea8b0789ff90d35f3e7cefde91bb061d05077113ee490f409,rd=3 psy-rd=2.00 early-skip rskip mode=1 signhide tmvp b-intra strong-intra-smoothing deblock sao
tools,4,3337779491,mt19937,256,256,10,yuv420p,IPB,cqp,16,sao,frame-threads=1:pools=4:log-level=info:keyint=250:min-keyint=25:bframes=4:b-adapt=2:scenecut=0:qp=16:sao=1,983040,841236,,0.85574951171875,,16778.54,16.9,1,2,7,13.0,16.0,17.71,False,0.5863,18.89,False,1.423988,3.496274,42.6947,10,1.390019,3.339418,42.8941,9,1.49035,3.802997,42.3295,10,1.4935,3.816974,42.3136,10,cf5f442ace33034ea8b0789ff90d35f3e7cefde91bb061d05077113ee490f409,rd=3 psy-rd=2.00 early-skip rskip mode=1 signhide tmvp b-intra strong-intra-smoothing deblock sao
tools,4,3337779491,mt19937,256,256,10,yuv420p,IPB,cqp,32,sao,frame-threads=1:pools=4:log-level=info:keyint=250:min-keyint=25:bframes=4:b-adapt=2:scenecut=0:qp=32:sao=1,983040,448036,,0.45576578776041665,,8914.54,32.9,1,2,7,29.0,32.0,33.71,False,0.6472,17.02,False,8.510286,117.430823,27.433,56,8.702065,122.912608,27.2348,56,8.132214,106.79729,27.8452,51,8.121246,106.137213,27.8721,48,cf5f442ace33034ea8b0789ff90d35f3e7cefde91bb061d05077113ee490f409,rd=3 psy-rd=2.00 early-skip rskip mode=1 signhide tmvp b-intra strong-intra-smoothing deblock sao
tools,4,3337779491,mt19937,256,256,10,yuv420p,IPB,lossless,,no-deblock,frame-threads=1:pools=4:log-level=info:keyint=250:min-keyint=25:bframes=4:b-adapt=2:scenecut=0:lossless=1:deblock=0,983040,1307506,,1.3300638834635417,,26104.02,4.0,1,2,7,4.0,4.0,4.0,True,0.5316,21.08,True,0.0,0.0,inf,0,0.0,0.0,inf,0,0.0,0.0,inf,0,0.0,0.0,inf,0,cf5f442ace33034ea8b0789ff90d35f3e7cefde91bb061d05077113ee490f409,rd=3 psy-rd=2.00 early-skip rskip mode=1 signhide tmvp b-intra strong-intra-smoothing deblock sao
tools,4,3337779491,mt19937,256,256,10,yuv420p,IPB,cqp,16,no-deblock,frame-threads=1:pools=4:log-level=info:keyint=250:min-keyint=25:bframes=4:b-adapt=2:scenecut=0:qp=16:deblock=0,983040,841236,,0.85574951171875,,16778.54,16.9,1,2,7,13.0,16.0,17.71,False,0.5564,19.64,False,1.423988,3.496274,42.6947,10,1.390019,3.339418,42.8941,9,1.49035,3.802997,42.3295,10,1.4935,3.816974,42.3136,10,cf5f442ace33034ea8b0789ff90d35f3e7cefde91bb061d05077113ee490f409,rd=3 psy-rd=2.00 early-skip rskip mode=1 signhide tmvp b-intra strong-intra-smoothing deblock sao
tools,4,3337779491,mt19937,256,256,10,yuv420p,IPB,cqp,32,no-deblock,frame-threads=1:pools=4:log-level=info:keyint=250:min-keyint=25:bframes=4:b-adapt=2:scenecut=0:qp=32:deblock=0,983040,448036,,0.45576578776041665,,8914.54,32.9,1,2,7,29.0,32.0,33.71,False,0.6038,18.23,False,8.510286,117.430823,27.433,56,8.702065,122.912608,27.2348,56,8.132214,106.79729,27.8452,51,8.121246,106.137213,27.8721,48,cf5f442ace33034ea8b0789ff90d35f3e7cefde91bb061d05077113ee490f409,rd=3 psy-rd=2.00 early-skip rskip mode=1 signhide tmvp b-intra strong-intra-smoothing deblock sao
tools,4,3337779491,mt19937,256,256,10,yuv420p,IPB,lossless,,deblock,frame-threads=1:pools=4:log-level=info:keyint=250:min-keyint=25:bframes=4:b-adapt=2:scenecut=0:lossless=1:deblock=1,983040,1307507,,1.3300649007161458,,26104.04,4.0,1,2,7,4.0,4.0,4.0,True,0.5143,21.68,True,0.0,0.0,inf,0,0.0,0.0,inf,0,0.0,0.0,inf,0,0.0,0.0,inf,0,cf5f442ace33034ea8b0789ff90d35f3e7cefde91bb061d05077113ee490f409,rd=3 psy-rd=2.00 early-skip rskip mode=1 signhide tmvp b-intra strong-intra-smoothing deblock(tC=1:B=1) sao
tools,4,3337779491,mt19937,256,256,10,yuv420p,IPB,cqp,16,deblock,frame-threads=1:pools=4:log-level=info:keyint=250:min-keyint=25:bframes=4:b-adapt=2:scenecut=0:qp=16:deblock=1,983040,841237,,0.8557505289713542,,16778.56,16.9,1,2,7,13.0,16.0,17.71,False,0.6253,17.69,False,1.423988,3.496274,42.6947,10,1.390019,3.339418,42.8941,9,1.49035,3.802997,42.3295,10,1.4935,3.816974,42.3136,10,cf5f442ace33034ea8b0789ff90d35f3e7cefde91bb061d05077113ee490f409,rd=3 psy-rd=2.00 early-skip rskip mode=1 signhide tmvp b-intra strong-intra-smoothing deblock(tC=1:B=1) sao
tools,4,3337779491,mt19937,256,256,10,yuv420p,IPB,cqp,32,deblock,frame-threads=1:pools=4:log-level=info:keyint=250:min-keyint=25:bframes=4:b-adapt=2:scenecut=0:qp=32:deblock=1,983040,447949,,0.45567728678385416,,8912.8,32.9,1,2,7,29.0,32.0,33.71,False,0.6376,16.98,False,8.530624,117.825243,27.4184,57,8.719931,123.363229,27.2189,57,8.151813,106.781561,27.8458,46,8.152209,106.71698,27.8485,51,cf5f442ace33034ea8b0789ff90d35f3e7cefde91bb061d05077113ee490f409,rd=3 psy-rd=2.00 early-skip rskip mode=1 signhide tmvp b-intra strong-intra-smoothing deblock(tC=1:B=1) sao
tools,4,3337779491,mt19937,256,256,10,yuv420p,IPB,lossless,,tskip,frame-threads=1:pools=4:log-level=info:keyint=250:min-keyint=25:bframes=4:b-adapt=2:scenecut=0:lossless=1:tskip=1,983040,1307503,,1.3300608317057292,,26104.02,4.0,1,2,7,4.0,4.0,4.0,True,0.5062,21.75,True,0.0,0.0,inf,0,0.0,0.0,inf,0,0.0,0.0,inf,0,0.0,0.0,inf,0,cf5f442ace33034ea8b0789ff90d35f3e7cefde91bb061d05077113ee490f409,rd=3 psy-rd=2.00 early-skip rskip mode=1 tskip signhide tmvp b-intra strong-intra-smoothing deblock sao
tools,4,3337779491,mt19937,256,256,10,yuv420p,IPB,cqp,16,tskip,frame-threads=1:pools=4:log-level=info:keyint=250:min-keyint=25:bframes=4:b-adapt=2:scenecut=0:qp=16:tskip=1,983040,847566,,0.862188720703125,,16905.2,16.9,1,2,7,13.0,16.0,17.71,False,0.6722,16.29,False,1.398907,3.371759,42.8522,10,1.378046,3.279962,42.9721,9,1.441595,3.559369,42.6171,9,1.439667,3.551337,42.6269,10,cf5f442ace33034ea8b0789ff90d35f3e7cefde91bb061d05077113ee490f409,rd=3 psy-rd=2.00 early-skip rskip mode=1 tskip signhide tmvp b-intra strong-intra-smoothing deblock sao
tools,4,3337779491,mt19937,256,256,10,yuv420p,IPB,cqp,32,tskip,frame-threads=1:pools=4:log-level=info:keyint=250:min-keyint=25:bframes=4:b-adapt=2:scenecut=0:qp=32:tskip=1,983040,452589,,0.4603973388671875,,9005.66,32.9,1,2,7,29.0,32.0,33.71,False,0.6935,15.68,False,8.375562,113.764018,27.5708,55,8.657983,121.686218,27.2784,55,7.801294,97.731079,28.2305,52,7.820142,98.108154,28.2138,47,cf5f442ace33034ea8b0789ff90d35f3e7cefde91bb061d05077113ee490f409,rd=3 psy-rd=2.00 early-skip rskip mode=1 tskip signhide tmvp b-intra strong-intra-smoothing deblock sao
tools,4,3337779491,mt19937,256,256,10,yuv420p,IPB,lossless,,tskip-fast,frame-threads=1:pools=4:log-level=info:keyint=250:min-keyint=25:bframes=4:b-adapt=2:scenecut=0:lossless=1:tskip=1:tskip-fast=1,983040,1307500,,1.3300577799479167,,26104.02,4.0,1,2,7,4.0,4.0,4.0,True,0.5473,20.27,True,0.0,0.0,inf,0,0.0,0.0,inf,0,0.0,0.0,inf,0,0.0,0.0,inf,0,cf5f442ace33034ea8b0789ff90d35f3e7cefde91bb061d05077113ee490f409,rd=3 psy-rd=2.00 early-skip rskip mode=1 tskip-fast signhide tmvp b-intra strong-intra-smoothing deblock sao
tools,4,3337779491,mt19937,256,256,10,yuv420p,IPB,cqp,16,tskip-fast,frame-threads=1:pools=4:log-level=info:keyint=250:min-keyint=25:bframes=4:b-adapt=2:scenecut=0:qp=16:tskip=1:tskip-fast=1,983040,847427,,0.8620473225911458,,16902.48,16.9,1,2,7,13.0,16.0,17.71,False,0.6166,17.87,False,1.402635,3.38667,42.8331,10,1.381554,3.292305,42.9558,9,1.4466,3.587262,42.5832,10,1.442993,3.563538,42.612,9,cf5f442ace33034ea8b0789ff90d35f3e7cefde91bb061d05077113ee490f409,rd=3 psy-rd=2.00 early-skip rskip mode=1 tskip-fast signhide tmvp b-intra strong-intra-smoothing deblock sao
tools,4,3337779491,mt19937,256,256,10,yuv420p,IPB,cqp,32,tskip-fast,frame-threads=1:pools=4:log-level=info:keyint=250:min-keyint=25:bframes=4:b-adapt=2:scenecut=0:qp=32:tskip=1:tskip-fast=1,983040,450881,,0.45865987141927084,,8971.56,32.9,1,2,7,29.0,32.0,33.71,False,0.6207,17.76,False,8.424537,115.007429,27.5235,57,8.67514,122.132736,27.2625,57,7.923645,100.820056,28.0953,49,7.923016,100.693573,28.1008,48,cf5f442ace33034ea8b0789ff90d35f3e7cefde91bb061d05077113ee490f409,rd=3 psy-rd=2.00 early-skip rskip mode=1 tskip-fast signhide tmvp b-intra strong-intra-smoothing deblock sao
tools,4,3337779491,mt19937,256,256,10,yuv420p,IPB,lossless,,amp,frame-threads=1:pools=4:log-level=info:keyint=250:min-keyint=25:bframes=4:b-adapt=2:scenecut=0:lossless=1:amp=1,983040,1307506,,1.3300638834635417,,26104.02,4.0,1,2,7,4.0,4.0,4.0,True,0.5632,19.4,True,0.0,0.0,inf,0,0.0,0.0,inf,0,0.0,0.0,inf,0,0.0,0.0,inf,0,cf5f442ace33034ea8b0789ff90d35f3e7cefde91bb061d05077113ee490f409,rd=3 psy-rd=2.00 early-skip rskip mode=1 signhide tmvp b-intra strong-intra-smoothing deblock sao
tools,4,3337779491,mt19937,256,256,10,yuv420p,IPB,cqp,16,amp,frame-threads=1:pools=4:log-level=info:keyint=250:min-keyint=25:bframes=4:b-adapt=2:scenecut=0:qp=16:amp=1,983040,841236,,0.85574951171875,,16778.54,16.9,1,2,7,13.0,16.0,17.71,False,0.5882,18.66,False,1.423988,3.496274,42.6947,10,1.390019,3.339418,42.8941,9,1.49035,3.802997,42.3295,10,1.4935,3.816974,42.3136,10,cf5f442ace33034ea8b0789ff90d35f3e7cefde91bb061d05077113ee490f409,rd=3 psy-rd=2.00 early-skip rskip mode=1 signhide tmvp b-intra strong-intra-smoothing deblock sao
tools,4,3337779491,mt19937,256,256,10,yuv420p,IPB,cqp,32,amp,frame-threads=1:pools=4:log-level=info:keyint=250:min-keyint=25:bframes=4:b-adapt=2:scenecut=0:qp=32:amp=1,983040,448036,,0.45576578776041665,,8914.54,32.9,1,2,7,29.0,32.0,33.71,False,0.6475,16.94,False,8.510286,117.430823,27.433,56,8.702065,122.912608,27.2348,56,8.132214,106.79729,27.8452,51,8.121246,106.137213,27.8721,48,cf5f442ace33034ea8b0789ff90d35f3e7cefde91bb061d05077113ee490f409,rd=3 psy-rd=2.00 early-skip rskip mode=1 signhide tmvp b-intra strong-intra-smoothing deblock sao
tools,4,3337779491,mt19937,256,256,10,yuv420p,IPB,lossless,,no-rect,frame-threads=1:pools=4:log-level=info:keyint=250:min-keyint=25:bframes=4:b-adapt=2:scenecut=0:lossless=1:rect=0,983040,1307506,,1.3300638834635417,,26104.02,4.0,1,2,7,4.0,4.0,4.0,True,0.5412,20.64,True,0.0,0.0,inf,0,0.0,0.0,inf,0,0.0,0.0,inf,0,0.0,0.0,inf,0,cf5f442ace33034ea8b0789ff90d35f3e7cefde91bb061d05077113ee490f409,rd=3 psy-rd=2.00 early-skip rskip mode=1 signhide tmvp b-intra strong-intra-smoothing deblock sao
tools,4,3337779491,mt19937,256,256,10,yuv420p,IPB,cqp,16,no-rect,frame-threads=1:pools=4:log-level=info:keyint=250:min-keyint=25:bframes=4:b-adapt=2:scenecut=0:qp=16:rect=0,983040,841236,,0.85574951171875,,16778.54,16.9,1,2,7,13.0,16.0,17.71,False,0.5836,19.1,False,1.423988,3.496274,42.6947,10,1.390019,3.339418,42.8941,9,1.49035,3.802997,42.3295,10,1.4935,3.816974,42.3136,10,cf5f442ace33034ea8b0789ff90d35f3e7cefde91bb061d05077113ee490f409,rd=3 psy-rd=2.00 early-skip rskip mode=1 signhide tmvp b-intra strong-intra-smoothing deblock sao
tools,4,3337779491,mt19937,256,256,10,yuv420p,IPB,cqp,32,no-rect,frame-threads=1:pools=4:log-level=info:keyint=250:min-keyint=25:bframes=4:b-adapt=2:scenecut=0:qp=32:rect=0,983040,448036,,0.45576578776041665,,8914.54,32.9,1,2,7,29.0,32.0,33.71,False,0.6463,16.97,False,8.510286,117.430823,27.433,56,8.702065,122.912608,27.2348,56,8.132214,106.79729,27.8452,51,8.121246,106.137213,27.8721,48,cf5f442ace33034ea8b0789ff90d35f3e7cefde91bb061d05077113ee490f409,rd=3 psy-rd=2.00 early-skip rskip mode=1 signhide tmvp b-intra strong-intra-smoothing deblock sao
tools,4,3337779491,mt19937,256,256,10,yuv420p,IPB,lossless,,rd1,frame-threads=1:pools=4:log-level=info:keyint=250:min-keyint=25:bframes=4:b-adapt=2:scenecut=0:lossless=1:rd=1,983040,1318506,,1.341253662109375,,26324.02,4.0,1,2,7,4.0,4.0,4.0,True,0.3234,36.47,True,0.0,0.0,inf,0,0.0,0.0,inf,0,0.0,0.0,inf,0,0.0,0.0,inf,0,cf5f442ace33034ea8b0789ff90d35f3e7cefde91bb061d05077113ee490f409,rd=1 early-skip rskip mode=1 signhide tmvp b-intra strong-intra-smoothing deblock sao
tools,4,3337779491,mt19937,256,256,10,yuv420p,IPB,cqp,16,rd1,frame-threads=1:pools=4:log-level=info:keyint=250:min-keyint=25:bframes=4:b-adapt=2:scenecut=0:qp=16:rd=1,983040,847343,,0.8619618733723958,,16900.68,16.9,1,2,7,13.0,16.0,17.71,False,0.3707,31.9,False,1.472194,3.705042,42.4429,11,1.44557,3.581688,42.5899,9,1.52652,3.956219,42.158,11,1.524365,3.947278,42.1678,9,cf5f442ace33034ea8b0789ff90d35f3e7cefde91bb061d05077113ee490f409,rd=1 early-skip rskip mode=1 signhide tmvp b-intra strong-intra-smoothing deblock sao
tools,4,3337779491,mt19937,256,256,10,yuv420p,IPB,cqp,32,rd1,frame-threads=1:pools=4:log-level=info:keyint=250:min-keyint=25:bframes=4:b-adapt=2:scenecut=0:qp=32:rd=1,983040,446379,,0.4540802001953125,,8881.4,32.9,1,2,7,29.0,32.0,33.71,False,0.3567,33.2,False,8.806499,125.992752,27.1273,60,9.003188,131.890535,26.9287,60,8.412256,113.956189,27.5634,54,8.413989,114.438184,27.5451,52,cf5f442ace33034ea8b0789ff90d35f3e7cefde91bb061d05077113ee490f409,rd=1 early-skip rskip mode=1 signhide tmvp b-intra strong-intra-smoothing deblock sao
tools,4,3337779491,mt19937,256,256,10,yuv420p,IPB,lossless,,rd3,frame-threads=1:pools=4:log-level=info:keyint=250:min-keyint=25:bframes=4:b-adapt=2:scenecut=0:lossless=1:rd=3,983040,1307506,,1.3300638834635417,,26104.02,4.0,1,2,7,4.0,4.0,4.0,True,0.5388,20.42,True,0.0,0.0,inf,0,0.0,0.0,inf,0,0.0,0.0,inf,0,0.0,0.0,inf,0,cf5f442ace33034ea8b0789ff90d35f3e7cefde91bb061d05077113ee490f409,rd=3 psy-rd=2.00 early-skip rskip mode=1 signhide tmvp b-intra strong-intra-smoothing deblock sao
tools,4,3337779491,mt19937,256,256,10,yuv420p,IPB,cqp,16,rd3,frame-threads=1:pools=4:log-level=info:keyint=250:min-keyint=25:bframes=4:b-adapt=2:scenecut=0:qp=16:rd=3,983040,841236,,0.85574951171875,,16778.54,16.9,1,2,7,13.0,16.0,17.71,False,0.5843,18.75,False,1.423988,3.496274,42.6947,10,1.390019,3.339418,42.8941,9,1.49035,3.802997,42.3295,10,1.4935,3.816974,42.3136,10,cf5f442ace33034ea8b0789ff90d35f3e7cefde91bb061d05077113ee490f409,rd=3 psy-rd=2.00 early-skip rskip mode=1 signhide tmvp b-intra strong-intra-smoothing deblock sao
tools,4,3337779491,mt19937,256,256,10,yuv420p,IPB,cqp,32,rd3,frame-threads=1:pools=4:log-level=info:keyint=250:min-keyint=25:bframes=4:b-adapt=2:scenecut=0:qp=32:rd=3,983040,448036,,0.45576578776041665,,8914.54,32.9,1,2,7,29.0,32.0,33.71,False,0.6353,17.2,False,8.510286,117.430823,27.433,56,8.702065,122.912608,27.2348,56,8.132214,106.79729,27.8452,51,8.121246,106.137213,27.8721,48,cf5f442ace33034ea8b0789ff90d35f3e7cefde91bb061d05077113ee490f409,rd=3 psy-rd=2.00 early-skip rskip mode=1 signhide tmvp b-intra strong-intra-smoothing deblock sao
tools,4,3337779491,mt19937,256,256,10,yuv420p,IPB,lossless,,rd5,frame-threads=1:pools=4:log-level=info:keyint=250:min-keyint=25:bframes=4:b-adapt=2:scenecut=0:lossless=1:rd=5,983040,1302783,,1.3252593994140625,,26009.56,4.0,1,2,7,4.0,4.0,4.0,True,0.9495,11.1,True,0.0,0.0,inf,0,0.0,0.0,inf,0,0.0,0.0,inf,0,0.0,0.0,inf,0,cf5f442ace33034ea8b0789ff90d35f3e7cefde91bb061d05077113ee490f409,rd=5 psy-rd=2.00 early-skip rskip mode=1 signhide tmvp b-intra strong-intra-smoothing deblock sao
tools,4,3337779491,mt19937,256,256,10,yuv420p,IPB,cqp,16,rd5,frame-threads=1:pools=4:log-level=info:keyint=250:min-keyint=25:bframes=4:b-adapt=2:scenecut=0:qp=16:rd=5,983040,859376,,0.8742024739583333,,17141.34,16.9,1,2,7,13.0,16.0,17.71,False,1.1357,9.21,False,1.229042,2.670316,43.8652,9,1.108975,2.165344,44.7755,7,1.470319,3.685492,42.4658,9,1.46803,3.675024,42.4782,9,cf5f442ace33034ea8b0789ff90d35f3e7cefde91bb061d05077113ee490f409,rd=5 psy-rd=2.00 early-skip rskip mode=1 signhide tmvp b-intra strong-intra-smoothing deblock sao
tools,4,3337779491,mt19937,256,256,10,yuv420p,IPB,cqp,32,rd5,frame-threads=1:pools=4:log-level=info:keyint=250:min-keyint=25:bframes=4:b-adapt=2:scenecut=0:qp=32:rd=5,983040,469011,,0.4771026611328125,,9334.04,32.9,1,2,7,29.0,32.0,33.71,False,1.1928,8.79,False,7.68847,95.549418,28.3285,54,7.549103,92.181735,28.4844,54,7.971191,102.336401,28.0305,46,7.96322,102.233167,28.0349,48,cf5f442ace33034ea8b0789ff90d35f3e7cefde91bb061d05077113ee490f409,rd=5 psy-rd=2.00 early-skip rskip mode=1 signhide tmvp b-intra strong-intra-smoothing deblock sao
tools,4,3337779491,mt19937,256,256,10,yuv420p,IPB,lossless,,rdoq0,frame-threads=1:pools=4:log-level=info:keyint=250:min-keyint=25:bframes=4:b-adapt=2:scenecut=0:lossless=1:rdoq-level=0,983040,1307506,,1.3300638834635417,,26104.02,4.0,1,2,7,4.0,4.0,4.0,True,0.5137,21.61,True,0.0,0.0,inf,0,0.0,0.0,inf,0,0.0,0.0,inf,0,0.0,0.0,inf,0,cf5f442ace33034ea8b0789ff90d35f3e7cefde91bb061d05077113ee490f409,rd=3 psy-rd=2.00 early-skip rskip mode=1 signhide tmvp b-intra strong-intra-smoothing deblock sao
tools,4,3337779491,mt19937,256,256,10,yuv420p,IPB,cqp,16,rdoq0,frame-threads=1:pools=4:log-level=info:keyint=250:min-keyint=25:bframes=4:b-adapt=2:scenecut=0:qp=16:rdoq-level=0,983040,841236,,0.85574951171875,,16778.54,16.9,1,2,7,13.0,16.0,17.71,False,0.5683,19.18,False,1.423988,3.496274,42.6947,10,1.390019,3.339418,42.8941,9,1.49035,3.802997,42.3295,10,1.4935,3.816974,42.3136,10,cf5f442ace33034ea8b0789ff90d35f3e7cefde91bb061d05077113ee490f409,rd=3 psy-rd=2.00 early-skip rskip mode=1 signhide tmvp b-intra strong-intra-smoothing deblock sao
tools,4,3337779491,mt19937,256,256,10,yuv420p,IPB,cqp,32,rdoq0,frame-threads=1:pools=4:log-level=info:keyint=250:min-keyint=25:bframes=4:b-adapt=2:scenecut=0:qp=32:rdoq-level=0,983040,448036,,0.45576578776041665,,8914.54,32.9,1,2,7,29.0,32.0,33.71,False,0.6495,16.92,False,8.510286,117.430823,27.433,56,8.702065,122.912608,27.2348,56,8.132214,106.79729,27.8452,51,8.121246,106.137213,27.8721,48,cf5f442ace33034ea8b0789ff90d35f3e7cefde91bb061d05077113ee490f409,rd=3 psy-rd=2.00 early-skip rskip mode=1 signhide tmvp b-intra strong-intra-smoothing deblock sao
tools,4,3337779491,mt19937,256,256,10,yuv420p,IPB,lossless,,rdoq2,frame-threads=1:pools=4:log-level=info:keyint=250:min-keyint=25:bframes=4:b-adapt=2:scenecut=0:lossless=1:rdoq-level=2,983040,1307506,,1.3300638834635417,,26104.02,4.0,1,2,7,4.0,4.0,4.0,True,0.5681,19.64,True,0.0,0.0,inf,0,0.0,0.0,inf,0,0.0,0.0,inf,0,0.0,0.0,inf,0,cf5f442ace33034ea8b0789ff90d35f3e7cefde91bb061d05077113ee490f409,rd=3 psy-rd=2.00 rdoq=2 early-skip rskip mode=1 signhide tmvp b-intra strong-intra-smoothing deblock sao
tools,4,3337779491,mt19937,256,256,10,yuv420p,IPB,cqp,16,rdoq2,frame-threads=1:pools=4:log-level=info:keyint=250:min-keyint=25:bframes=4:b-adapt=2:scenecut=0:qp=16:rdoq-level=2,983040,828240,,0.842529296875,,16518.62,16.9,1,2,7,13.0,16.0,17.71,False,1.1636,9.01,False,1.097389,2.108363,44.8914,8,1.078995,2.037521,45.0398,7,1.133344,2.245734,44.6172,8,1.13501,2.254358,44.6006,7,cf5f442ace33034ea8b0789ff90d35f3e7cefde91bb061d05077113ee490f409,rd=3 psy-rd=2.00 rdoq=2 early-skip rskip mode=1 signhide tmvp b-intra strong-intra-smoothing deblock sao
tools,4,3337779491,mt19937,256,256,10,yuv420p,IPB,cqp,32,rdoq2,frame-threads=1:pools=4:log-level=info:keyint=250:min-keyint=25:bframes=4:b-adapt=2:scenecut=0:qp=32:rdoq-level=2,983040,447721,,0.45544535319010415,,8908.24,32.9,1,2,7,29.0,32.0,33.71,False,1.2419,8.38,False,6.41439,66.691323,29.8901,47,6.578546,70.189557,29.6681,47,6.070685,59.499591,30.3857,38,6.101471,59.890118,30.3573,36,cf5f442ace33034ea8b0789ff90d35f3e7cefde91bb061d05077113ee490f409,rd=3 psy-rd=2.00 rdoq=2 early-skip rskip mode=1 signhide tmvp b-intra strong-intra-smoothing deblock sao
tools,4,3337779491,mt19937,256,256,10,yuv420p,IPB,lossless,,no-early-skip,frame-threads=1:pools=4:log-level=info:keyint=250:min-keyint=25:bframes=4:b-adapt=2:scenecut=0:lossless=1:early-skip=0,983040,1307509,,1.330066935221354,,26104.02,4.0,1,2,7,4.0,4.0,4.0,True,0.5069,22.14,True,0.0,0.0,inf,0,0.0,0.0,inf,0,0.0,0.0,inf,0,0.0,0.0,inf,0,cf5f442ace33034ea8b0789ff90d35f3e7cefde91bb061d05077113ee490f409,rd=3 psy-rd=2.00 rskip mode=1 signhide tmvp b-intra strong-intra-smoothing deblock sao
tools,4,3337779491,mt19937,256,256,10,yuv420p,IPB,cqp,16,no-early-skip,frame-threads=1:pools=4:log-level=info:keyint=250:min-keyint=25:bframes=4:b-adapt=2:scenecut=0:qp=16:early-skip=0,983040,841239,,0.8557525634765625,,16778.54,16.9,1,2,7,13.0,16.0,17.71,False,0.5872,18.74,False,1.423988,3.496274,42.6947,10,1.390019,3.339418,42.8941,9,1.49035,3.802997,42.3295,10,1.4935,3.816974,42.3136,10,cf5f442ace33034ea8b0789ff90d35f3e7cefde91bb061d05077113ee490f409,rd=3 psy-rd=2.00 rskip mode=1 signhide tmvp b-intra strong-intra-smoothing deblock sao
tools,4,3337779491,mt19937,256,256,10,yuv420p,IPB,cqp,32,no-early-skip,frame-threads=1:pools=4:log-level=info:keyint=250:min-keyint=25:bframes=4:b-adapt=2:scenecut=0:qp=32:early-skip=0,983040,448039,,0.45576883951822916,,8914.54,32.9,1,2,7,29.0,32.0,33.71,False,0.624,17.6,False,8.510286,117.430823,27.433,56,8.702065,122.912608,27.2348,56,8.132214,106.79729,27.8452,51,8.121246,106.137213,27.8721,48,cf5f442ace33034ea8b0789ff90d35f3e7cefde91bb061d05077113ee490f409,rd=3 psy-rd=2.00 rskip mode=1 signhide tmvp b-intra strong-intra-smoothing deblock sao
tools,4,3337779491,mt19937,256,256,10,yuv420p,IPB,lossless,,early-skip,frame-threads=1:pools=4:log-level=info:keyint=250:min-keyint=25:bframes=4:b-adapt=2:scenecut=0:lossless=1:early-skip=1,983040,1307506,,1.3300638834635417,,26104.02,4.0,1,2,7,4.0,4.0,4.0,True,0.5168,21.36,True,0.0,0.0,inf,0,0.0,0.0,inf,0,0.0,0.0,inf,0,0.0,0.0,inf,0,cf5f442ace33034ea8b0789ff90d35f3e7cefde91bb061d05077113ee490f409,rd=3 psy-rd=2.00 early-skip rskip mode=1 signhide tmvp b-intra strong-intra-smoothing deblock sao
tools,4,3337779491,mt19937,256,256,10,yuv420p,IPB,cqp,16,early-skip,frame-threads=1:pools=4:log-level=info:keyint=250:min-keyint=25:bframes=4:b-adapt=2:scenecut=0:qp=16:early-skip=1,983040,841236,,0.85574951171875,,16778.54,16.9,1,2,7,13.0,16.0,17.71,False,0.5727,19.21,False,1.423988,3.496274,42.6947,10,1.390019,3.339418,42.8941,9,1.49035,3.802997,42.3295,10,1.4935,3.816974,42.3136,10,cf5f442ace33034ea8b0789ff90d35f3e7cefde91bb061d05077113ee490f409,rd=3 psy-rd=2.00 early-skip rskip mode=1 signhide tmvp b-intra strong-intra-smoothing deblock sao
tools,4,3337779491,mt19937,256,256,10,yuv420p,IPB,cqp,32,early-skip,frame-threads=1:pools=4:log-level=info:keyint=250:min-keyint=25:bframes=4:b-adapt=2:scenecut=0:qp=32:early-skip=1,983040,448036,,0.45576578776041665,,8914.54,32.9,1,2,7,29.0,32.0,33.71,False,0.6385,17.18,False,8.510286,117.430823,27.433,56,8.702065,122.912608,27.2348,56,8.132214,106.79729,27.8452,51,8.121246,106.137213,27.8721,48,cf5f442ace33034ea8b0789ff90d35f3e7cefde91bb061d05077113ee490f409,rd=3 psy-rd=2.00 early-skip rskip mode=1 signhide tmvp b-intra strong-intra-smoothing deblock sao
tools,4,3337779491,mt19937,256,256,10,yuv420p,IPB,lossless,,cu-lossless,frame-threads=1:pools=4:log-level=info:keyint=250:min-keyint=25:bframes=4:b-adapt=2:scenecut=0:lossless=1:cu-lossless=1,983040,1307503,,1.3300608317057292,,26104.02,4.0,1,2,7,4.0,4.0,4.0,True,0.5435,20.68,True,0.0,0.0,inf,0,0.0,0.0,inf,0,0.0,0.0,inf,0,0.0,0.0,inf,0,cf5f442ace33034ea8b0789ff90d35f3e7cefde91bb061d05077113ee490f409,rd=3 psy-rd=2.00 early-skip rskip mode=1 cu-lossless signhide tmvp b-intra strong-intra-smoothing deblock sao
tools,4,3337779491,mt19937,256,256,10,yuv420p,IPB,cqp,16,cu-lossless,frame-threads=1:pools=4:log-level=info:keyint=250:min-keyint=25:bframes=4:b-adapt=2:scenecut=0:qp=16:cu-lossless=1,983040,839615,,0.8541005452473959,,16746.18,16.9,1,2,7,13.0,16.0,17.71,False,0.6829,16.04,False,1.432023,3.528703,42.6547,9,1.397876,3.372678,42.8511,9,1.496222,3.823724,42.3059,9,1.504413,3.857782,42.2674,9,cf5f442ace33034ea8b0789ff90d35f3e7cefde91bb061d05077113ee490f409,rd=3 psy-rd=2.00 early-skip rskip mode=1 cu-lossless signhide tmvp b-intra strong-intra-smoothing deblock sao
tools,4,3337779491,mt19937,256,256,10,yuv420p,IPB,cqp,32,cu-lossless,frame-threads=1:pools=4:log-level=info:keyint=250:min-keyint=25:bframes=4:b-adapt=2:scenecut=0:qp=32:cu-lossless=1,983040,447479,,0.45519917805989585,,8903.46,32.9,1,2,7,29.0,32.0,33.71,False,0.7122,15.04,False,8.525891,117.832369,27.4182,54,8.719168,123.333365,27.22,54,8.146008,106.940332,27.8394,54,8.132666,106.720422,27.8483,54,cf5f442ace33034ea8b0789ff90d35f3e7cefde91bb061d05077113ee490f409,rd=3 psy-rd=2.00 early-skip rskip mode=1 cu-lossless signhide tmvp b-intra strong-intra-smoothing deblock sao
tools,4,3337779491,mt19937,256,256,10,yuv420p,IPB,lossless,,ref1,frame-threads=1:pools=4:log-level=info:keyint=250:min-keyint=25:bframes=4:b-adapt=2:scenecut=0:lossless=1:ref=1,983040,1308558,,1.331134033203125,,26125.06,4.0,1,2,7,4.0,4.0,4.0,True,0.5176,21.45,True,0.0,0.0,inf,0,0.0,0.0,inf,0,0.0,0.0,inf,0,0.0,0.0,inf,0,cf5f442ace33034ea8b0789ff90d35f3e7cefde91bb061d05077113ee490f409,rd=3 psy-rd=2.00 early-skip rskip mode=1 signhide tmvp b-intra strong-intra-smoothing deblock sao
tools,4,3337779491,mt19937,256,256,10,yuv420p,IPB,cqp,16,ref1,frame-threads=1:pools=4:log-level=info:keyint=250:min-keyint=25:bframes=4:b-adapt=2:scenecut=0:qp=16:ref=1,983040,842103,,0.8566314697265625,,16795.88,16.9,1,2,7,13.0,16.0,17.71,False,0.598,18.59,False,1.423907,3.493518,42.6982,10,1.38952,3.337695,42.8963,9,1.488745,3.792627,42.3414,9,1.496619,3.8177,42.3128,10,cf5f442ace33034ea8b0789ff90d35f3e7cefde91bb061d05077113ee490f409,rd=3 psy-rd=2.00 early-skip rskip mode=1 signhide tmvp b-intra strong-intra-smoothing deblock sao
tools,4,3337779491,mt19937,256,256,10,yuv420p,IPB,cqp,32,ref1,frame-threads=1:pools=4:log-level=info:keyint=250:min-keyint=25:bframes=4:b-adapt=2:scenecut=0:qp=32:ref=1,983040,447477,,0.4551971435546875,,8903.36,32.9,1,2,7,29.0,32.0,33.71,False,0.5984,18.55,False,8.51106,117.423002,27.4333,54,8.705966,122.987729,27.2322,54,8.116779,106.296869,27.8656,50,8.125714,106.290228,27.8659,53,cf5f442ace33034ea8b0789ff90d35f3e7cefde91bb061d05077113ee490f409,rd=3 psy-rd=2.00 early-skip rskip mode=1 signhide tmvp b-intra strong-intra-smoothing deblock sao
tools,4,3337779491,mt19937,256,256,10,yuv420p,IPB,lossless,,ref5,frame-threads=1:pools=4:log-level=info:keyint=250:min-keyint=25:bframes=4:b-adapt=2:scenecut=0:lossless=1:ref=5,983040,1308843,,1.3314239501953125,,26130.76,4.0,1,2,7,4.0,4.0,4.0,True,0.5062,21.86,True,0.0,0.0,inf,0,0.0,0.0,inf,0,0.0,0.0,inf,0,0.0,0.0,inf,0,cf5f442ace33034ea8b0789ff90d35f3e7cefde91bb061d05077113ee490f409,rd=3 psy-rd=2.00 early-skip rskip mode=1 signhide tmvp b-intra strong-intra-smoothing deblock sao
tools,4,3337779491,mt19937,256,256,10,yuv420p,IPB,cqp,16,ref5,frame-threads=1:pools=4:log-level=info:keyint=250:min-keyint=25:bframes=4:b-adapt=2:scenecut=0:qp=16:ref=5,983040,843653,,0.8582082112630208,,16826.88,16.9,1,2,7,13.0,16.0,17.71,False,0.6011,18.09,False,1.418299,3.46433,42.7346,10,1.386121,3.318643,42.9212,9,1.48042,3.748901,42.3918,10,1.484894,3.762506,42.376,10,cf5f442ace33034ea8b0789ff90d35f3e7cefde91bb061d05077113ee490f409,rd=3 psy-rd=2.00 early-skip rskip mode=1 signhide tmvp b-intra strong-intra-smoothing deblock sao
tools,4,3337779491,mt19937,256,256,10,yuv420p,IPB,cqp,32,ref5,frame-threads=1:pools=4:log-level=info:keyint=250:min-keyint=25:bframes=4:b-adapt=2:scenecut=0:qp=32:ref=5,983040,448660,,0.4564005533854167,,8927.02,32.9,1,2,7,29.0,32.0,33.71,False,0.6496,16.66,False,8.499555,117.147507,27.4435,59,8.688188,122.55537,27.2475,59,8.132117,106.65365,27.851,51,8.112463,106.009912,27.8773,47,cf5f442ace33034ea8b0789ff90d35f3e7cefde91bb061d05077113ee490f409,rd=3 psy-rd=2.00 early-skip rskip mode=1 signhide tmvp b-intra strong-intra-smoothing deblock sao
tools,4,3337779491,mt19937,256,256,10,yuv420p,IPB,lossless,,no-weightp,frame-threads=1:pools=4:log-level=info:keyint=250:min-keyint=25:bframes=4:b-adapt=2:scenecut=0:lossless=1:weightp=0,983040,1307516,,1.3300740559895834,,26104.16,4.0,1,2,7,4.0,4.0,4.0,True,0.5406,20.79,True,0.0,0.0,inf,0,0.0,0.0,inf,0,0.0,0.0,inf,0,0.0,0.0,inf,0,cf5f442ace33034ea8b0789ff90d35f3e7cefde91bb061d05077113ee490f409,rd=3 psy-rd=2.00 early-skip rskip mode=1 signhide tmvp b-intra strong-intra-smoothing deblock sao
tools,4,3337779491,mt19937,256,256,10,yuv420p,IPB,cqp,16,no-weightp,frame-threads=1:pools=4:log-level=info:keyint=250:min-keyint=25:bframes=4:b-adapt=2:scenecut=0:qp=16:weightp=0,983040,842025,,0.8565521240234375,,16794.26,16.9,1,2,7,13.0,16.0,17.71,False,0.5874,18.88,False,1.419568,3.472329,42.7246,10,1.386002,3.318759,42.921,10,1.486597,3.780444,42.3554,9,1.486804,3.778491,42.3576,9,cf5f442ace33034ea8b0789ff90d35f3e7cefde91bb061d05077113ee490f409,rd=3 psy-rd=2.00 early-skip rskip mode=1 signhide tmvp b-intra strong-intra-smoothing deblock sao
tools,4,3337779491,mt19937,256,256,10,yuv420p,IPB,cqp,32,no-weightp,frame-threads=1:pools=4:log-level=info:keyint=250:min-keyint=25:bframes=4:b-adapt=2:scenecut=0:qp=32:weightp=0,983040,447183,,0.4548980712890625,,8897.42,32.9,1,2,7,29.0,32.0,33.71,False,0.6221,17.6,False,8.524798,117.81954,27.4186,53,8.721838,123.435745,27.2164,53,8.134912,106.614648,27.8526,52,8.12652,106.559613,27.8549,53,cf5f442ace33034ea8b0789ff90d35f3e7cefde91bb061d05077113ee490f409,rd=3 psy-rd=2.00 early-skip rskip mode=1 signhide tmvp b-intra strong-intra-smoothing deblock sao
tools,4,3337779491,mt19937,256,256,10,yuv420p,IPB,lossless,,weightb,frame-threads=1:pools=4:log-level=info:keyint=250:min-keyint=25:bframes=4:b-adapt=2:scenecut=0:lossless=1:weightb=1,983040,1306996,,1.3295450846354167,,26093.88,4.0,1,2,7,4.0,4.0,4.0,True,0.5402,20.34,True,0.0,0.0,inf,0,0.0,0.0,inf,0,0.0,0.0,inf,0,0.0,0.0,inf,0,cf5f442ace33034ea8b0789ff90d35f3e7cefde91bb061d05077113ee490f409,rd=3 psy-rd=2.00 early-skip rskip mode=1 signhide tmvp b-intra strong-intra-smoothing deblock sao
tools,4,3337779491,mt19937,256,256,10,yuv420p,IPB,cqp,16,weightb,frame-threads=1:pools=4:log-level=info:keyint=250:min-keyint=25:bframes=4:b-adapt=2:scenecut=0:qp=16:weightb=1,983040,841784,,0.8563069661458333,,16789.56,16.9,1,2,7,13.0,16.0,17.71,False,0.5574,19.68,False,1.42422,3.490868,42.7015,10,1.391994,3.345351,42.8864,9,1.483484,3.764783,42.3734,10,1.49386,3.799023,42.3341,9,cf5f442ace33034ea8b0789ff90d35f3e7cefde91bb061d05077113ee490f409,rd=3 psy-rd=2.00 early-skip rskip mode=1 signhide tmvp b-intra strong-intra-smoothing deblock sao
tools,4,3337779491,mt19937,256,256,10,yuv420p,IPB,cqp,32,weightb,frame-threads=1:pools=4:log-level=info:keyint=250:min-keyint=25:bframes=4:b-adapt=2:scenecut=0:qp=32:weightb=1,983040,449479,,0.45723368326822916,,8943.46,32.9,1,2,7,29.0,32.0,33.71,False,0.6204,17.58,False,8.483235,116.709059,27.4598,61,8.683806,122.420451,27.2523,61,8.08443,105.302118,27.9064,53,8.079755,105.270428,27.9077,53,cf5f442ace33034ea8b0789ff90d35f3e7cefde91bb061d05077113ee490f409,rd=3 psy-rd=2.00 early-skip rskip mode=1 signhide tmvp b-intra strong-intra-smoothing deblock sao
tools,4,3337779491,mt19937,256,256,10,yuv420p,IPB,lossless,,scenecut-default,frame-threads=1:pools=4:log-level=info:keyint=250:min-keyint=25:bframes=4:b-adapt=2:scenecut=0:lossless=1:scenecut=40,983040,1305927,,1.3284576416015625,,26072.42,4.0,2,2,6,4.0,4.0,4.0,True,0.5326,20.95,True,0.0,0.0,inf,0,0.0,0.0,inf,0,0.0,0.0,inf,0,0.0,0.0,inf,0,cf5f442ace33034ea8b0789ff90d35f3e7cefde91bb061d05077113ee490f409,rd=3 psy-rd=2.00 early-skip rskip mode=1 signhide tmvp b-intra strong-intra-smoothing deblock sao
tools,4,3337779491,mt19937,256,256,10,yuv420p,IPB,cqp,16,scenecut-default,frame-threads=1:pools=4:log-level=info:keyint=250:min-keyint=25:bframes=4:b-adapt=2:scenecut=0:qp=16:scenecut=40,983040,855311,,0.8700673421223958,,17060.02,16.4,2,2,6,13.0,16.0,17.67,False,0.6076,18.06,False,1.322252,3.145712,43.1536,10,1.289249,3.003076,43.3551,9,1.383936,3.411975,42.8007,10,1.392584,3.449994,42.7526,9,cf5f442ace33034ea8b0789ff90d35f3e7cefde91bb061d05077113ee490f409,rd=3 psy-rd=2.00 early-skip rskip mode=1 signhide tmvp b-intra strong-intra-smoothing deblock sao
tools,4,3337779491,mt19937,256,256,10,yuv420p,IPB,cqp,32,scenecut-default,frame-threads=1:pools=4:log-level=info:keyint=250:min-keyint=25:bframes=4:b-adapt=2:scenecut=0:qp=32:scenecut=40,983040,457328,,0.4652180989583333,,9100.36,32.4,2,2,6,29.0,32.0,33.67,False,0.657,16.65,False,8.013392,106.361925,27.8629,57,8.174023,110.981796,27.6783,57,7.689337,97.034222,28.2616,49,7.694922,97.210144,28.2537,48,cf5f442ace33034ea8b0789ff90d35f3e7cefde91bb061d05077113ee490f409,rd=3 psy-rd=2.00 early-skip rskip mode=1 signhide tmvp b-intra strong-intra-smoothing deblock sao
tools,4,3337779491,mt19937,256,256,10,yuv420p,IPB,lossless,,aq0,frame-threads=1:pools=4:log-level=info:keyint=250:min-keyint=25:bframes=4:b-adapt=2:scenecut=0:lossless=1:aq-mode=0,983040,1307506,,1.3300638834635417,,26104.02,4.0,1,2,7,4.0,4.0,4.0,True,0.5541,19.9,True,0.0,0.0,inf,0,0.0,0.0,inf,0,0.0,0.0,inf,0,0.0,0.0,inf,0,cf5f442ace33034ea8b0789ff90d35f3e7cefde91bb061d05077113ee490f409,rd=3 psy-rd=2.00 early-skip rskip mode=1 signhide tmvp b-intra strong-intra-smoothing deblock sao
tools,4,3337779491,mt19937,256,256,10,yuv420p,IPB,cqp,16,aq0,frame-threads=1:pools=4:log-level=info:keyint=250:min-keyint=25:bframes=4:b-adapt=2:scenecut=0:qp=16:aq-mode=0,983040,841236,,0.85574951171875,,16778.54,16.9,1,2,7,13.0,16.0,17.71,False,0.5986,18.33,False,1.423988,3.496274,42.6947,10,1.390019,3.339418,42.8941,9,1.49035,3.802997,42.3295,10,1.4935,3.816974,42.3136,10,cf5f442ace33034ea8b0789ff90d35f3e7cefde91bb061d05077113ee490f409,rd=3 psy-rd=2.00 early-skip rskip mode=1 signhide tmvp b-intra strong-intra-smoothing deblock sao
tools,4,3337779491,mt19937,256,256,10,yuv420p,IPB,cqp,32,aq0,frame-threads=1:pools=4:log-level=info:keyint=250:min-keyint=25:bframes=4:b-adapt=2:scenecut=0:qp=32:aq-mode=0,983040,448036,,0.45576578776041665,,8914.54,32.9,1,2,7,29.0,32.0,33.71,False,0.6311,17.43,False,8.510286,117.430823,27.433,56,8.702065,122.912608,27.2348,56,8.132214,106.79729,27.8452,51,8.121246,106.137213,27.8721,48,cf5f442ace33034ea8b0789ff90d35f3e7cefde91bb061d05077113ee490f409,rd=3 psy-rd=2.00 early-skip rskip mode=1 signhide tmvp b-intra strong-intra-smoothing deblock sao
tools,4,3337779491,mt19937,256,256,10,yuv420p,IPB,lossless,,aq1,frame-threads=1:pools=4:log-level=info:keyint=250:min-keyint=25:bframes=4:b-adapt=2:scenecut=0:lossless=1:aq-mode=1,983040,1307506,,1.3300638834635417,,26104.02,4.0,1,2,7,4.0,4.0,4.0,True,0.5366,20.5,True,0.0,0.0,inf,0,0.0,0.0,inf,0,0.0,0.0,inf,0,0.0,0.0,inf,0,cf5f442ace33034ea8b0789ff90d35f3e7cefde91bb061d05077113ee490f409,rd=3 psy-rd=2.00 early-skip rskip mode=1 signhide tmvp b-intra strong-intra-smoothing deblock sao
tools,4,3337779491,mt19937,256,256,10,yuv420p,IPB,cqp,16,aq1,frame-threads=1:pools=4:log-level=info:keyint=250:min-keyint=25:bframes=4:b-adapt=2:scenecut=0:qp=16:aq-mode=1,983040,841236,,0.85574951171875,,16778.54,16.9,1,2,7,13.0,16.0,17.71,False,0.5859,18.9,False,1.423988,3.496274,42.6947,10,1.390019,3.339418,42.8941,9,1.49035,3.802997,42.3295,10,1.4935,3.816974,42.3136,10,cf5f442ace33034ea8b0789ff90d35f3e7cefde91bb061d05077113ee490f409,rd=3 psy-rd=2.00 early-skip rskip mode=1 signhide tmvp b-intra strong-intra-smoothing deblock sao
tools,4,3337779491,mt19937,256,256,10,yuv420p,IPB,cqp,32,aq1,frame-threads=1:pools=4:log-level=info:keyint=250:min-keyint=25:bframes=4:b-adapt=2:scenecut=0:qp=32:aq-mode=1,983040,448036,,0.45576578776041665,,8914.54,32.9,1,2,7,29.0,32.0,33.71,False,0.6358,17.16,False,8.510286,117.430823,27.433,56,8.702065,122.912608,27.2348,56,8.132214,106.79729,27.8452,51,8.121246,106.137213,27.8721,48,cf5f442ace33034ea8b0789ff90d35f3e7cefde91bb061d05077113ee490f409,rd=3 psy-rd=2.00 early-skip rskip mode=1 signhide tmvp b-intra strong-intra-smoothing deblock sao
tools,4,3337779491,mt19937,256,256,10,yuv420p,IPB,lossless,,aq2,frame-threads=1:pools=4:log-level=info:keyint=250:min-keyint=25:bframes=4:b-adapt=2:scenecut=0:lossless=1:aq-mode=2,983040,1307506,,1.3300638834635417,,26104.02,4.0,1,2,7,4.0,4.0,4.0,True,0.5045,22.0,True,0.0,0.0,inf,0,0.0,0.0,inf,0,0.0,0.0,inf,0,0.0,0.0,inf,0,cf5f442ace33034ea8b0789ff90d35f3e7cefde91bb061d05077113ee490f409,rd=3 psy-rd=2.00 early-skip rskip mode=1 signhide tmvp b-intra strong-intra-smoothing deblock sao
tools,4,3337779491,mt19937,256,256,10,yuv420p,IPB,cqp,16,aq2,frame-threads=1:pools=4:log-level=info:keyint=250:min-keyint=25:bframes=4:b-adapt=2:scenecut=0:qp=16:aq-mode=2,983040,841236,,0.85574951171875,,16778.54,16.9,1,2,7,13.0,16.0,17.71,False,0.5995,18.39,False,1.423988,3.496274,42.6947,10,1.390019,3.339418,42.8941,9,1.49035,3.802997,42.3295,10,1.4935,3.816974,42.3136,10,cf5f442ace33034ea8b0789ff90d35f3e7cefde91bb061d05077113ee490f409,rd=3 psy-rd=2.00 early-skip rskip mode=1 signhide tmvp b-intra strong-intra-smoothing deblock sao
tools,4,3337779491,mt19937,256,256,10,yuv420p,IPB,cqp,32,aq2,frame-threads=1:pools=4:log-level=info:keyint=250:min-keyint=25:bframes=4:b-adapt=2:scenecut=0:qp=32:aq-mode=2,983040,448036,,0.45576578776041665,,8914.54,32.9,1,2,7,29.0,32.0,33.71,False,0.6293,17.38,False,8.510286,117.430823,27.433,56,8.702065,122.912608,27.2348,56,8.132214,106.79729,27.8452,51,8.121246,106.137213,27.8721,48,cf5f442ace33034ea8b0789ff90d35f3e7cefde91bb061d05077113ee490f409,rd=3 psy-rd=2.00 early-skip rskip mode=1 signhide tmvp b-intra strong-intra-smoothing deblock sao
tools,4,3337779491,mt19937,256,256,10,yuv420p,IPB,lossless,,aq3,frame-threads=1:pools=4:log-level=info:keyint=250:min-keyint=25:bframes=4:b-adapt=2:scenecut=0:lossless=1:aq-mode=3,983040,1307506,,1.3300638834635417,,26104.02,4.0,1,2,7,4.0,4.0,4.0,True,0.547,20.02,True,0.0,0.0,inf,0,0.0,0.0,inf,0,0.0,0.0,inf,0,0.0,0.0,inf,0,cf5f442ace33034ea8b0789ff90d35f3e7cefde91bb061d05077113ee490f409,rd=3 psy-rd=2.00 early-skip rskip mode=1 signhide tmvp b-intra strong-intra-smoothing deblock sao
tools,4,3337779491,mt19937,256,256,10,yuv420p,IPB,cqp,16,aq3,frame-threads=1:pools=4:log-level=info:keyint=250:min-keyint=25:bframes=4:b-adapt=2:scenecut=0:qp=16:aq-mode=3,983040,841236,,0.85574951171875,,16778.54,16.9,1,2,7,13.0,16.0,17.71,False,0.5869,18.82,False,1.423988,3.496274,42.6947,10,1.390019,3.339418,42.8941,9,1.49035,3.802997,42.3295,10,1.4935,3.816974,42.3136,10,cf5f442ace33034ea8b0789ff90d35f3e7cefde91bb061d05077113ee490f409,rd=3 psy-rd=2.00 early-skip rskip mode=1 signhide tmvp b-intra strong-intra-smoothing deblock sao
tools,4,3337779491,mt19937,256,256,10,yuv420p,IPB,cqp,32,aq3,frame-threads=1:pools=4:log-level=info:keyint=250:min-keyint=25:bframes=4:b-adapt=2:scenecut=0:qp=32:aq-mode=3,983040,448036,,0.45576578776041665,,8914.54,32.9,1,2,7,29.0,32.0,33.71,False,0.6439,17.01,False,8.510286,117.430823,27.433,56,8.702065,122.912608,27.2348,56,8.132214,106.79729,27.8452,51,8.121246,106.137213,27.8721,48,cf5f442ace33034ea8b0789ff90d35f3e7cefde91bb061d05077113ee490f409,rd=3 psy-rd=2.00 early-skip rskip mode=1 signhide tmvp b-intra strong-intra-smoothing deblock sao
tools,4,3337779491,mt19937,256,256,10,yuv420p,IPB,lossless,,psy-rd0,frame-threads=1:pools=4:log-level=info:keyint=250:min-keyint=25:bframes=4:b-adapt=2:scenecut=0:lossless=1:psy-rd=0,983040,1305887,,1.3284169514973958,,26071.64,4.0,1,2,7,4.0,4.0,4.0,True,0.5077,21.71,True,0.0,0.0,inf,0,0.0,0.0,inf,0,0.0,0.0,inf,0,0.0,0.0,inf,0,cf5f442ace33034ea8b0789ff90d35f3e7cefde91bb061d05077113ee490f409,rd=3 early-skip rskip mode=1 signhide tmvp b-intra strong-intra-smoothing deblock sao
tools,4,3337779491,mt19937,256,256,10,yuv420p,IPB,cqp,16,psy-rd0,frame-threads=1:pools=4:log-level=info:keyint=250:min-keyint=25:bframes=4:b-adapt=2:scenecut=0:qp=16:psy-rd=0,983040,827235,,0.8415069580078125,,16498.52,16.9,1,2,7,13.0,16.0,17.71,False,0.6094,18.17,False,1.453448,3.599532,42.5683,10,1.420412,3.439647,42.7657,9,1.51853,3.906775,42.2126,9,1.520514,3.93183,42.1849,10,cf5f442ace33034ea8b0789ff90d35f3e7cefde91bb061d05077113ee490f409,rd=3 early-skip rskip mode=1 signhide tmvp b-intra strong-intra-smoothing deblock sao
tools,4,3337779491,mt19937,256,256,10,yuv420p,IPB,cqp,32,psy-rd0,frame-threads=1:pools=4:log-level=info:keyint=250:min-keyint=25:bframes=4:b-adapt=2:scenecut=0:qp=32:psy-rd=0,983040,430915,,0.4383494059244792,,8572.12,32.9,1,2,7,29.0,32.0,33.71,False,0.6306,17.13,False,8.70691,122.591312,27.2462,55,8.911411,128.497345,27.0419,55,8.293359,110.641992,27.6916,53,8.30246,110.916498,27.6808,50,cf5f442ace33034ea8b0789ff90d35f3e7cefde91bb061d05077113ee490f409,rd=3 early-skip rskip mode=1 signhide tmvp b-intra strong-intra-smoothing deblock sao
tools,4,3337779491,mt19937,256,256,10,yuv420p,IPB,lossless,,psy-rd2,frame-threads=1:pools=4:log-level=info:keyint=250:min-keyint=25:bframes=4:b-adapt=2:scenecut=0:lossless=1:psy-rd=2.0,983040,1307506,,1.3300638834635417,,26104.02,4.0,1,2,7,4.0,4.0,4.0,True,0.5092,21.56,True,0.0,0.0,inf,0,0.0,0.0,inf,0,0.0,0.0,inf,0,0.0,0.0,inf,0,cf5f442ace33034ea8b0789ff90d35f3e7cefde91bb061d05077113ee490f409,rd=3 psy-rd=2.00 early-skip rskip mode=1 signhide tmvp b-intra strong-intra-smoothing deblock sao
tools,4,3337779491,mt19937,256,256,10,yuv420p,IPB,cqp,16,psy-rd2,frame-threads=1:pools=4:log-level=info:keyint=250:min-keyint=25:bframes=4:b-adapt=2:scenecut=0:qp=16:psy-rd=2.0,983040,841236,,0.85574951171875,,16778.54,16.9,1,2,7,13.0,16.0,17.71,False,0.6093,17.79,False,1.423988,3.496274,42.6947,10,1.390019,3.339418,42.8941,9,1.49035,3.802997,42.3295,10,1.4935,3.816974,42.3136,10,cf5f442ace33034ea8b0789ff90d35f3e7cefde91bb061d05077113ee490f409,rd=3 psy-rd=2.00 early-skip rskip mode=1 signhide tmvp b-intra strong-intra-smoothing deblock sao
tools,4,3337779491,mt19937,256,256,10,yuv420p,IPB,cqp,32,psy-rd2,frame-threads=1:pools=4:log-level=info:keyint=250:min-keyint=25:bframes=4:b-adapt=2:scenecut=0:qp=32:psy-rd=2.0,983040,448036,,0.45576578776041665,,8914.54,32.9,1,2,7,29.0,32.0,33.71,False,0.6347,17.26,False,8.510286,117.430823,27.433,56,8.702065,122.912608,27.2348,56,8.132214,106.79729,27.8452,51,8.121246,106.137213,27.8721,48,cf5f442ace33034ea8b0789ff90d35f3e7cefde91bb061d05077113ee490f409,rd=3 psy-rd=2.00 early-skip rskip mode=1 signhide tmvp b-intra strong-intra-smoothing deblock sao
tools,4,3337779491,mt19937,256,256,10,yuv420p,IPB,lossless,,psy-rdoq2.5,frame-threads=1:pools=4:log-level=info:keyint=250:min-keyint=25:bframes=4:b-adapt=2:scenecut=0:lossless=1:psy-rdoq=2.5:rdoq-level=2,983040,1307506,,1.3300638834635417,,26104.02,4.0,1,2,7,4.0,4.0,4.0,True,0.5209,21.4,True,0.0,0.0,inf,0,0.0,0.0,inf,0,0.0,0.0,inf,0,0.0,0.0,inf,0,cf5f442ace33034ea8b0789ff90d35f3e7cefde91bb061d05077113ee490f409,rd=3 psy-rd=2.00 rdoq=2 psy-rdoq=2.50 early-skip rskip mode=1 signhide tmvp b-intra strong-intra-smoothing deblock sao
tools,4,3337779491,mt19937,256,256,10,yuv420p,IPB,cqp,16,psy-rdoq2.5,frame-threads=1:pools=4:log-level=info:keyint=250:min-keyint=25:bframes=4:b-adapt=2:scenecut=0:qp=16:psy-rdoq=2.5:rdoq-level=2,983040,828601,,0.8428965250651042,,16525.84,16.9,1,2,7,13.0,16.0,17.71,False,1.2055,8.72,False,1.09697,2.108013,44.8921,8,1.077271,2.032806,45.0498,7,1.135059,2.254919,44.5995,8,1.137677,2.261932,44.586,7,cf5f442ace33034ea8b0789ff90d35f3e7cefde91bb061d05077113ee490f409,rd=3 psy-rd=2.00 rdoq=2 psy-rdoq=2.50 early-skip rskip mode=1 signhide tmvp b-intra strong-intra-smoothing deblock sao
tools,4,3337779491,mt19937,256,256,10,yuv420p,IPB,cqp,32,psy-rdoq2.5,frame-threads=1:pools=4:log-level=info:keyint=250:min-keyint=25:bframes=4:b-adapt=2:scenecut=0:qp=32:psy-rdoq=2.5:rdoq-level=2,983040,448813,,0.45655619303385414,,8930.08,32.9,1,2,7,29.0,32.0,33.71,False,1.2598,8.26,False,6.376986,65.94081,29.9393,48,6.522202,69.034433,29.7401,48,6.076428,59.600488,30.3783,38,6.09668,59.906641,30.3561,39,cf5f442ace33034ea8b0789ff90d35f3e7cefde91bb061d05077113ee490f409,rd=3 psy-rd=2.00 rdoq=2 psy-rdoq=2.50 early-skip rskip mode=1 signhide tmvp b-intra strong-intra-smoothing deblock sao
tools,4,3337779491,mt19937,256,256,10,yuv420p,IPB,lossless,,ctu32,frame-threads=1:pools=4:log-level=info:keyint=250:min-keyint=25:bframes=4:b-adapt=2:scenecut=0:lossless=1:ctu=32,983040,1309184,,1.3317708333333333,,26137.58,4.0,1,2,7,4.0,4.0,4.0,True,0.43,26.74,True,0.0,0.0,inf,0,0.0,0.0,inf,0,0.0,0.0,inf,0,0.0,0.0,inf,0,cf5f442ace33034ea8b0789ff90d35f3e7cefde91bb061d05077113ee490f409,rd=3 psy-rd=2.00 early-skip rskip mode=1 signhide tmvp b-intra strong-intra-smoothing deblock sao
tools,4,3337779491,mt19937,256,256,10,yuv420p,IPB,cqp,16,ctu32,frame-threads=1:pools=4:log-level=info:keyint=250:min-keyint=25:bframes=4:b-adapt=2:scenecut=0:qp=16:ctu=32,983040,850521,,0.8651947021484375,,16964.24,16.9,1,2,7,13.0,16.0,17.71,False,0.4293,26.29,False,1.411921,3.43747,42.7684,9,1.38439,3.31232,42.9295,9,1.46499,3.687634,42.4633,9,1.468976,3.687909,42.463,9,cf5f442ace33034ea8b0789ff90d35f3e7cefde91bb061d05077113ee490f409,rd=3 psy-rd=2.00 early-skip rskip mode=1 signhide tmvp b-intra strong-intra-smoothing deblock sao
tools,4,3337779491,mt19937,256,256,10,yuv420p,IPB,cqp,32,ctu32,frame-threads=1:pools=4:log-level=info:keyint=250:min-keyint=25:bframes=4:b-adapt=2:scenecut=0:qp=32:ctu=32,983040,446884,,0.45459391276041666,,8891.5,32.9,1,2,7,29.0,32.0,33.71,False,0.48,23.12,False,8.609141,119.910803,27.3422,58,8.753696,124.226929,27.1886,58,8.325885,111.46983,27.6592,49,8.314178,111.087274,27.6742,52,cf5f442ace33034ea8b0789ff90d35f3e7cefde91bb061d05077113ee490f409,rd=3 psy-rd=2.00 early-skip rskip mode=1 signhide tmvp b-intra strong-intra-smoothing deblock sao
tools,4,3337779491,mt19937,256,256,10,yuv420p,IPB,lossless,,ctu16,frame-threads=1:pools=4:log-level=info:keyint=250:min-keyint=25:bframes=4:b-adapt=2:scenecut=0:lossless=1:ctu=16,983040,1313279,,1.3359364827473958,,26219.48,4.0,1,2,7,4.0,4.0,4.0,True,0.3414,34.18,True,0.0,0.0,inf,0,0.0,0.0,inf,0,0.0,0.0,inf,0,0.0,0.0,inf,0,cf5f442ace33034ea8b0789ff90d35f3e7cefde91bb061d05077113ee490f409,rd=3 psy-rd=2.00 early-skip rskip mode=1 signhide tmvp b-intra strong-intra-smoothing deblock sao
tools,4,3337779491,mt19937,256,256,10,yuv420p,IPB,cqp,16,ctu16,frame-threads=1:pools=4:log-level=info:keyint=250:min-keyint=25:bframes=4:b-adapt=2:scenecut=0:qp=16:ctu=16,983040,856329,,0.8711029052734375,,17080.4,16.9,1,2,7,13.0,16.0,17.71,False,0.371,31.48,False,1.440519,3.562085,42.6138,11,1.396918,3.366345,42.8592,9,1.526428,3.955164,42.1592,11,1.529016,3.951965,42.1627,10,cf5f442ace33034ea8b0789ff90d35f3e7cefde91bb061d05077113ee490f409,rd=3 psy-rd=2.00 early-skip rskip mode=1 signhide tmvp b-intra strong-intra-smoothing deblock sao
tools,4,3337779491,mt19937,256,256,10,yuv420p,IPB,cqp,32,ctu16,frame-threads=1:pools=4:log-level=info:keyint=250:min-keyint=25:bframes=4:b-adapt=2:scenecut=0:qp=32:ctu=16,983040,455793,,0.4636566162109375,,9069.68,32.9,1,2,7,29.0,32.0,33.71,False,0.3655,31.7,False,8.730299,123.309185,27.2208,61,8.894537,128.431912,27.0441,61,8.410864,113.244666,27.5906,53,8.39278,112.882794,27.6045,50,cf5f442ace33034ea8b0789ff90d35f3e7cefde91bb061d05077113ee490f409,rd=3 psy-rd=2.00 early-skip rskip mode=1 signhide tmvp b-intra strong-intra-smoothing deblock sao
tools,4,3337779491,mt19937,256,256,10,yuv420p,IPB,lossless,,no-signhide,frame-threads=1:pools=4:log-level=info:keyint=250:min-keyint=25:bframes=4:b-adapt=2:scenecut=0:lossless=1:signhide=0,983040,1307509,,1.330066935221354,,26104.02,4.0,1,2,7,4.0,4.0,4.0,True,0.5269,20.87,True,0.0,0.0,inf,0,0.0,0.0,inf,0,0.0,0.0,inf,0,0.0,0.0,inf,0,cf5f442ace33034ea8b0789ff90d35f3e7cefde91bb061d05077113ee490f409,rd=3 psy-rd=2.00 early-skip rskip mode=1 tmvp b-intra strong-intra-smoothing deblock sao
tools,4,3337779491,mt19937,256,256,10,yuv420p,IPB,cqp,16,no-signhide,frame-threads=1:pools=4:log-level=info:keyint=250:min-keyint=25:bframes=4:b-adapt=2:scenecut=0:qp=16:signhide=0,983040,849330,,0.863983154296875,,16940.36,16.9,1,2,7,13.0,16.0,17.71,False,0.4937,22.74,False,1.484076,3.779655,42.3563,10,1.449472,3.61741,42.5468,10,1.54931,4.090692,42.0128,10,1.557257,4.117596,41.9844,9,cf5f442ace33034ea8b0789ff90d35f3e7cefde91bb061d05077113ee490f409,rd=3 psy-rd=2.00 early-skip rskip mode=1 tmvp b-intra strong-intra-smoothing deblock sao
tools,4,3337779491,mt19937,256,256,10,yuv420p,IPB,cqp,32,no-signhide,frame-threads=1:pools=4:log-level=info:keyint=250:min-keyint=25:bframes=4:b-adapt=2:scenecut=0:qp=32:signhide=0,983040,455485,,0.4633433024088542,,9063.46,32.9,1,2,7,29.0,32.0,33.71,False,0.5504,19.95,False,8.894279,128.101821,27.0553,61,9.107138,134.618576,26.8398,61,8.478644,115.164825,27.5176,51,8.458478,114.971796,27.5249,55,cf5f442ace33034ea8b0789ff90d35f3e7cefde91bb061d05077113ee490f409,rd=3 psy-rd=2.00 early-skip rskip mode=1 tmvp b-intra strong-intra-smoothing deblock sao
tools,4,3337779491,mt19937,256,256,10,yuv420p,IPB,lossless,,no-tmvp,frame-threads=1:pools=4:log-level=info:keyint=250:min-keyint=25:bframes=4:b-adapt=2:scenecut=0:lossless=1:tmvp=0,983040,1307506,,1.3300638834635417,,26104.02,4.0,1,2,7,4.0,4.0,4.0,True,0.5272,20.84,True,0.0,0.0,inf,0,0.0,0.0,inf,0,0.0,0.0,inf,0,0.0,0.0,inf,0,cf5f442ace33034ea8b0789ff90d35f3e7cefde91bb061d05077113ee490f409,rd=3 psy-rd=2.00 early-skip rskip mode=1 signhide tmvp b-intra strong-intra-smoothing deblock sao
tools,4,3337779491,mt19937,256,256,10,yuv420p,IPB,cqp,16,no-tmvp,frame-threads=1:pools=4:log-level=info:keyint=250:min-keyint=25:bframes=4:b-adapt=2:scenecut=0:qp=16:tmvp=0,983040,841236,,0.85574951171875,,16778.54,16.9,1,2,7,13.0,16.0,17.71,False,0.6012,18.28,False,1.423988,3.496274,42.6947,10,1.390019,3.339418,42.8941,9,1.49035,3.802997,42.3295,10,1.4935,3.816974,42.3136,10,cf5f442ace33034ea8b0789ff90d35f3e7cefde91bb061d05077113ee490f409,rd=3 psy-rd=2.00 early-skip rskip mode=1 signhide tmvp b-intra strong-intra-smoothing deblock sao
tools,4,3337779491,mt19937,256,256,10,yuv420p,IPB,cqp,32,no-tmvp,frame-threads=1:pools=4:log-level=info:keyint=250:min-keyint=25:bframes=4:b-adapt=2:scenecut=0:qp=32:tmvp=0,983040,448036,,0.45576578776041665,,8914.54,32.9,1,2,7,29.0,32.0,33.71,False,0.6214,17.44,False,8.510286,117.430823,27.433,56,8.702065,122.912608,27.2348,56,8.132214,106.79729,27.8452,51,8.121246,106.137213,27.8721,48,cf5f442ace33034ea8b0789ff90d35f3e7cefde91bb061d05077113ee490f409,rd=3 psy-rd=2.00 early-skip rskip mode=1 signhide tmvp b-intra strong-intra-smoothing deblock sao
tools,4,3337779491,mt19937,256,256,10,yuv420p,IPB,lossless,,no-strong-intra-smoothing,frame-threads=1:pools=4:log-level=info:keyint=250:min-keyint=25:bframes=4:b-adapt=2:scenecut=0:lossless=1:strong-intra-smoothing=0,983040,1307509,,1.330066935221354,,26104.02,4.0,1,2,7,4.0,4.0,4.0,True,0.5449,20.87,True,0.0,0.0,inf,0,0.0,0.0,inf,0,0.0,0.0,inf,0,0.0,0.0,inf,0,cf5f442ace33034ea8b0789ff90d35f3e7cefde91bb061d05077113ee490f409,rd=3 psy-rd=2.00 early-skip rskip mode=1 signhide tmvp b-intra deblock sao
tools,4,3337779491,mt19937,256,256,10,yuv420p,IPB,cqp,16,no-strong-intra-smoothing,frame-threads=1:pools=4:log-level=info:keyint=250:min-keyint=25:bframes=4:b-adapt=2:scenecut=0:qp=16:strong-intra-smoothing=0,983040,841239,,0.8557525634765625,,16778.54,16.9,1,2,7,13.0,16.0,17.71,False,0.5805,18.8,False,1.423988,3.496274,42.6947,10,1.390019,3.339418,42.8941,9,1.49035,3.802997,42.3295,10,1.4935,3.816974,42.3136,10,cf5f442ace33034ea8b0789ff90d35f3e7cefde91bb061d05077113ee490f409,rd=3 psy-rd=2.00 early-skip rskip mode=1 signhide tmvp b-intra deblock sao
tools,4,3337779491,mt19937,256,256,10,yuv420p,IPB,cqp,32,no-strong-intra-smoothing,frame-threads=1:pools=4:log-level=info:keyint=250:min-keyint=25:bframes=4:b-adapt=2:scenecut=0:qp=32:strong-intra-smoothing=0,983040,448168,,0.45590006510416664,,8917.12,32.9,1,2,7,29.0,32.0,33.71,False,0.6531,16.58,False,8.513478,117.383096,27.4347,55,8.711156,122.978255,27.2325,55,8.12146,106.256311,27.8673,49,8.114783,106.129248,27.8725,52,cf5f442ace33034ea8b0789ff90d35f3e7cefde91bb061d05077113ee490f409,rd=3 psy-rd=2.00 early-skip rskip mode=1 signhide tmvp b-intra deblock sao
tools,4,3337779491,mt19937,256,256,10,yuv420p,IPB,lossless,,constrained-intra,frame-threads=1:pools=4:log-level=info:keyint=250:min-keyint=25:bframes=4:b-adapt=2:scenecut=0:lossless=1:constrained-intra=1,983040,1310699,,1.3333119710286458,,26167.94,4.0,1,2,7,4.0,4.0,4.0,True,0.5075,22.26,True,0.0,0.0,inf,0,0.0,0.0,inf,0,0.0,0.0,inf,0,0.0,0.0,inf,0,cf5f442ace33034ea8b0789ff90d35f3e7cefde91bb061d05077113ee490f409,rd=3 psy-rd=2.00 early-skip rskip mode=1 signhide tmvp cip b-intra strong-intra-smoothing deblock sao
tools,4,3337779491,mt19937,256,256,10,yuv420p,IPB,cqp,16,constrained-intra,frame-threads=1:pools=4:log-level=info:keyint=250:min-keyint=25:bframes=4:b-adapt=2:scenecut=0:qp=16:constrained-intra=1,983040,842268,,0.85679931640625,,16799.24,16.9,1,2,7,13.0,16.0,17.71,False,0.6058,18.05,False,1.424924,3.50007,42.69,9,1.391394,3.350104,42.8802,9,1.491003,3.791833,42.3423,9,1.492963,3.808173,42.3236,9,cf5f442ace33034ea8b0789ff90d35f3e7cefde91bb061d05077113ee490f409,rd=3 psy-rd=2.00 early-skip rskip mode=1 signhide tmvp cip b-intra strong-intra-smoothing deblock sao
tools,4,3337779491,mt19937,256,256,10,yuv420p,IPB,cqp,32,constrained-intra,frame-threads=1:pools=4:log-level=info:keyint=250:min-keyint=25:bframes=4:b-adapt=2:scenecut=0:qp=32:constrained-intra=1,983040,448568,,0.4563069661458333,,8925.24,32.9,1,2,7,29.0,32.0,33.71,False,0.6251,17.6,False,8.496484,117.009237,27.4486,55,8.678996,122.25685,27.2581,55,8.125873,106.354633,27.8632,50,8.137048,106.673389,27.8502,51,cf5f442ace33034ea8b0789ff90d35f3e7cefde91bb061d05077113ee490f409,rd=3 psy-rd=2.00 early-skip rskip mode=1 signhide tmvp cip b-intra strong-intra-smoothing deblock sao
tools,4,3337779491,mt19937,256,256,10,yuv420p,IPB,lossless,,b-intra,frame-threads=1:pools=4:log-level=info:keyint=250:min-keyint=25:bframes=4:b-adapt=2:scenecut=0:lossless=1:b-intra=1,983040,1307506,,1.3300638834635417,,26104.02,4.0,1,2,7,4.0,4.0,4.0,True,0.5175,21.15,True,0.0,0.0,inf,0,0.0,0.0,inf,0,0.0,0.0,inf,0,0.0,0.0,inf,0,cf5f442ace33034ea8b0789ff90d35f3e7cefde91bb061d05077113ee490f409,rd=3 psy-rd=2.00 early-skip rskip mode=1 signhide tmvp b-intra strong-intra-smoothing deblock sao
tools,4,3337779491,mt19937,256,256,10,yuv420p,IPB,cqp,16,b-intra,frame-threads=1:pools=4:log-level=info:keyint=250:min-keyint=25:bframes=4:b-adapt=2:scenecut=0:qp=16:b-intra=1,983040,841236,,0.85574951171875,,16778.54,16.9,1,2,7,13.0,16.0,17.71,False,0.5868,18.93,False,1.423988,3.496274,42.6947,10,1.390019,3.339418,42.8941,9,1.49035,3.802997,42.3295,10,1.4935,3.816974,42.3136,10,cf5f442ace33034ea8b0789ff90d35f3e7cefde91bb061d05077113ee490f409,rd=3 psy-rd=2.00 early-skip rskip mode=1 signhide tmvp b-intra strong-intra-smoothing deblock sao
tools,4,3337779491,mt19937,256,256,10,yuv420p,IPB,cqp,32,b-intra,frame-threads=1:pools=4:log-level=info:keyint=250:min-keyint=25:bframes=4:b-adapt=2:scenecut=0:qp=32:b-intra=1,983040,448036,,0.45576578776041665,,8914.54,32.9,1,2,7,29.0,32.0,33.71,False,0.6425,17.12,False,8.510286,117.430823,27.433,56,8.702065,122.912608,27.2348,56,8.132214,106.79729,27.8452,51,8.121246,106.137213,27.8721,48,cf5f442ace33034ea8b0789ff90d35f3e7cefde91bb061d05077113ee490f409,rd=3 psy-rd=2.00 early-skip rskip mode=1 signhide tmvp b-intra strong-intra-smoothing deblock sao
tools,4,3337779491,mt19937,256,256,10,yuv420p,IPB,lossless,,no-b-pyramid,frame-threads=1:pools=4:log-level=info:keyint=250:min-keyint=25:bframes=4:b-adapt=2:scenecut=0:lossless=1:b-pyramid=0,983040,1309554,,1.332147216796875,,26144.92,4.0,1,2,7,4.0,4.0,4.0,True,0.5638,19.9,True,0.0,0.0,inf,0,0.0,0.0,inf,0,0.0,0.0,inf,0,0.0,0.0,inf,0,cf5f442ace33034ea8b0789ff90d35f3e7cefde91bb061d05077113ee490f409,rd=3 psy-rd=2.00 early-skip rskip mode=1 signhide tmvp b-intra strong-intra-smoothing deblock sao
tools,4,3337779491,mt19937,256,256,10,yuv420p,IPB,cqp,16,no-b-pyramid,frame-threads=1:pools=4:log-level=info:keyint=250:min-keyint=25:bframes=4:b-adapt=2:scenecut=0:qp=16:b-pyramid=0,983040,834481,,0.8488779703776042,,16643.38,17.1,1,2,7,13.0,16.0,18.0,False,0.5884,18.75,False,1.458239,3.650695,42.507,10,1.423717,3.490361,42.7021,9,1.5245,3.959558,42.1543,10,1.530066,3.983167,42.1285,10,cf5f442ace33034ea8b0789ff90d35f3e7cefde91bb061d05077113ee490f409,rd=3 psy-rd=2.00 early-skip rskip mode=1 signhide tmvp b-intra strong-intra-smoothing deblock sao
tools,4,3337779491,mt19937,256,256,10,yuv420p,IPB,cqp,32,no-b-pyramid,frame-threads=1:pools=4:log-level=info:keyint=250:min-keyint=25:bframes=4:b-adapt=2:scenecut=0:qp=32:b-pyramid=0,983040,441979,,0.44960428873697916,,8793.34,33.1,1,2,7,29.0,32.0,34.0,False,0.635,17.32,False,8.745601,123.996324,27.1967,57,8.942178,129.895135,26.9949,57,8.343359,111.92876,27.6414,48,8.361536,112.46864,27.6205,53,cf5f442ace33034ea8b0789ff90d35f3e7cefde91bb061d05077113ee490f409,rd=3 psy-rd=2.00 early-skip rskip mode=1 signhide tmvp b-intra strong-intra-smoothing deblock sao
tools,4,3337779491,mt19937,256,256,10,yuv420p,IPB,lossless,,no-cutree,frame-threads=1:pools=4:log-level=info:keyint=250:min-keyint=25:bframes=4:b-adapt=2:scenecut=0:lossless=1:cutree=0,983040,1307506,,1.3300638834635417,,26104.02,4.0,1,2,7,4.0,4.0,4.0,True,0.5437,20.15,True,0.0,0.0,inf,0,0.0,0.0,inf,0,0.0,0.0,inf,0,0.0,0.0,inf,0,cf5f442ace33034ea8b0789ff90d35f3e7cefde91bb061d05077113ee490f409,rd=3 psy-rd=2.00 early-skip rskip mode=1 signhide tmvp b-intra strong-intra-smoothing deblock sao
tools,4,3337779491,mt19937,256,256,10,yuv420p,IPB,cqp,16,no-cutree,frame-threads=1:pools=4:log-level=info:keyint=250:min-keyint=25:bframes=4:b-adapt=2:scenecut=0:qp=16:cutree=0,983040,841236,,0.85574951171875,,16778.54,16.9,1,2,7,13.0,16.0,17.71,False,0.5872,18.52,False,1.423988,3.496274,42.6947,10,1.390019,3.339418,42.8941,9,1.49035,3.802997,42.3295,10,1.4935,3.816974,42.3136,10,cf5f442ace33034ea8b0789ff90d35f3e7cefde91bb061d05077113ee490f409,rd=3 psy-rd=2.00 early-skip rskip mode=1 signhide tmvp b-intra strong-intra-smoothing deblock sao
tools,4,3337779491,mt19937,256,256,10,yuv420p,IPB,cqp,32,no-cutree,frame-threads=1:pools=4:log-level=info:keyint=250:min-keyint=25:bframes=4:b-adapt=2:scenecut=0:qp=32:cutree=0,983040,448036,,0.45576578776041665,,8914.54,32.9,1,2,7,29.0,32.0,33.71,False,0.6429,16.9,False,8.510286,117.430823,27.433,56,8.702065,122.912608,27.2348,56,8.132214,106.79729,27.8452,51,8.121246,106.137213,27.8721,48,cf5f442ace33034ea8b0789ff90d35f3e7cefde91bb061d05077113ee490f409,rd=3 psy-rd=2.00 early-skip rskip mode=1 signhide tmvp b-intra strong-intra-smoothing deblock sao
tools,4,3337779491,mt19937,256,256,10,yuv420p,IPB,lossless,,no-open-gop,frame-threads=1:pools=4:log-level=info:keyint=250:min-keyint=25:bframes=4:b-adapt=2:scenecut=0:lossless=1:open-gop=0,983040,1307509,,1.330066935221354,,26104.02,4.0,1,2,7,4.0,4.0,4.0,True,0.5301,20.78,True,0.0,0.0,inf,0,0.0,0.0,inf,0,0.0,0.0,inf,0,0.0,0.0,inf,0,cf5f442ace33034ea8b0789ff90d35f3e7cefde91bb061d05077113ee490f409,rd=3 psy-rd=2.00 early-skip rskip mode=1 signhide tmvp b-intra strong-intra-smoothing deblock sao
tools,4,3337779491,mt19937,256,256,10,yuv420p,IPB,cqp,16,no-open-gop,frame-threads=1:pools=4:log-level=info:keyint=250:min-keyint=25:bframes=4:b-adapt=2:scenecut=0:qp=16:open-gop=0,983040,841239,,0.8557525634765625,,16778.54,16.9,1,2,7,13.0,16.0,17.71,False,0.5732,19.02,False,1.423988,3.496274,42.6947,10,1.390019,3.339418,42.8941,9,1.49035,3.802997,42.3295,10,1.4935,3.816974,42.3136,10,cf5f442ace33034ea8b0789ff90d35f3e7cefde91bb061d05077113ee490f409,rd=3 psy-rd=2.00 early-skip rskip mode=1 signhide tmvp b-intra strong-intra-smoothing deblock sao
tools,4,3337779491,mt19937,256,256,10,yuv420p,IPB,cqp,32,no-open-gop,frame-threads=1:pools=4:log-level=info:keyint=250:min-keyint=25:bframes=4:b-adapt=2:scenecut=0:qp=32:open-gop=0,983040,448039,,0.45576883951822916,,8914.54,32.9,1,2,7,29.0,32.0,33.71,False,0.6455,17.03,False,8.510286,117.430823,27.433,56,8.702065,122.912608,27.2348,56,8.132214,106.79729,27.8452,51,8.121246,106.137213,27.8721,48,cf5f442ace33034ea8b0789ff90d35f3e7cefde91bb061d05077113ee490f409,rd=3 psy-rd=2.00 early-skip rskip mode=1 signhide tmvp b-intra strong-intra-smoothing deblock sao
tools,0,3055860201,mt19937,256,256,10,yuv420p,IPB,lossless,,no-deblock-eff,frame-threads=1:pools=4:log-level=info:keyint=250:min-keyint=25:bframes=4:b-adapt=2:scenecut=0:lossless=1:no-deblock=1,983040,1306187,,1.3287221272786458,,26077.66,4.0,1,2,7,4.0,4.0,4.0,True,0.3807,29.97,True,0.0,0.0,inf,0,0.0,0.0,inf,0,0.0,0.0,inf,0,0.0,0.0,inf,0,9f8a8ddb530fdb0fcff66b4176a47c2ea0070438c3f7ba44dde03dec57acb467,rd=3 psy-rd=2.00 early-skip rskip mode=1 signhide tmvp b-intra strong-intra-smoothing sao
tools,0,3055860201,mt19937,256,256,10,yuv420p,IPB,cqp,16,no-deblock-eff,frame-threads=1:pools=4:log-level=info:keyint=250:min-keyint=25:bframes=4:b-adapt=2:scenecut=0:qp=16:no-deblock=1,983040,842420,,0.8569539388020834,,16802.24,16.9,1,2,7,13.0,16.0,17.71,False,0.431,26.05,False,1.388695,3.324271,42.9138,10,1.386288,3.31767,42.9225,9,1.394208,3.3435,42.8888,10,1.39281,3.331445,42.9045,9,9f8a8ddb530fdb0fcff66b4176a47c2ea0070438c3f7ba44dde03dec57acb467,rd=3 psy-rd=2.00 early-skip rskip mode=1 signhide tmvp b-intra strong-intra-smoothing sao
tools,0,3055860201,mt19937,256,256,10,yuv420p,IPB,cqp,32,no-deblock-eff,frame-threads=1:pools=4:log-level=info:keyint=250:min-keyint=25:bframes=4:b-adapt=2:scenecut=0:qp=32:no-deblock=1,983040,449918,,0.4576802571614583,,8952.2,32.9,1,2,7,29.0,32.0,33.71,False,0.462,23.96,False,8.387902,114.287568,27.5508,61,8.655807,121.646149,27.2798,61,7.859814,99.77699,28.1405,47,7.844366,99.363824,28.1585,51,9f8a8ddb530fdb0fcff66b4176a47c2ea0070438c3f7ba44dde03dec57acb467,rd=3 psy-rd=2.00 early-skip rskip mode=1 signhide tmvp b-intra strong-intra-smoothing sao
tools,0,3055860201,mt19937,256,256,10,yuv420p,IPB,lossless,,amp-rd5,frame-threads=1:pools=4:log-level=info:keyint=250:min-keyint=25:bframes=4:b-adapt=2:scenecut=0:lossless=1:amp=1:rd=5,983040,1300236,,1.32266845703125,,25958.62,4.0,1,2,7,4.0,4.0,4.0,True,0.7014,15.27,True,0.0,0.0,inf,0,0.0,0.0,inf,0,0.0,0.0,inf,0,0.0,0.0,inf,0,9f8a8ddb530fdb0fcff66b4176a47c2ea0070438c3f7ba44dde03dec57acb467,rd=5 psy-rd=2.00 early-skip rskip mode=1 signhide tmvp b-intra strong-intra-smoothing deblock sao
tools,0,3055860201,mt19937,256,256,10,yuv420p,IPB,cqp,16,amp-rd5,frame-threads=1:pools=4:log-level=info:keyint=250:min-keyint=25:bframes=4:b-adapt=2:scenecut=0:qp=16:amp=1:rd=5,983040,859811,,0.8746449788411458,,17150.04,16.9,1,2,7,13.0,16.0,17.71,False,0.8568,12.37,False,1.230139,2.673608,43.8598,10,1.109659,2.16727,44.7717,7,1.47345,3.692224,42.4579,9,1.46875,3.680347,42.4719,10,9f8a8ddb530fdb0fcff66b4176a47c2ea0070438c3f7ba44dde03dec57acb467,rd=5 psy-rd=2.00 early-skip rskip mode=1 signhide tmvp b-intra strong-intra-smoothing deblock sao
tools,0,3055860201,mt19937,256,256,10,yuv420p,IPB,cqp,32,amp-rd5,frame-threads=1:pools=4:log-level=info:keyint=250:min-keyint=25:bframes=4:b-adapt=2:scenecut=0:qp=32:amp=1:rd=5,983040,468940,,0.4770304361979167,,9332.62,32.9,1,2,7,29.0,32.0,33.71,False,0.8706,12.12,False,7.681193,95.411511,28.3348,53,7.534711,91.916019,28.4969,47,7.973425,102.370984,28.029,49,7.97489,102.434009,28.0264,53,9f8a8ddb530fdb0fcff66b4176a47c2ea0070438c3f7ba44dde03dec57acb467,rd=5 psy-rd=2.00 early-skip rskip mode=1 signhide tmvp b-intra strong-intra-smoothing deblock sao
tools,0,3055860201,mt19937,256,256,10,yuv420p,IPB,lossless,,rd5-only-check,frame-threads=1:pools=4:log-level=info:keyint=250:min-keyint=25:bframes=4:b-adapt=2:scenecut=0:lossless=1:rd=5:amp=0,983040,1300236,,1.32266845703125,,25958.62,4.0,1,2,7,4.0,4.0,4.0,True,0.7016,15.26,True,0.0,0.0,inf,0,0.0,0.0,inf,0,0.0,0.0,inf,0,0.0,0.0,inf,0,9f8a8ddb530fdb0fcff66b4176a47c2ea0070438c3f7ba44dde03dec57acb467,rd=5 psy-rd=2.00 early-skip rskip mode=1 signhide tmvp b-intra strong-intra-smoothing deblock sao
tools,0,3055860201,mt19937,256,256,10,yuv420p,IPB,cqp,16,rd5-only-check,frame-threads=1:pools=4:log-level=info:keyint=250:min-keyint=25:bframes=4:b-adapt=2:scenecut=0:qp=16:rd=5:amp=0,983040,859811,,0.8746449788411458,,17150.04,16.9,1,2,7,13.0,16.0,17.71,False,0.8266,12.83,False,1.230139,2.673608,43.8598,10,1.109659,2.16727,44.7717,7,1.47345,3.692224,42.4579,9,1.46875,3.680347,42.4719,10,9f8a8ddb530fdb0fcff66b4176a47c2ea0070438c3f7ba44dde03dec57acb467,rd=5 psy-rd=2.00 early-skip rskip mode=1 signhide tmvp b-intra strong-intra-smoothing deblock sao
tools,0,3055860201,mt19937,256,256,10,yuv420p,IPB,cqp,32,rd5-only-check,frame-threads=1:pools=4:log-level=info:keyint=250:min-keyint=25:bframes=4:b-adapt=2:scenecut=0:qp=32:rd=5:amp=0,983040,468940,,0.4770304361979167,,9332.62,32.9,1,2,7,29.0,32.0,33.71,False,0.8559,12.35,False,7.681193,95.411511,28.3348,53,7.534711,91.916019,28.4969,47,7.973425,102.370984,28.029,49,7.97489,102.434009,28.0264,53,9f8a8ddb530fdb0fcff66b4176a47c2ea0070438c3f7ba44dde03dec57acb467,rd=5 psy-rd=2.00 early-skip rskip mode=1 signhide tmvp b-intra strong-intra-smoothing deblock sao
tools,1,2575914683,mt19937,256,256,10,yuv420p,IPB,lossless,,no-deblock-eff,frame-threads=1:pools=4:log-level=info:keyint=250:min-keyint=25:bframes=4:b-adapt=2:scenecut=0:lossless=1:no-deblock=1,983040,1307373,,1.3299285888671875,,26101.38,4.0,1,2,7,4.0,4.0,4.0,True,0.3612,31.69,True,0.0,0.0,inf,0,0.0,0.0,inf,0,0.0,0.0,inf,0,0.0,0.0,inf,0,68dcb9fa14494a9271834e137409446fb558a4841395436b2e5e04b5d4b80895,rd=3 psy-rd=2.00 early-skip rskip mode=1 signhide tmvp b-intra strong-intra-smoothing sao
tools,1,2575914683,mt19937,256,256,10,yuv420p,IPB,cqp,16,no-deblock-eff,frame-threads=1:pools=4:log-level=info:keyint=250:min-keyint=25:bframes=4:b-adapt=2:scenecut=0:qp=16:no-deblock=1,983040,840695,,0.8551991780598959,,16767.74,16.9,1,2,7,13.0,16.0,17.71,False,0.4313,25.99,False,1.393003,3.345349,42.8864,10,1.390318,3.33838,42.8954,10,1.397589,3.358685,42.8691,9,1.399158,3.359888,42.8676,9,68dcb9fa14494a9271834e137409446fb558a4841395436b2e5e04b5d4b80895,rd=3 psy-rd=2.00 early-skip rskip mode=1 signhide tmvp b-intra strong-intra-smoothing sao
tools,1,2575914683,mt19937,256,256,10,yuv420p,IPB,cqp,32,no-deblock-eff,frame-threads=1:pools=4:log-level=info:keyint=250:min-keyint=25:bframes=4:b-adapt=2:scenecut=0:qp=32:no-deblock=1,983040,448498,,0.45623575846354164,,8923.8,32.9,1,2,7,29.0,32.0,33.71,False,0.4566,24.34,False,8.410423,114.978455,27.5246,60,8.692545,122.70372,27.2422,60,7.838501,99.529675,28.1513,50,7.853857,99.526172,28.1514,48,68dcb9fa14494a9271834e137409446fb558a4841395436b2e5e04b5d4b80895,rd=3 psy-rd=2.00 early-skip rskip mode=1 signhide tmvp b-intra strong-intra-smoothing sao
tools,1,2575914683,mt19937,256,256,10,yuv420p,IPB,lossless,,amp-rd5,frame-threads=1:pools=4:log-level=info:keyint=250:min-keyint=25:bframes=4:b-adapt=2:scenecut=0:lossless=1:amp=1:rd=5,983040,1298190,,1.320587158203125,,25917.7,4.0,1,2,7,4.0,4.0,4.0,True,0.7147,14.95,True,0.0,0.0,inf,0,0.0,0.0,inf,0,0.0,0.0,inf,0,0.0,0.0,inf,0,68dcb9fa14494a9271834e137409446fb558a4841395436b2e5e04b5d4b80895,rd=5 psy-rd=2.00 early-skip rskip mode=1 signhide tmvp b-intra strong-intra-smoothing deblock sao
tools,1,2575914683,mt19937,256,256,10,yuv420p,IPB,cqp,16,amp-rd5,frame-threads=1:pools=4:log-level=info:keyint=250:min-keyint=25:bframes=4:b-adapt=2:scenecut=0:qp=16:amp=1:rd=5,983040,859281,,0.8741058349609375,,17139.44,16.9,1,2,7,13.0,16.0,17.71,False,0.8833,11.94,False,1.229878,2.674755,43.858,10,1.109334,2.166475,44.7733,9,1.469122,3.688397,42.4624,10,1.472809,3.694232,42.4556,9,68dcb9fa14494a9271834e137409446fb558a4841395436b2e5e04b5d4b80895,rd=5 psy-rd=2.00 early-skip rskip mode=1 signhide tmvp b-intra strong-intra-smoothing deblock sao
tools,1,2575914683,mt19937,256,256,10,yuv420p,IPB,cqp,32,amp-rd5,frame-threads=1:pools=4:log-level=info:keyint=250:min-keyint=25:bframes=4:b-adapt=2:scenecut=0:qp=32:amp=1:rd=5,983040,468548,,0.4766316731770833,,9324.78,32.9,1,2,7,29.0,32.0,33.71,False,0.8806,11.98,False,7.691647,95.548398,28.3286,51,7.554184,92.241458,28.4815,51,7.960785,102.061688,28.0422,47,7.972363,102.262866,28.0336,51,68dcb9fa14494a9271834e137409446fb558a4841395436b2e5e04b5d4b80895,rd=5 psy-rd=2.00 early-skip rskip mode=1 signhide tmvp b-intra strong-intra-smoothing deblock sao
tools,1,2575914683,mt19937,256,256,10,yuv420p,IPB,lossless,,rd5-only-check,frame-threads=1:pools=4:log-level=info:keyint=250:min-keyint=25:bframes=4:b-adapt=2:scenecut=0:lossless=1:rd=5:amp=0,983040,1298190,,1.320587158203125,,25917.7,4.0,1,2,7,4.0,4.0,4.0,True,0.6746,15.92,True,0.0,0.0,inf,0,0.0,0.0,inf,0,0.0,0.0,inf,0,0.0,0.0,inf,0,68dcb9fa14494a9271834e137409446fb558a4841395436b2e5e04b5d4b80895,rd=5 psy-rd=2.00 early-skip rskip mode=1 signhide tmvp b-intra strong-intra-smoothing deblock sao
tools,1,2575914683,mt19937,256,256,10,yuv420p,IPB,cqp,16,rd5-only-check,frame-threads=1:pools=4:log-level=info:keyint=250:min-keyint=25:bframes=4:b-adapt=2:scenecut=0:qp=16:rd=5:amp=0,983040,859281,,0.8741058349609375,,17139.44,16.9,1,2,7,13.0,16.0,17.71,False,0.8412,12.58,False,1.229878,2.674755,43.858,10,1.109334,2.166475,44.7733,9,1.469122,3.688397,42.4624,10,1.472809,3.694232,42.4556,9,68dcb9fa14494a9271834e137409446fb558a4841395436b2e5e04b5d4b80895,rd=5 psy-rd=2.00 early-skip rskip mode=1 signhide tmvp b-intra strong-intra-smoothing deblock sao
tools,1,2575914683,mt19937,256,256,10,yuv420p,IPB,cqp,32,rd5-only-check,frame-threads=1:pools=4:log-level=info:keyint=250:min-keyint=25:bframes=4:b-adapt=2:scenecut=0:qp=32:rd=5:amp=0,983040,468548,,0.4766316731770833,,9324.78,32.9,1,2,7,29.0,32.0,33.71,False,0.8784,12.01,False,7.691647,95.548398,28.3286,51,7.554184,92.241458,28.4815,51,7.960785,102.061688,28.0422,47,7.972363,102.262866,28.0336,51,68dcb9fa14494a9271834e137409446fb558a4841395436b2e5e04b5d4b80895,rd=5 psy-rd=2.00 early-skip rskip mode=1 signhide tmvp b-intra strong-intra-smoothing deblock sao
tools,2,2195308052,mt19937,256,256,10,yuv420p,IPB,lossless,,no-deblock-eff,frame-threads=1:pools=4:log-level=info:keyint=250:min-keyint=25:bframes=4:b-adapt=2:scenecut=0:lossless=1:no-deblock=1,983040,1307635,,1.3301951090494792,,26106.62,4.0,1,2,7,4.0,4.0,4.0,True,0.3686,30.96,True,0.0,0.0,inf,0,0.0,0.0,inf,0,0.0,0.0,inf,0,0.0,0.0,inf,0,cd37522dfe6d4cbdc52abbc102d5e9c8d8a7c397fc32cfee7b9d6a4d6a3abedb,rd=3 psy-rd=2.00 early-skip rskip mode=1 signhide tmvp b-intra strong-intra-smoothing sao
tools,2,2195308052,mt19937,256,256,10,yuv420p,IPB,cqp,16,no-deblock-eff,frame-threads=1:pools=4:log-level=info:keyint=250:min-keyint=25:bframes=4:b-adapt=2:scenecut=0:qp=16:no-deblock=1,983040,843123,,0.8576690673828125,,16816.3,16.9,1,2,7,13.0,16.0,17.71,False,0.4176,26.93,False,1.389484,3.328817,42.9079,10,1.387006,3.322287,42.9164,10,1.39093,3.328589,42.9082,8,1.397949,3.355164,42.8737,9,cd37522dfe6d4cbdc52abbc102d5e9c8d8a7c397fc32cfee7b9d6a4d6a3abedb,rd=3 psy-rd=2.00 early-skip rskip mode=1 signhide tmvp b-intra strong-intra-smoothing sao
tools,2,2195308052,mt19937,256,256,10,yuv420p,IPB,cqp,32,no-deblock-eff,frame-threads=1:pools=4:log-level=info:keyint=250:min-keyint=25:bframes=4:b-adapt=2:scenecut=0:qp=32:no-deblock=1,983040,449178,,0.456927490234375,,8937.4,32.9,1,2,7,29.0,32.0,33.71,False,0.466,23.92,False,8.423766,115.265587,27.5138,58,8.69127,122.667372,27.2435,58,7.880939,100.402228,28.1134,47,7.896576,100.521808,28.1082,55,cd37522dfe6d4cbdc52abbc102d5e9c8d8a7c397fc32cfee7b9d6a4d6a3abedb,rd=3 psy-rd=2.00 early-skip rskip mode=1 signhide tmvp b-intra strong-intra-smoothing sao
tools,2,2195308052,mt19937,256,256,10,yuv420p,IPB,lossless,,amp-rd5,frame-threads=1:pools=4:log-level=info:keyint=250:min-keyint=25:bframes=4:b-adapt=2:scenecut=0:lossless=1:amp=1:rd=5,983040,1302037,,1.324500528971354,,25994.64,4.0,1,2,7,4.0,4.0,4.0,True,0.6943,15.43,True,0.0,0.0,inf,0,0.0,0.0,inf,0,0.0,0.0,inf,0,0.0,0.0,inf,0,cd37522dfe6d4cbdc52abbc102d5e9c8d8a7c397fc32cfee7b9d6a4d6a3abedb,rd=5 psy-rd=2.00 early-skip rskip mode=1 signhide tmvp b-intra strong-intra-smoothing deblock sao
tools,2,2195308052,mt19937,256,256,10,yuv420p,IPB,cqp,16,amp-rd5,frame-threads=1:pools=4:log-level=info:keyint=250:min-keyint=25:bframes=4:b-adapt=2:scenecut=0:qp=16:amp=1:rd=5,983040,859317,,0.8741424560546875,,17140.16,16.9,1,2,7,13.0,16.0,17.71,False,0.87,12.14,False,1.229661,2.671735,43.8629,10,1.111177,2.171349,44.7635,7,1.465369,3.66709,42.4876,10,1.467889,3.677924,42.4748,9,cd37522dfe6d4cbdc52abbc102d5e9c8d8a7c397fc32cfee7b9d6a4d6a3abedb,rd=5 psy-rd=2.00 early-skip rskip mode=1 signhide tmvp b-intra strong-intra-smoothing deblock sao
tools,2,2195308052,mt19937,256,256,10,yuv420p,IPB,cqp,32,amp-rd5,frame-threads=1:pools=4:log-level=info:keyint=250:min-keyint=25:bframes=4:b-adapt=2:scenecut=0:qp=32:amp=1:rd=5,983040,468571,,0.47665506998697915,,9325.24,32.9,1,2,7,29.0,32.0,33.71,False,0.8696,12.14,False,7.687618,95.6909,28.3221,55,7.555568,92.618785,28.4638,55,7.949829,101.899719,28.0491,48,7.953607,101.770538,28.0546,51,cd37522dfe6d4cbdc52abbc102d5e9c8d8a7c397fc32cfee7b9d6a4d6a3abedb,rd=5 psy-rd=2.00 early-skip rskip mode=1 signhide tmvp b-intra strong-intra-smoothing deblock sao
tools,2,2195308052,mt19937,256,256,10,yuv420p,IPB,lossless,,rd5-only-check,frame-threads=1:pools=4:log-level=info:keyint=250:min-keyint=25:bframes=4:b-adapt=2:scenecut=0:lossless=1:rd=5:amp=0,983040,1302037,,1.324500528971354,,25994.64,4.0,1,2,7,4.0,4.0,4.0,True,0.7089,15.06,True,0.0,0.0,inf,0,0.0,0.0,inf,0,0.0,0.0,inf,0,0.0,0.0,inf,0,cd37522dfe6d4cbdc52abbc102d5e9c8d8a7c397fc32cfee7b9d6a4d6a3abedb,rd=5 psy-rd=2.00 early-skip rskip mode=1 signhide tmvp b-intra strong-intra-smoothing deblock sao
tools,2,2195308052,mt19937,256,256,10,yuv420p,IPB,cqp,16,rd5-only-check,frame-threads=1:pools=4:log-level=info:keyint=250:min-keyint=25:bframes=4:b-adapt=2:scenecut=0:qp=16:rd=5:amp=0,983040,859317,,0.8741424560546875,,17140.16,16.9,1,2,7,13.0,16.0,17.71,False,0.8423,12.57,False,1.229661,2.671735,43.8629,10,1.111177,2.171349,44.7635,7,1.465369,3.66709,42.4876,10,1.467889,3.677924,42.4748,9,cd37522dfe6d4cbdc52abbc102d5e9c8d8a7c397fc32cfee7b9d6a4d6a3abedb,rd=5 psy-rd=2.00 early-skip rskip mode=1 signhide tmvp b-intra strong-intra-smoothing deblock sao
tools,2,2195308052,mt19937,256,256,10,yuv420p,IPB,cqp,32,rd5-only-check,frame-threads=1:pools=4:log-level=info:keyint=250:min-keyint=25:bframes=4:b-adapt=2:scenecut=0:qp=32:rd=5:amp=0,983040,468571,,0.47665506998697915,,9325.24,32.9,1,2,7,29.0,32.0,33.71,False,0.8718,12.11,False,7.687618,95.6909,28.3221,55,7.555568,92.618785,28.4638,55,7.949829,101.899719,28.0491,48,7.953607,101.770538,28.0546,51,cd37522dfe6d4cbdc52abbc102d5e9c8d8a7c397fc32cfee7b9d6a4d6a3abedb,rd=5 psy-rd=2.00 early-skip rskip mode=1 signhide tmvp b-intra strong-intra-smoothing deblock sao
tools,3,3862846182,mt19937,256,256,10,yuv420p,IPB,lossless,,no-deblock-eff,frame-threads=1:pools=4:log-level=info:keyint=250:min-keyint=25:bframes=4:b-adapt=2:scenecut=0:lossless=1:no-deblock=1,983040,1307961,,1.3305267333984374,,26113.14,4.0,1,2,7,4.0,4.0,4.0,True,0.3974,28.52,True,0.0,0.0,inf,0,0.0,0.0,inf,0,0.0,0.0,inf,0,0.0,0.0,inf,0,d50a7e2b01f1e208e4c11c3590210ad87626c3d805dea3749741d898c22451c6,rd=3 psy-rd=2.00 early-skip rskip mode=1 signhide tmvp b-intra strong-intra-smoothing sao
tools,3,3862846182,mt19937,256,256,10,yuv420p,IPB,cqp,16,no-deblock-eff,frame-threads=1:pools=4:log-level=info:keyint=250:min-keyint=25:bframes=4:b-adapt=2:scenecut=0:qp=16:no-deblock=1,983040,839630,,0.8541158040364584,,16746.44,16.9,1,2,7,13.0,16.0,17.71,False,0.4354,25.7,False,1.400353,3.37732,42.8451,10,1.396223,3.364009,42.8622,10,1.408789,3.40365,42.8114,9,1.408435,3.404236,42.8106,9,d50a7e2b01f1e208e4c11c3590210ad87626c3d805dea3749741d898c22451c6,rd=3 psy-rd=2.00 early-skip rskip mode=1 signhide tmvp b-intra strong-intra-smoothing sao
tools,3,3862846182,mt19937,256,256,10,yuv420p,IPB,cqp,32,no-deblock-eff,frame-threads=1:pools=4:log-level=info:keyint=250:min-keyint=25:bframes=4:b-adapt=2:scenecut=0:qp=32:no-deblock=1,983040,449574,,0.457330322265625,,8945.32,32.9,1,2,7,29.0,32.0,33.71,False,0.4495,24.84,False,8.386833,114.300926,27.5503,57,8.65701,121.639093,27.2801,57,7.8487,99.611139,28.1477,55,7.844257,99.638043,28.1466,48,d50a7e2b01f1e208e4c11c3590210ad87626c3d805dea3749741d898c22451c6,rd=3 psy-rd=2.00 early-skip rskip mode=1 signhide tmvp b-intra strong-intra-smoothing sao
tools,3,3862846182,mt19937,256,256,10,yuv420p,IPB,lossless,,amp-rd5,frame-threads=1:pools=4:log-level=info:keyint=250:min-keyint=25:bframes=4:b-adapt=2:scenecut=0:lossless=1:amp=1:rd=5,983040,1297320,,1.3197021484375,,25900.3,4.0,1,2,7,4.0,4.0,4.0,True,0.685,15.65,True,0.0,0.0,inf,0,0.0,0.0,inf,0,0.0,0.0,inf,0,0.0,0.0,inf,0,d50a7e2b01f1e208e4c11c3590210ad87626c3d805dea3749741d898c22451c6,rd=5 psy-rd=2.00 early-skip rskip mode=1 signhide tmvp b-intra strong-intra-smoothing deblock sao
tools,3,3862846182,mt19937,256,256,10,yuv420p,IPB,cqp,16,amp-rd5,frame-threads=1:pools=4:log-level=info:keyint=250:min-keyint=25:bframes=4:b-adapt=2:scenecut=0:qp=16:amp=1:rd=5,983040,859403,,0.8742299397786458,,17141.88,16.9,1,2,7,13.0,16.0,17.71,False,0.8221,12.88,False,1.230312,2.674434,43.8585,11,1.11032,2.168462,44.7693,7,1.471234,3.688019,42.4629,9,1.46936,3.684741,42.4667,11,d50a7e2b01f1e208e4c11c3590210ad87626c3d805dea3749741d898c22451c6,rd=5 psy-rd=2.00 early-skip rskip mode=1 signhide tmvp b-intra strong-intra-smoothing deblock sao
tools,3,3862846182,mt19937,256,256,10,yuv420p,IPB,cqp,32,amp-rd5,frame-threads=1:pools=4:log-level=info:keyint=250:min-keyint=25:bframes=4:b-adapt=2:scenecut=0:qp=32:amp=1:rd=5,983040,469067,,0.47715962727864586,,9335.16,32.9,1,2,7,29.0,32.0,33.71,False,0.8896,11.84,False,7.685671,95.487811,28.3313,51,7.535991,91.919722,28.4967,51,7.993829,102.786017,28.0115,46,7.976233,102.461963,28.0252,48,d50a7e2b01f1e208e4c11c3590210ad87626c3d805dea3749741d898c22451c6,rd=5 psy-rd=2.00 early-skip rskip mode=1 signhide tmvp b-intra strong-intra-smoothing deblock sao
tools,3,3862846182,mt19937,256,256,10,yuv420p,IPB,lossless,,rd5-only-check,frame-threads=1:pools=4:log-level=info:keyint=250:min-keyint=25:bframes=4:b-adapt=2:scenecut=0:lossless=1:rd=5:amp=0,983040,1297320,,1.3197021484375,,25900.3,4.0,1,2,7,4.0,4.0,4.0,True,0.6775,15.82,True,0.0,0.0,inf,0,0.0,0.0,inf,0,0.0,0.0,inf,0,0.0,0.0,inf,0,d50a7e2b01f1e208e4c11c3590210ad87626c3d805dea3749741d898c22451c6,rd=5 psy-rd=2.00 early-skip rskip mode=1 signhide tmvp b-intra strong-intra-smoothing deblock sao
tools,3,3862846182,mt19937,256,256,10,yuv420p,IPB,cqp,16,rd5-only-check,frame-threads=1:pools=4:log-level=info:keyint=250:min-keyint=25:bframes=4:b-adapt=2:scenecut=0:qp=16:rd=5:amp=0,983040,859403,,0.8742299397786458,,17141.88,16.9,1,2,7,13.0,16.0,17.71,False,0.8267,12.83,False,1.230312,2.674434,43.8585,11,1.11032,2.168462,44.7693,7,1.471234,3.688019,42.4629,9,1.46936,3.684741,42.4667,11,d50a7e2b01f1e208e4c11c3590210ad87626c3d805dea3749741d898c22451c6,rd=5 psy-rd=2.00 early-skip rskip mode=1 signhide tmvp b-intra strong-intra-smoothing deblock sao
tools,3,3862846182,mt19937,256,256,10,yuv420p,IPB,cqp,32,rd5-only-check,frame-threads=1:pools=4:log-level=info:keyint=250:min-keyint=25:bframes=4:b-adapt=2:scenecut=0:qp=32:rd=5:amp=0,983040,469067,,0.47715962727864586,,9335.16,32.9,1,2,7,29.0,32.0,33.71,False,0.8411,12.59,False,7.685671,95.487811,28.3313,51,7.535991,91.919722,28.4967,51,7.993829,102.786017,28.0115,46,7.976233,102.461963,28.0252,48,d50a7e2b01f1e208e4c11c3590210ad87626c3d805dea3749741d898c22451c6,rd=5 psy-rd=2.00 early-skip rskip mode=1 signhide tmvp b-intra strong-intra-smoothing deblock sao
tools,4,3482239551,mt19937,256,256,10,yuv420p,IPB,lossless,,no-deblock-eff,frame-threads=1:pools=4:log-level=info:keyint=250:min-keyint=25:bframes=4:b-adapt=2:scenecut=0:lossless=1:no-deblock=1,983040,1307062,,1.3296122233072916,,26095.16,4.0,1,2,7,4.0,4.0,4.0,True,0.3965,28.49,True,0.0,0.0,inf,0,0.0,0.0,inf,0,0.0,0.0,inf,0,0.0,0.0,inf,0,80728a2c350b29bfc6a669582b632803cff0ca63a37e6652906f27933c4c0fbf,rd=3 psy-rd=2.00 early-skip rskip mode=1 signhide tmvp b-intra strong-intra-smoothing sao
tools,4,3482239551,mt19937,256,256,10,yuv420p,IPB,cqp,16,no-deblock-eff,frame-threads=1:pools=4:log-level=info:keyint=250:min-keyint=25:bframes=4:b-adapt=2:scenecut=0:qp=16:no-deblock=1,983040,842362,,0.8568949381510417,,16801.08,16.9,1,2,7,13.0,16.0,17.71,False,0.4199,26.73,False,1.388512,3.324802,42.9131,9,1.386095,3.317982,42.9221,9,1.393256,3.334088,42.901,9,1.393439,3.342792,42.8897,9,80728a2c350b29bfc6a669582b632803cff0ca63a37e6652906f27933c4c0fbf,rd=3 psy-rd=2.00 early-skip rskip mode=1 signhide tmvp b-intra strong-intra-smoothing sao
tools,4,3482239551,mt19937,256,256,10,yuv420p,IPB,cqp,32,no-deblock-eff,frame-threads=1:pools=4:log-level=info:keyint=250:min-keyint=25:bframes=4:b-adapt=2:scenecut=0:qp=32:no-deblock=1,983040,447045,,0.4547576904296875,,8894.74,32.9,1,2,7,29.0,32.0,33.71,False,0.458,24.32,False,8.431914,115.388134,27.5092,61,8.699979,122.783871,27.2394,61,7.884247,100.284174,28.1185,48,7.907324,100.909143,28.0915,51,80728a2c350b29bfc6a669582b632803cff0ca63a37e6652906f27933c4c0fbf,rd=3 psy-rd=2.00 early-skip rskip mode=1 signhide tmvp b-intra strong-intra-smoothing sao
tools,4,3482239551,mt19937,256,256,10,yuv420p,IPB,lossless,,amp-rd5,frame-threads=1:pools=4:log-level=info:keyint=250:min-keyint=25:bframes=4:b-adapt=2:scenecut=0:lossless=1:amp=1:rd=5,983040,1301200,,1.3236490885416667,,25977.9,4.0,1,2,7,4.0,4.0,4.0,True,0.6777,15.82,True,0.0,0.0,inf,0,0.0,0.0,inf,0,0.0,0.0,inf,0,0.0,0.0,inf,0,80728a2c350b29bfc6a669582b632803cff0ca63a37e6652906f27933c4c0fbf,rd=5 psy-rd=2.00 early-skip rskip mode=1 signhide tmvp b-intra strong-intra-smoothing deblock sao
tools,4,3482239551,mt19937,256,256,10,yuv420p,IPB,cqp,16,amp-rd5,frame-threads=1:pools=4:log-level=info:keyint=250:min-keyint=25:bframes=4:b-adapt=2:scenecut=0:qp=16:amp=1:rd=5,983040,859268,,0.8740926106770833,,17139.18,16.9,1,2,7,13.0,16.0,17.71,False,0.845,12.56,False,1.228551,2.667547,43.8697,9,1.109627,2.165282,44.7757,7,1.465582,3.668134,42.4864,9,1.467218,3.676019,42.477,8,80728a2c350b29bfc6a669582b632803cff0ca63a37e6652906f27933c4c0fbf,rd=5 psy-rd=2.00 early-skip rskip mode=1 signhide tmvp b-intra strong-intra-smoothing deblock sao
tools,4,3482239551,mt19937,256,256,10,yuv420p,IPB,cqp,32,amp-rd5,frame-threads=1:pools=4:log-level=info:keyint=250:min-keyint=25:bframes=4:b-adapt=2:scenecut=0:qp=32:amp=1:rd=5,983040,469065,,0.4771575927734375,,9335.12,32.9,1,2,7,29.0,32.0,33.71,False,0.8849,11.91,False,7.663112,95.002755,28.3534,52,7.520358,91.591687,28.5122,51,7.939319,101.728833,28.0564,52,7.957922,101.920947,28.0482,49,80728a2c350b29bfc6a669582b632803cff0ca63a37e6652906f27933c4c0fbf,rd=5 psy-rd=2.00 early-skip rskip mode=1 signhide tmvp b-intra strong-intra-smoothing deblock sao
tools,4,3482239551,mt19937,256,256,10,yuv420p,IPB,lossless,,rd5-only-check,frame-threads=1:pools=4:log-level=info:keyint=250:min-keyint=25:bframes=4:b-adapt=2:scenecut=0:lossless=1:rd=5:amp=0,983040,1301200,,1.3236490885416667,,25977.9,4.0,1,2,7,4.0,4.0,4.0,True,0.6772,15.84,True,0.0,0.0,inf,0,0.0,0.0,inf,0,0.0,0.0,inf,0,0.0,0.0,inf,0,80728a2c350b29bfc6a669582b632803cff0ca63a37e6652906f27933c4c0fbf,rd=5 psy-rd=2.00 early-skip rskip mode=1 signhide tmvp b-intra strong-intra-smoothing deblock sao
tools,4,3482239551,mt19937,256,256,10,yuv420p,IPB,cqp,16,rd5-only-check,frame-threads=1:pools=4:log-level=info:keyint=250:min-keyint=25:bframes=4:b-adapt=2:scenecut=0:qp=16:rd=5:amp=0,983040,859268,,0.8740926106770833,,17139.18,16.9,1,2,7,13.0,16.0,17.71,False,0.8404,12.57,False,1.228551,2.667547,43.8697,9,1.109627,2.165282,44.7757,7,1.465582,3.668134,42.4864,9,1.467218,3.676019,42.477,8,80728a2c350b29bfc6a669582b632803cff0ca63a37e6652906f27933c4c0fbf,rd=5 psy-rd=2.00 early-skip rskip mode=1 signhide tmvp b-intra strong-intra-smoothing deblock sao
tools,4,3482239551,mt19937,256,256,10,yuv420p,IPB,cqp,32,rd5-only-check,frame-threads=1:pools=4:log-level=info:keyint=250:min-keyint=25:bframes=4:b-adapt=2:scenecut=0:qp=32:rd=5:amp=0,983040,469065,,0.4771575927734375,,9335.12,32.9,1,2,7,29.0,32.0,33.71,False,0.873,12.11,False,7.663112,95.002755,28.3534,52,7.520358,91.591687,28.5122,51,7.939319,101.728833,28.0564,52,7.957922,101.920947,28.0482,49,80728a2c350b29bfc6a669582b632803cff0ca63a37e6652906f27933c4c0fbf,rd=5 psy-rd=2.00 early-skip rskip mode=1 signhide tmvp b-intra strong-intra-smoothing deblock sao
tools,0,3165277618,mt19937,256,256,10,yuv420p,IPB,lossless,,rect1,frame-threads=1:pools=4:log-level=info:keyint=250:min-keyint=25:bframes=4:b-adapt=2:scenecut=0:lossless=1:rect=1,983040,1302745,,1.3252207438151042,,26008.86,4.0,1,2,7,4.0,4.0,4.0,True,0.5103,21.53,True,0.0,0.0,inf,0,0.0,0.0,inf,0,0.0,0.0,inf,0,0.0,0.0,inf,0,44448e09674acc2c96e89d07213175cca3e6c32a5fc2b28d5bb5d34958888f12,rect rd=3 psy-rd=2.00 early-skip rskip mode=1 signhide tmvp b-intra strong-intra-smoothing deblock sao
tools,0,3165277618,mt19937,256,256,10,yuv420p,IPB,cqp,16,rect1,frame-threads=1:pools=4:log-level=info:keyint=250:min-keyint=25:bframes=4:b-adapt=2:scenecut=0:qp=16:rect=1,983040,839464,,0.8539469401041667,,16743.16,16.9,1,2,7,13.0,16.0,17.71,False,0.5841,18.69,False,1.431209,3.525222,42.6589,9,1.398445,3.37177,42.8522,9,1.496295,3.839935,42.2876,9,1.49718,3.824316,42.3053,9,44448e09674acc2c96e89d07213175cca3e6c32a5fc2b28d5bb5d34958888f12,rect rd=3 psy-rd=2.00 early-skip rskip mode=1 signhide tmvp b-intra strong-intra-smoothing deblock sao
tools,0,3165277618,mt19937,256,256,10,yuv420p,IPB,cqp,32,rect1,frame-threads=1:pools=4:log-level=info:keyint=250:min-keyint=25:bframes=4:b-adapt=2:scenecut=0:qp=32:rect=1,983040,446402,,0.45410359700520836,,8881.92,32.9,1,2,7,29.0,32.0,33.71,False,0.6414,16.8,False,8.52602,117.881981,27.4163,58,8.730333,123.737065,27.2058,56,8.114966,106.251563,27.8675,58,8.119824,106.092065,27.874,50,44448e09674acc2c96e89d07213175cca3e6c32a5fc2b28d5bb5d34958888f12,rect rd=3 psy-rd=2.00 early-skip rskip mode=1 signhide tmvp b-intra strong-intra-smoothing deblock sao
tools,0,3165277618,mt19937,256,256,10,yuv420p,IPB,lossless,,amp-rect-rd5,frame-threads=1:pools=4:log-level=info:keyint=250:min-keyint=25:bframes=4:b-adapt=2:scenecut=0:lossless=1:rect=1:amp=1:rd=5,983040,1296246,,1.318609619140625,,25878.94,4.0,1,2,7,4.0,4.0,4.0,True,1.1509,9.05,True,0.0,0.0,inf,0,0.0,0.0,inf,0,0.0,0.0,inf,0,0.0,0.0,inf,0,44448e09674acc2c96e89d07213175cca3e6c32a5fc2b28d5bb5d34958888f12,rect amp rd=5 psy-rd=2.00 early-skip rskip mode=1 signhide tmvp b-intra strong-intra-smoothing deblock sao
tools,0,3165277618,mt19937,256,256,10,yuv420p,IPB,cqp,16,amp-rect-rd5,frame-threads=1:pools=4:log-level=info:keyint=250:min-keyint=25:bframes=4:b-adapt=2:scenecut=0:qp=16:rect=1:amp=1:rd=5,983040,859860,,0.87469482421875,,17151.14,16.9,1,2,7,13.0,16.0,17.71,False,1.306,7.93,False,1.230412,2.675175,43.8573,10,1.110394,2.170941,44.7643,8,1.469312,3.677954,42.4747,9,1.471582,3.689331,42.4613,10,44448e09674acc2c96e89d07213175cca3e6c32a5fc2b28d5bb5d34958888f12,rect amp rd=5 psy-rd=2.00 early-skip rskip mode=1 signhide tmvp b-intra strong-intra-smoothing deblock sao
tools,0,3165277618,mt19937,256,256,10,yuv420p,IPB,cqp,32,amp-rect-rd5,frame-threads=1:pools=4:log-level=info:keyint=250:min-keyint=25:bframes=4:b-adapt=2:scenecut=0:qp=32:rect=1:amp=1:rd=5,983040,468004,,0.47607828776041666,,9314.02,32.9,1,2,7,29.0,32.0,33.71,False,1.3656,7.57,False,7.71212,96.300273,28.2945,54,7.592285,93.549939,28.4204,54,7.956262,101.85011,28.0512,47,7.947314,101.75177,28.0554,47,44448e09674acc2c96e89d07213175cca3e6c32a5fc2b28d5bb5d34958888f12,rect amp rd=5 psy-rd=2.00 early-skip rskip mode=1 signhide tmvp b-intra strong-intra-smoothing deblock sao
tools,1,537848452,mt19937,256,256,10,yuv420p,IPB,lossless,,rect1,frame-threads=1:pools=4:log-level=info:keyint=250:min-keyint=25:bframes=4:b-adapt=2:scenecut=0:lossless=1:rect=1,983040,1306617,,1.3291595458984375,,26086.3,4.0,1,2,7,4.0,4.0,4.0,True,0.5284,20.69,True,0.0,0.0,inf,0,0.0,0.0,inf,0,0.0,0.0,inf,0,0.0,0.0,inf,0,a432a3e48fd061e5677d6815b03383b7e894da7cd7bbed1d933ff7739330c3ec,rect rd=3 psy-rd=2.00 early-skip rskip mode=1 signhide tmvp b-intra strong-intra-smoothing deblock sao
tools,1,537848452,mt19937,256,256,10,yuv420p,IPB,cqp,16,rect1,frame-threads=1:pools=4:log-level=info:keyint=250:min-keyint=25:bframes=4:b-adapt=2:scenecut=0:qp=16:rect=1,983040,840132,,0.85462646484375,,16756.52,16.9,1,2,7,13.0,16.0,17.71,False,0.5743,18.94,False,1.428169,3.514409,42.6723,10,1.392914,3.353973,42.8752,9,1.500378,3.842102,42.2851,9,1.496979,3.828461,42.3006,10,a432a3e48fd061e5677d6815b03383b7e894da7cd7bbed1d933ff7739330c3ec,rect rd=3 psy-rd=2.00 early-skip rskip mode=1 signhide tmvp b-intra strong-intra-smoothing deblock sao
tools,1,537848452,mt19937,256,256,10,yuv420p,IPB,cqp,32,rect1,frame-threads=1:pools=4:log-level=info:keyint=250:min-keyint=25:bframes=4:b-adapt=2:scenecut=0:qp=32:rect=1,983040,445541,,0.45322774251302084,,8864.7,32.9,1,2,7,29.0,32.0,33.71,False,0.6176,17.5,False,8.543063,118.353199,27.399,59,8.736795,123.986807,27.197,59,8.138434,106.625909,27.8522,50,8.172766,107.546057,27.8149,55,a432a3e48fd061e5677d6815b03383b7e894da7cd7bbed1d933ff7739330c3ec,rect rd=3 psy-rd=2.00 early-skip rskip mode=1 signhide tmvp b-intra strong-intra-smoothing deblock sao
tools,1,537848452,mt19937,256,256,10,yuv420p,IPB,lossless,,amp-rect-rd5,frame-threads=1:pools=4:log-level=info:keyint=250:min-keyint=25:bframes=4:b-adapt=2:scenecut=0:lossless=1:rect=1:amp=1:rd=5,983040,1298911,,1.3213205973307292,,25932.24,4.0,1,2,7,4.0,4.0,4.0,True,1.1273,9.25,True,0.0,0.0,inf,0,0.0,0.0,inf,0,0.0,0.0,inf,0,0.0,0.0,inf,0,a432a3e48fd061e5677d6815b03383b7e894da7cd7bbed1d933ff7739330c3ec,rect amp rd=5 psy-rd=2.00 early-skip rskip mode=1 signhide tmvp b-intra strong-intra-smoothing deblock sao
tools,1,537848452,mt19937,256,256,10,yuv420p,IPB,cqp,16,amp-rect-rd5,frame-threads=1:pools=4:log-level=info:keyint=250:min-keyint=25:bframes=4:b-adapt=2:scenecut=0:qp=16:rect=1:amp=1:rd=5,983040,859666,,0.8744974772135417,,17147.26,16.9,1,2,7,13.0,16.0,17.71,False,1.3063,7.94,False,1.230101,2.674443,43.8585,10,1.110141,2.169604,44.767,7,1.470538,3.685748,42.4655,9,1.469501,3.682489,42.4694,10,a432a3e48fd061e5677d6815b03383b7e894da7cd7bbed1d933ff7739330c3ec,rect amp rd=5 psy-rd=2.00 early-skip rskip mode=1 signhide tmvp b-intra strong-intra-smoothing deblock sao
tools,1,537848452,mt19937,256,256,10,yuv420p,IPB,cqp,32,amp-rect-rd5,frame-threads=1:pools=4:log-level=info:keyint=250:min-keyint=25:bframes=4:b-adapt=2:scenecut=0:qp=32:rect=1:amp=1:rd=5,983040,469210,,0.4773050944010417,,9338.14,32.9,1,2,7,29.0,32.0,33.71,False,1.3723,7.54,False,7.687106,95.659529,28.3235,50,7.546855,92.351143,28.4764,50,7.975269,102.28678,28.0326,47,7.959949,102.26582,28.0335,46,a432a3e48fd061e5677d6815b03383b7e894da7cd7bbed1d933ff7739330c3ec,rect amp rd=5 psy-rd=2.00 early-skip rskip mode=1 signhide tmvp b-intra strong-intra-smoothing deblock sao
tools,2,157241821,mt19937,256,256,10,yuv420p,IPB,lossless,,rect1,frame-threads=1:pools=4:log-level=info:keyint=250:min-keyint=25:bframes=4:b-adapt=2:scenecut=0:lossless=1:rect=1,983040,1304512,,1.3270182291666666,,26044.2,4.0,1,2,7,4.0,4.0,4.0,True,0.5255,20.78,True,0.0,0.0,inf,0,0.0,0.0,inf,0,0.0,0.0,inf,0,0.0,0.0,inf,0,45adf97ad2df459beee244e7406e96b041e87b793787e83228d53487ed652b28,rect rd=3 psy-rd=2.00 early-skip rskip mode=1 signhide tmvp b-intra strong-intra-smoothing deblock sao
tools,2,157241821,mt19937,256,256,10,yuv420p,IPB,cqp,16,rect1,frame-threads=1:pools=4:log-level=info:keyint=250:min-keyint=25:bframes=4:b-adapt=2:scenecut=0:qp=16:rect=1,983040,841100,,0.8556111653645834,,16775.88,16.9,1,2,7,13.0,16.0,17.71,False,0.5701,19.1,False,1.425538,3.50065,42.6893,9,1.394388,3.355103,42.8737,9,1.485925,3.780334,42.3555,9,1.489752,3.803156,42.3294,9,45adf97ad2df459beee244e7406e96b041e87b793787e83228d53487ed652b28,rect rd=3 psy-rd=2.00 early-skip rskip mode=1 signhide tmvp b-intra strong-intra-smoothing deblock sao
tools,2,157241821,mt19937,256,256,10,yuv420p,IPB,cqp,32,rect1,frame-threads=1:pools=4:log-level=info:keyint=250:min-keyint=25:bframes=4:b-adapt=2:scenecut=0:qp=32:rect=1,983040,449588,,0.4573445638020833,,8945.64,32.9,1,2,7,29.0,32.0,33.71,False,0.6111,17.68,False,8.483714,116.873716,27.4536,56,8.682124,122.48687,27.2499,56,8.094556,105.725854,27.889,50,8.07923,105.568964,27.8954,54,45adf97ad2df459beee244e7406e96b041e87b793787e83228d53487ed652b28,rect rd=3 psy-rd=2.00 early-skip rskip mode=1 signhide tmvp b-intra strong-intra-smoothing deblock sao
tools,2,157241821,mt19937,256,256,10,yuv420p,IPB,lossless,,amp-rect-rd5,frame-threads=1:pools=4:log-level=info:keyint=250:min-keyint=25:bframes=4:b-adapt=2:scenecut=0:lossless=1:rect=1:amp=1:rd=5,983040,1295530,,1.3178812662760417,,25864.62,4.0,1,2,7,4.0,4.0,4.0,True,1.1225,9.29,True,0.0,0.0,inf,0,0.0,0.0,inf,0,0.0,0.0,inf,0,0.0,0.0,inf,0,45adf97ad2df459beee244e7406e96b041e87b793787e83228d53487ed652b28,rect amp rd=5 psy-rd=2.00 early-skip rskip mode=1 signhide tmvp b-intra strong-intra-smoothing deblock sao
tools,2,157241821,mt19937,256,256,10,yuv420p,IPB,cqp,16,amp-rect-rd5,frame-threads=1:pools=4:log-level=info:keyint=250:min-keyint=25:bframes=4:b-adapt=2:scenecut=0:qp=16:rect=1:amp=1:rd=5,983040,859655,,0.8744862874348959,,17147.04,16.9,1,2,7,13.0,16.0,17.71,False,1.2991,7.98,False,1.228239,2.667424,43.8699,10,1.109557,2.167223,44.7718,8,1.466156,3.668719,42.4857,9,1.465051,3.666931,42.4878,10,45adf97ad2df459beee244e7406e96b041e87b793787e83228d53487ed652b28,rect amp rd=5 psy-rd=2.00 early-skip rskip mode=1 signhide tmvp b-intra strong-intra-smoothing deblock sao
tools,2,157241821,mt19937,256,256,10,yuv420p,IPB,cqp,32,amp-rect-rd5,frame-threads=1:pools=4:log-level=info:keyint=250:min-keyint=25:bframes=4:b-adapt=2:scenecut=0:qp=32:rect=1:amp=1:rd=5,983040,469141,,0.47723490397135415,,9336.76,32.9,1,2,7,29.0,32.0,33.71,False,1.3199,7.85,False,7.686862,95.632394,28.3248,48,7.557077,92.564383,28.4664,48,7.936206,101.600476,28.0618,48,7.956659,101.936359,28.0475,47,45adf97ad2df459beee244e7406e96b041e87b793787e83228d53487ed652b28,rect amp rd=5 psy-rd=2.00 early-skip rskip mode=1 signhide tmvp b-intra strong-intra-smoothing deblock sao
tools,3,4071602486,mt19937,256,256,10,yuv420p,IPB,lossless,,rect1,frame-threads=1:pools=4:log-level=info:keyint=250:min-keyint=25:bframes=4:b-adapt=2:scenecut=0:lossless=1:rect=1,983040,1304657,,1.3271657307942708,,26047.1,4.0,1,2,7,4.0,4.0,4.0,True,0.5043,21.78,True,0.0,0.0,inf,0,0.0,0.0,inf,0,0.0,0.0,inf,0,0.0,0.0,inf,0,e11ae88657fa57f7038fc9c7b9103d4d721726d4271420700e5d68be5e0c30f0,rect rd=3 psy-rd=2.00 early-skip rskip mode=1 signhide tmvp b-intra strong-intra-smoothing deblock sao
tools,3,4071602486,mt19937,256,256,10,yuv420p,IPB,cqp,16,rect1,frame-threads=1:pools=4:log-level=info:keyint=250:min-keyint=25:bframes=4:b-adapt=2:scenecut=0:qp=16:rect=1,983040,846361,,0.8609629313151042,,16881.1,16.9,1,2,7,13.0,16.0,17.71,False,0.5504,19.83,False,1.415775,3.453175,42.7486,9,1.385887,3.321373,42.9176,9,1.475873,3.712921,42.4336,9,1.475226,3.720636,42.4246,9,e11ae88657fa57f7038fc9c7b9103d4d721726d4271420700e5d68be5e0c30f0,rect rd=3 psy-rd=2.00 early-skip rskip mode=1 signhide tmvp b-intra strong-intra-smoothing deblock sao
tools,3,4071602486,mt19937,256,256,10,yuv420p,IPB,cqp,32,rect1,frame-threads=1:pools=4:log-level=info:keyint=250:min-keyint=25:bframes=4:b-adapt=2:scenecut=0:qp=32:rect=1,983040,449766,,0.457525634765625,,8949.2,32.9,1,2,7,29.0,32.0,33.71,False,0.6225,17.35,False,8.480009,116.75494,27.4581,64,8.670177,122.256889,27.2581,64,8.118896,106.378967,27.8622,54,8.08045,105.123114,27.9138,45,e11ae88657fa57f7038fc9c7b9103d4d721726d4271420700e5d68be5e0c30f0,rect rd=3 psy-rd=2.00 early-skip rskip mode=1 signhide tmvp b-intra strong-intra-smoothing deblock sao
tools,3,4071602486,mt19937,256,256,10,yuv420p,IPB,lossless,,amp-rect-rd5,frame-threads=1:pools=4:log-level=info:keyint=250:min-keyint=25:bframes=4:b-adapt=2:scenecut=0:lossless=1:rect=1:amp=1:rd=5,983040,1300876,,1.3233194986979167,,25971.54,4.0,1,2,7,4.0,4.0,4.0,True,1.1161,9.35,True,0.0,0.0,inf,0,0.0,0.0,inf,0,0.0,0.0,inf,0,0.0,0.0,inf,0,e11ae88657fa57f7038fc9c7b9103d4d721726d4271420700e5d68be5e0c30f0,rect amp rd=5 psy-rd=2.00 early-skip rskip mode=1 signhide tmvp b-intra strong-intra-smoothing deblock sao
tools,3,4071602486,mt19937,256,256,10,yuv420p,IPB,cqp,16,amp-rect-rd5,frame-threads=1:pools=4:log-level=info:keyint=250:min-keyint=25:bframes=4:b-adapt=2:scenecut=0:qp=16:rect=1:amp=1:rd=5,983040,859196,,0.8740193684895833,,17137.86,16.9,1,2,7,13.0,16.0,17.71,False,1.3158,7.88,False,1.229736,2.672847,43.8611,9,1.110974,2.173428,44.7594,7,1.467371,3.674475,42.4789,9,1.467151,3.668896,42.4854,8,e11ae88657fa57f7038fc9c7b9103d4d721726d4271420700e5d68be5e0c30f0,rect amp rd=5 psy-rd=2.00 early-skip rskip mode=1 signhide tmvp b-intra strong-intra-smoothing deblock sao
tools,3,4071602486,mt19937,256,256,10,yuv420p,IPB,cqp,32,amp-rect-rd5,frame-threads=1:pools=4:log-level=info:keyint=250:min-keyint=25:bframes=4:b-adapt=2:scenecut=0:qp=32:rect=1:amp=1:rd=5,983040,468395,,0.4764760335286458,,9321.84,32.9,1,2,7,29.0,32.0,33.71,False,1.318,7.86,False,7.701299,95.951033,28.3103,54,7.570764,92.912064,28.4501,54,7.96109,101.802582,28.0532,49,7.963647,102.255359,28.0339,48,e11ae88657fa57f7038fc9c7b9103d4d721726d4271420700e5d68be5e0c30f0,rect amp rd=5 psy-rd=2.00 early-skip rskip mode=1 signhide tmvp b-intra strong-intra-smoothing deblock sao
tools,4,3591656968,mt19937,256,256,10,yuv420p,IPB,lossless,,rect1,frame-threads=1:pools=4:log-level=info:keyint=250:min-keyint=25:bframes=4:b-adapt=2:scenecut=0:lossless=1:rect=1,983040,1307764,,1.3303263346354166,,26109.24,4.0,1,2,7,4.0,4.0,4.0,True,0.5339,20.51,True,0.0,0.0,inf,0,0.0,0.0,inf,0,0.0,0.0,inf,0,0.0,0.0,inf,0,4b9e325b6db123668833e4098d565be01ae0422872a5c7c47b458dcf9b953100,rect rd=3 psy-rd=2.00 early-skip rskip mode=1 signhide tmvp b-intra strong-intra-smoothing deblock sao
tools,4,3591656968,mt19937,256,256,10,yuv420p,IPB,cqp,16,rect1,frame-threads=1:pools=4:log-level=info:keyint=250:min-keyint=25:bframes=4:b-adapt=2:scenecut=0:qp=16:rect=1,983040,840615,,0.8551177978515625,,16766.18,16.9,1,2,7,13.0,16.0,17.71,False,0.572,19.0,False,1.425003,3.498341,42.6922,10,1.391142,3.344411,42.8876,9,1.493781,3.809198,42.3225,9,1.491669,3.803204,42.3293,10,4b9e325b6db123668833e4098d565be01ae0422872a5c7c47b458dcf9b953100,rect rd=3 psy-rd=2.00 early-skip rskip mode=1 signhide tmvp b-intra strong-intra-smoothing deblock sao
tools,4,3591656968,mt19937,256,256,10,yuv420p,IPB,cqp,32,rect1,frame-threads=1:pools=4:log-level=info:keyint=250:min-keyint=25:bframes=4:b-adapt=2:scenecut=0:qp=32:rect=1,983040,446310,,0.454010009765625,,8880.08,32.9,1,2,7,29.0,32.0,33.71,False,0.6484,16.61,False,8.52819,117.819834,27.4186,56,8.734186,123.723495,27.2063,56,8.131812,106.31333,27.8649,46,8.100586,105.711694,27.8896,55,4b9e325b6db123668833e4098d565be01ae0422872a5c7c47b458dcf9b953100,rect rd=3 psy-rd=2.00 early-skip rskip mode=1 signhide tmvp b-intra strong-intra-smoothing deblock sao
tools,4,3591656968,mt19937,256,256,10,yuv420p,IPB,lossless,,amp-rect-rd5,frame-threads=1:pools=4:log-level=info:keyint=250:min-keyint=25:bframes=4:b-adapt=2:scenecut=0:lossless=1:rect=1:amp=1:rd=5,983040,1291492,,1.3137736002604166,,25783.86,4.0,1,2,7,4.0,4.0,4.0,True,1.125,9.28,True,0.0,0.0,inf,0,0.0,0.0,inf,0,0.0,0.0,inf,0,0.0,0.0,inf,0,4b9e325b6db123668833e4098d565be01ae0422872a5c7c47b458dcf9b953100,rect amp rd=5 psy-rd=2.00 early-skip rskip mode=1 signhide tmvp b-intra strong-intra-smoothing deblock sao
tools,4,3591656968,mt19937,256,256,10,yuv420p,IPB,cqp,16,amp-rect-rd5,frame-threads=1:pools=4:log-level=info:keyint=250:min-keyint=25:bframes=4:b-adapt=2:scenecut=0:qp=16:rect=1:amp=1:rd=5,983040,858920,,0.8737386067708334,,17132.34,16.9,1,2,7,13.0,16.0,17.71,False,1.3018,7.96,False,1.230722,2.677796,43.853,9,1.111092,2.175499,44.7552,8,1.470905,3.681183,42.4709,9,1.469061,3.6836,42.4681,9,4b9e325b6db123668833e4098d565be01ae0422872a5c7c47b458dcf9b953100,rect amp rd=5 psy-rd=2.00 early-skip rskip mode=1 signhide tmvp b-intra strong-intra-smoothing deblock sao
tools,4,3591656968,mt19937,256,256,10,yuv420p,IPB,cqp,32,amp-rect-rd5,frame-threads=1:pools=4:log-level=info:keyint=250:min-keyint=25:bframes=4:b-adapt=2:scenecut=0:qp=32:rect=1:amp=1:rd=5,983040,468471,,0.4765533447265625,,9323.36,32.9,1,2,7,29.0,32.0,33.71,False,1.3431,7.71,False,7.691109,95.706272,28.3214,48,7.567105,92.766321,28.4569,48,7.916309,101.145618,28.0813,47,7.961926,102.026733,28.0437,48,4b9e325b6db123668833e4098d565be01ae0422872a5c7c47b458dcf9b953100,rect amp rd=5 psy-rd=2.00 early-skip rskip mode=1 signhide tmvp b-intra strong-intra-smoothing deblock sao
